Rating Agency,Company,Rating,Date,CIK,Binary Rating,SIC Code,Sector,Ticker,Current Ratio,Long-term Debt / Capital,Debt/Equity Ratio,Gross Margin,Operating Margin,EBIT Margin,EBITDA Margin,Pre-Tax Profit Margin,Net Profit Margin,Asset Turnover,ROE - Return On Equity,Return On Tangible Equity,ROA - Return On Assets,ROI - Return On Investment,Operating Cash Flow Per Share,Free Cash Flow Per Share
"Japan Credit Rating Agency,Ltd.",POSCO,AA-,2016-12-27,889132,1,3312.0,Manuf,PKX,1.4496,0.2218,0.5596,11.2287,4.1415,4.1415,9.6719,0.3106,0.2537,0.7237,-0.2134,-0.2488,-0.1196,-0.1661,10.6925,14.4425
Standard & Poor's Ratings Services,STMicroelectronics N.V.,BBB-,2016-12-02,932787,1,3674.0,BusEq,STM,2.8601,0.2403,0.3563,33.7385,2.269,2.269,13.3576,1.4317,1.7288,0.8223,2.5519,2.6987,1.4327,1.9387,0.3921,0.4316
Standard & Poor's Ratings Services,IDACORP Inc.,A,2016-12-02,1057877,1,4911.0,Utils,IDA,1.9068,0.4556,0.847,66.1914,22.2073,22.2073,33.4316,18.9118,15.3256,0.2109,9.4312,9.4312,3.2287,5.1347,-0.2351,-0.6212
Standard & Poor's Ratings Services,Teleflex Incorporated,BB,2016-12-02,96943,0,3841.0,Hlth,TFX,1.5115,0.2419,0.5267,52.1859,17.4555,17.4555,24.3813,13.5187,13.5307,0.4674,11.7751,-48.8532,6.1163,8.9262,0.0684,0.2438
Standard & Poor's Ratings Services,Colfax Corp.,BB+,2016-12-01,1420800,0,3540.0,Manuf,CFX,1.5505,0.3024,0.4353,31.2049,7.7342,7.7342,12.2341,6.3511,4.8842,0.5101,5.4337,-31.7774,2.6281,3.7905,-0.7118,-0.5829
Standard & Poor's Ratings Services,NIKE Inc.,AAA,2016-12-01,320187,1,3021.0,Manuf,NKE,2.8042,0.1398,0.1663,46.241,13.9054,13.9054,15.9501,14.2791,11.6135,1.5144,30.6739,31.7407,17.5874,26.3841,-0.6953,-0.8027
Standard & Poor's Ratings Services,Flex Ltd.,BBB-,2016-12-01,866374,1,3672.0,BusEq,FLEX,1.2652,0.5098,1.0649,6.5853,2.4047,2.4047,4.5152,1.862,1.8186,1.9717,17.0438,35.2526,3.5856,8.3554,0.6696,0.1951
Standard & Poor's Ratings Services,Plains All American Pipeline L.P.,BBB-,2016-11-30,1070423,1,5171.0,Shops,PAA,0.8714,0.5665,1.4327,8.5176,5.4509,5.4509,7.3169,4.3452,1.3174,1.0388,11.412,16.3715,4.065,4.947,-2.0016,-2.0791
Standard & Poor's Ratings Services,"Casa Systems, Inc.",BB-,2016-11-30,1333835,0,3576.0,BusEq,CASA,3.2302,0.0836,0.0945,70.7785,37.8312,37.8312,39.7211,37.3144,10.0209,0.9624,82.3704,82.3705,23.9921,75.4837,-1.2126,-1.4887
Standard & Poor's Ratings Services,"International Seaways, Inc.",BB-,2016-11-30,1679049,0,4412.0,Other,INSW,8.1941,0.2985,0.4301,59.2932,44.5856,44.5856,62.1664,34.8268,34.7987,0.2451,12.5142,12.5142,8.5308,8.7782,16.3266,14.9246
Standard & Poor's Ratings Services,Allegiant Travel Company,BB-,2016-11-30,1362468,0,4512.0,Other,ALGT,1.198,0.6458,2.0023,32.3727,13.8381,13.8381,21.3684,12.0603,7.6241,0.9206,29.3483,29.3483,6.9876,10.3948,4.8363,-1.5589
Standard & Poor's Ratings Services,DTE Energy Center LLC,A,2016-11-30,936340,1,4931.0,Utils,DTE,1.0186,0.499,1.1065,46.1933,11.9861,11.9861,20.6733,9.1903,7.033,0.3607,8.1865,10.7656,2.512,4.1014,0.2802,0.3173
Standard & Poor's Ratings Services,Vector Group Ltd.,BB-,2016-11-29,59440,0,6531.0,Money,VGR,2.6988,1.1391,-8.2602,33.0359,12.0638,12.0638,13.6118,6.4992,3.4665,1.2941,-54.4134,-17.2154,5.1906,7.5709,0.1922,0.2936
Standard & Poor's Ratings Services,Alibaba Group Holding Limited,A+,2016-11-29,1577552,1,7370.0,BusEq,BABA,2.5761,0.1765,0.2315,66.0334,29.2235,29.2235,35.8473,80.5495,70.6554,0.2775,28.5685,44.6545,19.5609,23.5274,0.7811,0.7596
Standard & Poor's Ratings Services,HudBay Minerals Inc.,B,2016-11-28,1322422,0,1000.0,Other,HBM,1.1526,0.4027,0.7133,13.3586,-37.0667,-37.0667,-12.5064,-45.0359,-37.4051,0.1978,-18.5436,-18.636,-7.3986,-11.0761,-0.4739,1.6841
Standard & Poor's Ratings Services,Carpenter Technology Corp.,BBB-,2016-11-28,17843,1,3312.0,Manuf,CRS,3.3825,0.3562,0.5533,14.1116,2.8455,2.8455,10.1136,1.1856,0.6176,0.649,1.0227,1.418,0.4044,0.6584,-0.0222,1.2633
"Japan Credit Rating Agency,Ltd.",Orange,A-,2016-11-25,1038143,1,4813.0,Telcm,ORAN,0.7226,0.4819,1.0843,56.2657,12.9624,12.9624,28.2698,7.4357,3.4478,0.4462,4.3107,-27.9227,1.5458,2.2335,0.4744,0.8322
Standard & Poor's Ratings Services,Danaher Corp.,AA,2016-11-23,313616,1,3826.0,BusEq,DHR,1.7477,0.1267,0.1481,53.2335,15.8935,15.8935,21.4745,16.2137,20.1945,0.3478,6.9881,228.5177,4.4299,6.1029,0.2058,0.3127
Standard & Poor's Ratings Services,"SiteOne Landscape Supply Holding, LLC",BB-,2016-11-23,1650729,0,5080.0,Shops,SITE,3.0539,0.6772,2.1503,29.5605,4.1196,4.1196,6.4756,3.3343,-1.0196,2.1708,32.9157,-44.8062,4.3218,10.625,1.1827,0.7618
Standard & Poor's Ratings Services,Rent-A-Center Inc.,B,2016-11-23,933036,0,7350.0,Other,RCII,3.3223,0.7136,2.4918,64.6076,-30.7431,-30.7431,29.377,-32.2283,-29.0847,1.6604,-248.5779,-561.9155,-48.2925,-71.1889,3.9945,4.0757
Standard & Poor's Ratings Services,Alliant Energy Corp.,A,2016-11-22,352541,1,4931.0,Utils,LNT,0.8587,0.4961,1.0736,64.0331,16.2254,16.2254,29.4272,13.1332,11.4348,0.2777,11.5012,10.8694,3.2801,5.477,0.723,0.2404
Standard & Poor's Ratings Services,Amcor Ltd.,BBB,2016-11-22,1748790,1,2670.0,Manuf,AMCR,1.8995,0.5286,1.1507,21.4521,10.0604,10.0604,13.9436,8.938,5.8776,1.1667,20.0348,223.7741,6.9316,9.4444,0.6257,0.5448
Standard & Poor's Ratings Services,CNH Industrial N.V.,BB+,2016-11-21,1567094,0,3523.0,Manuf,CNHI,5.9637,0.8564,5.9653,21.5666,8.6193,8.6193,12.121,3.3451,2.1809,0.6271,14.2713,43.5157,1.3638,2.0489,-0.7101,-0.6081
Standard & Poor's Ratings Services,Caterpillar Inc.,AA,2016-11-21,18230,1,3531.0,Manuf,CAT,1.2769,0.6284,2.5538,28.6422,8.0513,9.3,15.7793,7.3153,5.3434,0.6001,16.95,46.3021,3.2205,6.299,-1.6704,-1.8943
Standard & Poor's Ratings Services,OSI Restaurant Partners LLC,BBB-,2016-11-18,874691,1,5812.0,Shops,OSI,1.5097,0.0111,0.2474,33.3702,4.6253,4.6253,11.6067,4.2783,3.1527,0.8366,4.8363,7.2308,2.6375,4.7828,-2.1708,-2.3072
Standard & Poor's Ratings Services,Adient US LLC,BBB,2016-11-17,1670541,1,2531.0,Manuf,ADNT,1.3359,0.4442,0.8175,9.5831,2.3049,2.3049,4.3538,2.2454,-9.2079,1.2959,-33.9447,-72.5558,-11.2844,-18.867,-15.2676,-14.9206
Standard & Poor's Ratings Services,Teck Resources Ltd.,BB,2016-11-17,886986,0,1000.0,Other,TECK,2.7839,0.366,0.5791,15.4861,8.633,8.633,25.1725,-40.1986,-29.9552,0.2381,-14.9306,-16.0155,-7.161,-9.4654,-0.9299,-0.7237
Standard & Poor's Ratings Services,CDK Global Inc.,BB+,2016-11-17,1609702,0,7370.0,BusEq,CDK,1.4113,0.7598,3.2352,41.1993,19.0343,19.0343,22.0609,17.4548,11.3166,0.8941,65.6034,-26.9933,10.4355,15.7549,0.3681,0.358
Standard & Poor's Ratings Services,Great Lakes Dredge & Dock Corp.,B-,2016-11-16,1372020,0,1600.0,Other,GLDD,1.6031,0.5783,1.401,11.1945,2.6794,2.6794,10.8604,-1.0137,-0.7223,0.9541,-2.4543,-3.7245,-0.6891,-1.035,-0.3243,-0.0174
Standard & Poor's Ratings Services,Lear Corp.,BBB-,2016-11-16,842162,1,2531.0,Manuf,LEA,1.3769,0.3903,0.6478,9.9926,6.5168,6.5168,8.4266,5.664,4.0936,1.9362,26.3711,40.5214,8.4607,16.0787,4.9927,3.9423
Standard & Poor's Ratings Services,Tenet Healthcare Corp.,BB-,2016-11-16,70318,0,8062.0,Hlth,THC,1.1099,0.9361,14.7987,35.8369,5.5713,5.6436,10.9257,0.8854,0.0723,0.9249,12.4841,-2.3245,0.5459,0.7974,1.0558,-1.4495
Standard & Poor's Ratings Services,"TreeHouse Foods, Inc.",BB,2016-11-14,1320695,0,2030.0,NoDur,THS,3.0754,0.3971,0.6667,20.0942,7.4757,7.4757,11.2837,5.3393,3.5835,0.8659,6.1945,-26.0196,3.1031,3.7346,0.9451,1.4258
Standard & Poor's Ratings Services,Houghton Mifflin Harcourt Publishers Inc.,B+,2016-11-14,1580156,0,2731.0,NoDur,HMHC,1.7426,0.391,0.6486,41.7976,-8.1954,-8.1954,13.2603,-10.8406,-9.4536,0.4536,-11.1714,24.6789,-4.288,-6.8037,-0.9454,-1.0746
Moody's Investors Service,"Tyson Foods, Inc.",BBB,2016-11-14,100493,1,2011.0,NoDur,TSN,1.7697,0.3918,0.6524,12.7356,7.6815,7.6815,9.593,7.0443,4.7938,1.6485,18.4123,-83.2316,7.9203,11.1982,0.7413,1.0271
Standard & Poor's Ratings Services,Las Vegas Sands LLC,BBB-,2016-11-11,1300514,1,7990.0,Other,LVS,1.4647,0.5235,1.11,47.6643,24.307,24.307,33.5301,22.4333,16.8207,0.5602,28.344,28.5851,11.4365,13.5054,-1.6468,-2.1037
Standard & Poor's Ratings Services,Boise Cascade Company,BB-,2016-11-10,1328581,0,5031.0,Shops,BCC,3.0372,0.3919,0.6445,13.2078,2.84,2.84,4.4142,2.2206,1.4362,2.91,9.7597,10.3792,4.1792,5.9348,-0.5376,-1.2538
Standard & Poor's Ratings Services,Turkcell Iletisim Hizmetleri A.S.,BBB-,2016-11-10,1071321,1,4812.0,Telcm,TKC,1.395,0.1948,0.2924,39.1555,17.5952,17.5952,30.6557,20.1314,16.1922,0.4872,13.2018,30.7706,7.2634,10.6304,-0.1141,-0.1566
Standard & Poor's Ratings Services,Comcast Corp.,A,2016-11-09,1166691,1,4841.0,Telcm,CMCSA,0.6768,0.4758,0.9749,41.1153,21.4709,21.4709,33.1204,17.9466,10.9556,0.4473,15.586,-15.2197,5.0506,8.1702,0.6361,0.3371
Moody's Investors Service,Eastman Kodak Company,B,2016-11-09,31235,0,3577.0,BusEq,KODK,2.7843,0.8683,6.6505,21.1315,2.995,2.995,11.0372,-1.9412,-4.437,0.8433,-65.0486,64.4231,-3.1338,-8.5678,0.8022,0.8549
Moody's Investors Service,"CDK Global, Inc.",BB+,2016-11-09,1609702,0,7370.0,BusEq,CDK,1.4113,0.7598,3.2352,41.1993,19.0343,19.0343,22.0609,17.4548,11.3166,0.8941,65.6034,-26.9933,10.4355,15.7549,0.3681,0.358
Moody's Investors Service,"Telefonica Finanzas Mexico, S.A. de C.V.",BBB-,2016-11-08,814052,1,4812.0,Telcm,TEF,0.9056,0.631,2.1799,72.6593,6.1352,6.1352,6.1352,0.6586,5.8133,0.384,1.0814,-2.3371,0.2423,0.3991,-0.4546,0.1433
Moody's Investors Service,"Las Vegas Sands, LLC",BB+,2016-11-08,1300514,0,7990.0,Other,LVS,1.4647,0.5235,1.11,47.6643,24.307,24.307,33.5301,22.4333,16.8207,0.5602,28.344,28.5851,11.4365,13.5054,-1.6468,-2.1037
Standard & Poor's Ratings Services,"Qorvo, Inc.",BB+,2016-11-08,1604778,0,3674.0,BusEq,QRVO,4.0375,0.165,0.1976,40.2016,0.4584,0.4584,26.3114,-0.1096,-1.1049,0.3958,-0.5769,-2.7433,-0.4373,-0.4817,1.5679,1.1665
Moody's Investors Service,STONEMOR PARTNERS L.P.,CCC+,2016-11-07,1286131,0,7200.0,Shops,STON,3.3775,0.6072,1.5575,84.119,0.63,0.63,4.627,-7.0111,-8.4285,0.1885,-11.4264,-34.576,-1.3763,-4.4887,-0.5983,-0.5535
Moody's Investors Service,"Stanley Black & Decker, Inc.",BBB,2016-11-07,93556,1,3540.0,Manuf,SWK,1.3944,0.3709,0.5908,36.1835,11.0102,11.0102,14.9772,9.5673,6.7107,0.7154,13.1636,-24.3848,5.4085,8.2808,2.6459,3.0387
Moody's Investors Service,Telefonica S.A.,BBB-,2016-11-07,814052,1,4812.0,Telcm,TEF,0.9056,0.631,2.1799,72.6593,6.1352,6.1352,6.1352,0.6586,5.8133,0.384,1.0814,-2.3371,0.2423,0.3991,-0.4546,0.1433
Standard & Poor's Ratings Services,Laredo Petroleum Inc.,B,2016-11-07,1528129,0,1311.0,Enrgy,LPI,1.5323,0.9151,10.7741,52.4388,-407.4102,-407.4102,-360.8169,-393.4592,-364.2912,0.3346,-1681.237,-1681.237,-121.8746,-142.7909,-37.6919,92.6181
Standard & Poor's Ratings Services,Avago Technologies Cayman Holdings Ltd.,BBB,2016-11-04,1441634,1,3674.0,BusEq,AVGO,2.3148,0.3761,0.6236,44.8641,-3.0891,-3.0891,20.1586,-8.361,-13.1344,0.265,-7.9951,9.7579,-3.5004,-4.988,0.6569,0.5011
Standard & Poor's Ratings Services,Consol Energy Inc.,B,2016-11-04,1710366,0,1220.0,Enrgy,CEIX,0.5135,0.2125,0.2708,98.5582,31.6919,31.6919,45.4314,31.1613,21.5943,0.4958,29.8935,29.8935,11.0687,23.5412,10.4295,5.7716
Moody's Investors Service,Occidental Petroleum Corporation,A-,2016-11-04,797468,1,1311.0,Enrgy,OXY,1.3742,0.2197,0.3411,53.4936,-77.5962,-75.4728,-39.0625,-77.5962,-62.7324,0.2875,-33.4538,-33.4538,-18.7657,-26.1048,-9.7928,-5.2463
Standard & Poor's Ratings Services,Pitney Bowes Inc.,BBB-,2016-11-03,78814,1,3579.0,BusEq,PBI,1.1937,0.9743,42.0923,56.0176,17.0713,17.0713,22.2549,11.2834,8.7336,0.588,415.0465,-18.978,4.8984,10.5972,0.1489,-0.0724
Standard & Poor's Ratings Services,Public Service Enterprise Group Inc.,A,2016-11-03,788784,1,4931.0,Utils,PEG,0.9773,0.4034,0.7601,68.6894,28.4398,28.4398,43.1397,25.7321,16.121,0.2775,12.8492,12.9663,4.4732,7.6663,1.4941,-0.5591
Standard & Poor's Ratings Services,Axalta Coating Systems LLC,B+,2016-11-03,1616862,0,2851.0,Chems,AXTA,2.1118,0.7482,3.0157,36.8054,11.3285,11.3285,19.3163,3.8418,2.2287,0.705,8.3947,-9.7895,1.6432,2.1136,0.618,0.8599
Standard & Poor's Ratings Services,Tutor Perini Corporation,BB-,2016-11-03,77543,0,1540.0,Other,TPC,1.8007,0.3391,0.5757,7.2402,2.1423,2.1423,2.9885,1.5006,0.9205,1.2743,3.1891,6.1315,1.173,2.1076,1.4373,2.2332
Standard & Poor's Ratings Services,"Constellation Brands Canada, Inc.",BB-,2016-11-02,16918,0,2082.0,NoDur,STZ,1.3104,0.5046,1.2076,44.9316,26.9547,26.9547,30.3296,22.9247,16.1093,0.386,15.8493,-27.5438,6.2517,7.8516,1.4101,0.6897
Moody's Investors Service,Public Service Enterprise Group Incorporated,BBB,2016-11-02,788784,1,4931.0,Utils,PEG,0.9773,0.4034,0.7601,68.6894,28.4398,28.4398,43.1397,25.7321,16.121,0.2775,12.8492,12.9663,4.4732,7.6663,1.4941,-0.5591
Moody's Investors Service,Southwest Airlines Co.,BBB+,2016-11-02,92380,1,4512.0,Other,LUV,0.5433,0.3095,0.5348,37.3966,20.7669,20.7669,25.888,17.553,11.004,0.93,29.6412,34.1421,10.2337,20.4673,0.6706,0.1312
Moody's Investors Service,Rogers Communications Inc.,BBB+,2016-11-02,733099,1,4812.0,Telcm,RCI,0.4766,0.7161,2.8515,86.7782,22.0857,22.0857,38.7705,14.3735,10.4358,0.4845,24.4138,-26.816,5.0453,6.9315,-1.0013,-0.9473
Moody's Investors Service,Dover Corporation,A-,2016-11-02,29905,1,3585.0,Manuf,DOV,1.7693,0.4167,0.7559,36.9182,13.2364,13.2364,17.9384,11.5091,12.5042,0.8083,16.3498,-39.5662,6.924,9.5368,0.335,0.3558
Standard & Poor's Ratings Services,"SunCoke Energy, Inc.",CCC+,2016-11-01,1514705,0,3312.0,Manuf,SXC,1.7365,0.4731,0.8981,19.3443,-4.1495,-4.1495,2.9193,-8.3522,-8.3854,0.7674,-14.4315,-14.8961,-5.1947,-7.6033,-0.523,-0.2687
Moody's Investors Service,Mosaic Company (The),BBB,2016-11-01,1285785,1,2870.0,Chems,MOS,2.0241,0.2827,0.4011,19.3125,14.3761,14.3761,23.0571,12.4032,11.2464,0.5115,10.4736,12.5701,5.7609,7.5128,0.0073,-0.2798
Moody's Investors Service,TransDigm Inc.,BB,2016-10-31,1260221,0,3728.0,Manuf,TDG,3.8941,1.0701,-15.6497,54.4888,39.9746,39.9746,44.3223,24.22,18.396,0.2957,-90.0112,-7.2439,5.4671,6.3112,2.9647,3.1509
Moody's Investors Service,Precision Drilling Corporation,B-,2016-10-31,1013605,0,1381.0,Enrgy,PDS,2.1964,0.4314,0.7587,40.1912,14.9637,14.9637,34.0512,0.8963,1.41,0.4427,7.7129,8.4881,3.5468,4.3856,13.0632,1.7593
Standard & Poor's Ratings Services,Korea Electric Power Corp.,AA,2016-10-31,887225,1,4911.0,Utils,KEP,0.9698,0.4291,0.8672,22.8978,33.8505,33.8505,47.9986,31.6427,22.5401,0.3364,19.7467,19.9994,7.6552,11.2738,2.261,10.8366
Moody's Investors Service,Tecnoglass Inc.,BB-,2016-10-31,1534675,0,3442.0,Manuf,TGLS,1.2783,0.7626,3.6777,37.5076,16.3442,16.3442,21.4895,3.9923,-4.5492,0.7537,-29.1434,-33.2539,-3.4286,-6.9175,0.2652,0.6231
Standard & Poor's Ratings Services,Westinghouse Air Brake Technologies Corp.,BBB,2016-10-31,943452,1,3743.0,Manuf,WAB,2.3166,0.2891,0.4069,31.6752,18.3666,18.3666,20.3235,17.6955,12.0504,1.0243,23.4303,99.0939,12.3433,16.6571,-0.2281,-0.2317
Standard & Poor's Ratings Services,Phillips 66,BBB+,2016-10-31,1534701,1,2911.0,Enrgy,PSX,1.5046,0.2612,0.3918,15.7954,2.2157,2.2157,2.8478,3.5636,2.9539,3.3109,18.5642,22.9021,8.4018,13.7144,-3.5619,-7.2897
Standard & Poor's Ratings Services,Algonquin Power & Utilities Corp.,BB+,2016-10-28,1174169,0,4991.0,Other,AQN,1.0813,0.392,0.6487,36.2328,17.9569,17.9569,32.7087,12.6719,10.5182,0.2059,4.1643,4.1141,1.7336,2.2956,-0.0161,1.208
Moody's Investors Service,VEON Ltd.,BB,2016-10-28,1468091,0,4812.0,Telcm,VEON,0.9764,0.6752,2.0788,77.4308,5.4549,5.4549,26.9727,-6.194,-6.8187,0.2837,-20.9296,31.9232,-2.4074,-6.7979,-1.8559,-1.1184
Fitch Ratings,"PPG Industries, Inc.",A-,2016-10-28,79879,1,2851.0,Chems,PPG,1.4296,0.4427,0.8497,45.3269,12.8011,12.8011,15.9329,12.2534,9.8729,0.834,26.2774,-171.2082,7.8004,14.6454,1.4612,1.9067
Standard & Poor's Ratings Services,NXP Semiconductors N.V.,BB+,2016-10-28,1413447,0,3674.0,BusEq,NXPI,1.9924,0.8309,4.9388,46.7505,18.5762,18.5762,25.7482,11.3157,9.5449,0.8244,75.7803,-32.0655,8.8613,12.814,2.4115,1.9236
Standard & Poor's Ratings Services,Lam Research Corp.,BBB,2016-10-27,707549,1,3559.0,Manuf,LRCX,3.8102,0.3563,0.7089,44.4949,18.2514,18.2514,24.394,16.3122,15.5295,0.4799,14.9793,22.0207,7.4529,9.6417,3.2727,3.8466
Moody's Investors Service,Teck Resources Limited,B-,2016-10-27,886986,0,1000.0,Other,TECK,2.7839,0.366,0.5791,15.4861,8.633,8.633,25.1725,-40.1986,-29.9552,0.2381,-14.9306,-16.0155,-7.161,-9.4654,-0.9299,-0.7237
"Japan Credit Rating Agency,Ltd.","America Movil, S.A.B. de C.V.",A,2016-10-27,1129137,1,4812.0,Telcm,AMX,0.8256,0.778,4.2476,53.248,15.8207,15.8207,29.8807,6.2825,3.9234,0.6897,22.9996,-36.6207,2.8534,5.1063,-2.4147,-1.8694
Standard & Poor's Ratings Services,Companhia de Saneamento Basico do Estado de Sao Paulo,BB,2016-10-27,1170858,0,4941.0,Utils,SBS,0.9225,0.4581,0.9566,29.4649,25.9913,25.9913,35.162,5.0167,4.5791,0.3475,3.9097,-3.6242,1.591,2.1187,-0.3704,-0.339
Fitch Ratings,Newell Brands Inc.,BBB-,2016-10-27,814453,1,3990.0,Durbl,NWL,1.2539,0.5937,1.6743,38.9574,10.1662,10.1662,13.0669,5.7052,5.9165,0.8149,14.1973,-12.7828,3.5719,5.768,-0.0898,-0.356
Moody's Investors Service,Centene Corporation,BB,2016-10-26,1071739,0,6324.0,Money,CNC,1.0176,0.334,0.5043,11.4976,2.8019,2.8019,3.3394,2.7597,1.6365,2.8434,14.9742,30.0345,4.4815,9.9733,3.3827,3.2571
Standard & Poor's Ratings Services,Live Nation Entertainment Inc.,B+,2016-10-26,1335258,0,7900.0,Other,LYV,1.089,0.5806,1.4134,28.2823,1.8131,1.8131,7.4457,0.0877,-0.9066,1.177,-1.0898,1.2088,-0.2561,-0.4571,0.0627,0.0556
Standard & Poor's Ratings Services,Amneal Pharmaceuticals LLC,BB-,2016-10-26,1723128,0,2834.0,Hlth,AMRX,2.5158,0.2855,0.3997,40.9549,8.0849,8.0849,16.0616,6.8995,4.5321,0.4476,3.6706,15.5849,2.0285,2.6225,0.8183,0.8925
Moody's Investors Service,Bright Horizons Family Solutions LLC,B+,2016-10-25,1437578,0,8351.0,Other,BFAM,0.5001,0.5545,1.2908,24.5299,12.4518,12.4518,18.0913,9.61,6.3963,0.6782,12.909,-11.6026,4.3676,5.7509,0.135,-0.1329
Standard & Poor's Ratings Services,Stericycle Inc.,A,2016-10-25,861878,1,4955.0,Other,SRCL,1.2971,0.5253,1.1652,42.0242,16.3301,16.3301,20.5968,13.7613,8.6038,0.4226,9.7532,-9.394,3.7933,4.6301,-0.7219,-1.0506
Moody's Investors Service,DTE Energy Company,BBB+,2016-10-25,936340,1,4931.0,Utils,DTE,1.0186,0.499,1.1065,46.1933,11.9861,11.9861,20.6733,9.1903,7.033,0.3607,8.1865,10.7656,2.512,4.1014,0.2802,0.3173
Standard & Poor's Ratings Services,"Lannett Company, Inc.",B-,2016-10-25,57725,0,2834.0,Hlth,LCI,1.9372,0.0381,0.0396,21.408,8.0188,8.0188,10.7562,7.9827,5.229,2.1896,15.7676,26.9063,11.4493,15.1666,0.9173,0.6314
Standard & Poor's Ratings Services,WPP CP LLC,A,2016-10-25,806968,1,7311.0,Other,WPP,0.9409,0.3677,0.6978,86.0166,13.3386,13.3386,16.4738,12.1992,9.4825,0.4256,15.5331,-46.9,4.3309,9.8217,-2.5679,-2.6558
Moody's Investors Service,Lennox International Inc.,BBB-,2016-10-25,1069202,1,3585.0,Manuf,LII,1.1389,0.8328,7.2943,27.3231,8.8078,8.8078,10.6189,8.1502,5.3816,2.0671,184.2519,-200.2138,11.1601,30.8098,3.9519,4.2175
Standard & Poor's Ratings Services,Autoliv Inc.,A-,2016-10-24,1034670,1,3714.0,Durbl,ALV,1.8138,0.3018,0.4438,20.111,7.9371,7.9371,11.4171,7.3689,4.9817,1.2185,13.1917,27.333,6.0793,9.2099,0.7766,0.5975
Standard & Poor's Ratings Services,Netflix Inc,B+,2016-10-24,1065280,0,7841.0,Other,NFLX,1.5389,0.5161,1.0665,32.2742,4.511,4.511,56.8311,2.0929,1.809,0.6645,5.5159,5.5159,1.202,2.6691,-1.7553,-1.8029
Moody's Investors Service,Oasis Petroleum Inc.,B-,2016-10-24,1486159,0,1311.0,Enrgy,OAS,0.9857,0.4982,0.9928,68.9712,-14.456,-14.456,48.5551,-7.138,-5.0964,0.1398,-1.7353,-1.7353,-0.7124,-0.8708,-5.9295,-1.7225
Moody's Investors Service,"Comstock Resources, Inc.",B-,2016-10-24,23194,0,1311.0,Enrgy,CRK,1.6322,1.1589,-7.295,71.9937,-461.7878,-461.7878,-332.4539,-476.01,-414.8248,0.2111,611.4219,611.4217,-87.5619,-97.1279,-39.8128,10.8429
Standard & Poor's Ratings Services,British American Tobacco PLC,A-,2016-10-24,1303523,1,2111.0,NoDur,BTI,1.0414,0.6271,2.1084,77.8971,32.1237,32.1237,33.0327,34.7004,24.286,0.5339,62.8951,-73.281,13.9745,23.451,-0.3628,-0.4456
Standard & Poor's Ratings Services,Group 1 Automotive Inc.,BB,2016-10-21,1031203,0,5500.0,Shops,GPI,1.0588,0.5078,2.5258,14.5699,3.04,3.04,3.5723,1.6543,0.901,2.3996,9.5095,-59.4983,2.2457,4.681,5.8993,5.693
Standard & Poor's Ratings Services,Mercer International Inc.,BB-,2016-10-20,1333274,0,2611.0,Manuf,MERC,3.7235,0.6294,1.6981,20.511,16.0359,16.0359,22.6496,10.1578,7.3076,0.8735,19.7146,20.1599,6.3832,7.3068,0.1451,-0.0196
Standard & Poor's Ratings Services,Diamondback Energy Inc,BB-,2016-10-20,1539838,0,1311.0,Enrgy,FANG,0.7689,0.1879,0.2313,80.1412,-165.7072,-165.7072,-116.3941,-167.684,-123.2566,0.1624,-25.9743,-25.9743,-19.9144,-21.095,-0.0777,3.6077
Standard & Poor's Ratings Services,AECOM,BB,2016-10-20,868857,0,8711.0,Other,ACM,1.1312,0.5103,1.1452,3.6921,2.1569,2.1569,4.447,0.7211,0.552,1.2737,4.6016,-5.9427,1.1959,2.2533,0.1068,-0.3054
DBRS,Fortis Inc.,BBB+,2016-10-19,1666175,1,4911.0,Utils,FTS,0.7039,0.5212,1.1776,34.0717,21.0941,21.0941,33.7149,15.802,10.8221,0.2335,9.8441,14.8963,2.9163,3.8846,4.6012,1.2761
Moody's Investors Service,"Live Nation Entertainment, Inc.",BB,2016-10-19,1335258,0,7900.0,Other,LYV,1.089,0.5806,1.4134,28.2823,1.8131,1.8131,7.4457,0.0877,-0.9066,1.177,-1.0898,1.2088,-0.2561,-0.4571,0.0627,0.0556
Standard & Poor's Ratings Services,"Mondelez International, Inc.",BBB,2016-10-19,1103982,1,2052.0,NoDur,MDLZ,0.8202,0.3413,0.548,38.8447,30.0209,53.0402,56.0568,26.6028,24.5209,0.4716,25.9466,-64.3399,11.6019,17.0922,0.193,0.2615
Fitch Ratings,NGL Energy Partners LP,B-,2016-10-18,1504461,0,5900.0,Shops,NGL,1.4567,0.6323,1.7241,7.6909,-0.8908,-0.8908,1.2315,-1.5965,-2.0997,2.1118,-11.0443,24.2924,-3.365,-4.0612,0.3143,-3.3591
Moody's Investors Service,"NIKE, Inc.",A+,2016-10-18,320187,1,3021.0,Manuf,NKE,2.8042,0.1398,0.1663,46.241,13.9054,13.9054,15.9501,14.2791,11.6135,1.5144,30.6739,31.7407,17.5874,26.3841,-0.6953,-0.8027
Standard & Poor's Ratings Services,Calumet Specialty Products Partners LP,CCC+,2016-10-18,1340122,0,2911.0,Enrgy,CLMT,0.9725,0.7377,2.9366,13.6478,3.9997,3.9997,7.8569,-2.1678,-3.903,1.3347,-14.8161,-48.0315,-2.9001,-3.7097,1.7703,1.497
Moody's Investors Service,"Enviva Partners, LP",B,2016-10-18,1592057,0,2400.0,Other,EVA,1.1259,0.3368,0.5246,13.0178,7.7875,7.7875,14.8592,4.4135,4.1633,0.6952,4.4376,5.7253,2.6696,2.9432,2.7255,-1.4096
Moody's Investors Service,Harsco Corporation,BB+,2016-10-18,45876,0,3390.0,Manuf,HSC,1.313,0.7312,2.8987,21.2833,5.1382,5.1382,14.2193,2.0205,0.3591,0.836,2.3526,-5.1274,0.3547,0.6323,-1.2879,-0.1051
Moody's Investors Service,"United Parcel Service, Inc.",A+,2016-10-17,1090727,1,4210.0,Other,UPS,1.3012,0.8204,4.9949,76.4494,8.5314,8.5314,11.8337,7.963,5.2068,1.6431,140.5005,-347.3081,8.5553,25.2372,-1.5076,-1.9013
Moody's Investors Service,"Triumph Group, Inc.",B+,2016-10-17,1021162,0,3728.0,Manuf,TGI,1.5342,0.5952,1.5159,7.431,-28.0774,-28.0774,-4.309,-29.8282,-26.9671,0.8037,-112.088,90.4254,-21.674,-45.3697,-7.4586,-6.867
Standard & Poor's Ratings Services,Southern Copper Corp.,BBB,2016-10-17,1001838,1,1000.0,Other,SCCO,2.6996,0.529,1.1231,41.9806,28.0307,28.0307,38.1518,23.5677,14.594,0.4007,13.9851,14.4068,5.8849,6.5871,-0.5301,-0.1295
Moody's Investors Service,"LSB Industries, Inc.",B-,2016-10-14,60714,0,2810.0,Chems,LXU,1.7335,0.454,0.8843,4.5804,-16.2593,-16.2593,-7.7008,-17.9728,-8.6905,0.3214,-11.0244,-7.926,-3.3885,-4.2073,-1.4687,-8.9675
Standard & Poor's Ratings Services,Meritage Homes Corporation,BB-,2016-10-14,833079,0,1531.0,Other,MTH,1.3408,0.4701,0.8873,19.3873,8.0138,8.0138,8.5659,7.3451,4.9909,0.9626,10.2259,10.2259,4.8041,5.4183,4.9973,5.1109
Moody's Investors Service,CSX Corporation,BBB+,2016-10-14,277948,1,4011.0,Other,CSX,1.4549,0.474,0.9029,68.0891,30.3446,30.3446,40.5724,26.5685,16.6624,0.3399,16.8666,16.8666,5.6641,8.8717,0.0295,0.0055
Standard & Poor's Ratings Services,Oceaneering International Inc.,BBB,2016-10-14,73756,1,1389.0,Enrgy,OII,2.4636,0.3351,0.5041,19.7675,12.205,12.205,20.0814,10.979,7.5426,0.8931,14.6327,20.0554,6.7359,9.7285,-1.0331,0.5368
Standard & Poor's Ratings Services,NVIDIA Corp.,BBB-,2016-10-14,1045810,1,3674.0,BusEq,NVDA,6.3761,0.2404,0.3164,55.5105,16.211,16.211,21.5079,16.1256,13.4772,0.6502,14.2825,17.6356,8.7627,10.8494,0.0515,0.1033
Standard & Poor's Ratings Services,CSG Systems International Inc.,BBB,2016-10-13,1005757,1,7374.0,BusEq,CSGS,2.2288,0.3942,0.7134,48.1765,10.0747,10.0747,17.1849,8.1889,4.7533,0.8791,9.9575,85.5783,4.1785,6.0326,-1.3726,-1.228
Moody's Investors Service,YPF Sociedad Anonima,B-,2016-10-13,904851,0,2911.0,Enrgy,YPF,0.9647,0.3928,0.8779,23.4405,10.6241,10.6241,27.9218,18.6139,2.9327,0.4296,3.6742,3.9105,1.2178,2.2309,-3.0941,-5.5756
Standard & Poor's Ratings Services,LSB Industries Inc.,CCC,2016-10-13,60714,0,2810.0,Chems,LXU,1.7335,0.454,0.8843,4.5804,-16.2593,-16.2593,-7.7008,-17.9728,-8.6905,0.3214,-11.0244,-7.926,-3.3885,-4.2073,-1.4687,-8.9675
Standard & Poor's Ratings Services,Stanley Black & Decker Inc.,AA,2016-10-12,93556,1,3540.0,Manuf,SWK,1.3944,0.3709,0.5908,36.1835,11.0102,11.0102,14.9772,9.5673,6.7107,0.7154,13.1636,-24.3848,5.4085,8.2808,2.6459,3.0387
Standard & Poor's Ratings Services,Xerox Corp.,BBB,2016-10-11,108772,1,7389.0,Other,XRX,1.4605,0.3625,0.6973,40.3029,11.4047,11.4047,16.4445,8.5969,7.9896,0.4584,9.7833,395.4887,3.8036,6.0404,-0.6035,0.0164
Moody's Investors Service,Union Pacific Corporation,A-,2016-10-11,100885,1,4011.0,Other,UNP,1.2882,0.3966,0.686,56.0125,36.9138,36.9138,46.1376,35.0983,21.8769,0.3995,23.0509,23.0509,8.7399,13.9089,0.2517,-0.1383
Standard & Poor's Ratings Services,Galapagos Holding S.A.,CCC,2016-10-11,1421876,0,2836.0,Hlth,GLPG,5.1714,0.0002,0.0003,100.0,-147.6485,-147.6485,-142.0327,-197.4727,-195.4638,0.1369,-32.4412,-32.5795,-26.7585,-32.4356,-0.2284,-0.3291
Standard & Poor's Ratings Services,CSX Corp.,BBB+,2016-10-07,277948,1,4011.0,Other,CSX,1.4549,0.474,0.9029,68.0891,30.3446,30.3446,40.5724,26.5685,16.6624,0.3399,16.8666,16.8666,5.6641,8.8717,0.0295,0.0055
DBRS,Chevron Corporation,AA-,2016-10-07,93410,1,2911.0,Enrgy,CVX,1.3228,0.1333,0.1781,37.6275,14.72,14.72,22.6424,14.72,9.0772,0.7968,12.3631,12.7376,7.2587,10.7147,-1.5337,-0.5277
Standard & Poor's Ratings Services,Sanmina Corp.,BB+,2016-10-07,897723,0,3672.0,BusEq,SANM,1.6954,0.2124,0.2873,7.935,3.4683,3.4683,5.195,3.1571,2.8982,1.7878,11.6684,11.6684,5.1814,9.1903,2.9093,2.4751
Standard & Poor's Ratings Services,United States Cellular Corporation,BB,2016-10-06,821130,0,4812.0,Telcm,USM,2.2353,0.3133,0.4593,54.6515,8.6083,8.6083,23.6666,10.0223,5.9787,0.571,6.9168,18.0688,3.4986,4.75,4.4818,4.8489
Standard & Poor's Ratings Services,Coty Inc.,BBB-,2016-10-06,1024305,1,2844.0,Chems,COTY,1.0448,0.9147,11.1637,59.8538,5.8449,5.8449,11.1793,3.1915,3.6076,0.6182,48.815,-4.5999,2.547,4.1641,-0.0347,0.0542
Standard & Poor's Ratings Services,Gulfport Energy Corp.,B+,2016-10-06,874499,0,1311.0,Enrgy,GPOR,1.0475,0.3185,0.4677,88.1218,-188.2557,-188.2557,-140.3611,-208.8725,-172.7646,0.2126,-60.0776,-60.0776,-36.7311,-40.9406,-1.5479,-1.7065
Moody's Investors Service,Sempra Energy,BBB+,2016-10-06,1032208,1,4931.0,Utils,SRE,0.6268,0.5108,1.1657,64.764,19.0109,19.0109,31.2286,16.6553,13.1854,0.2486,11.5296,12.751,3.5188,5.6314,2.928,3.7018
Standard & Poor's Ratings Services,Kronos Inc.,B-,2016-10-05,1176236,0,2810.0,Chems,KRO,3.524,0.422,0.7383,14.2571,-0.0816,-0.0816,3.0397,-2.2835,-12.8707,1.0854,-37.5839,-37.5839,-13.9696,-21.7244,-0.3072,-0.1855
Standard & Poor's Ratings Services,"NN, Inc.",BB-,2016-10-05,918541,0,3562.0,Manuf,NNBR,2.1011,0.7195,2.6171,20.9181,0.0143,0.0143,11.4149,-12.1393,-1.5997,0.2937,-7.7657,5.8287,-1.7656,-2.1786,-0.1089,-0.3507
Fitch Ratings,Flowserve Corporation,BBB,2016-10-04,30625,1,3561.0,Manuf,FLS,1.8197,0.4839,0.9739,32.4178,11.292,11.5083,14.2967,9.0475,5.6697,0.9183,15.8627,124.7601,5.3196,8.1867,-1.0188,-1.352
Moody's Investors Service,Xylem Inc.,BBB,2016-10-04,1524472,1,3561.0,Manuf,XYL,2.2857,0.3597,0.6037,38.6364,11.8233,11.8233,15.4494,10.7508,8.6057,0.8103,15.8439,1531.818,6.9729,10.1445,0.5168,0.5266
Moody's Investors Service,Belden Inc.,BB-,2016-10-04,913142,0,3670.0,BusEq,BDC,1.5241,0.6764,2.093,39.7611,6.0866,6.0866,12.5971,1.7296,2.8669,0.7018,8.0565,-5.4718,2.0212,2.6073,1.0556,0.7787
Standard & Poor's Ratings Services,"Twitter, Inc.",BB-,2016-10-03,1418091,0,7370.0,BusEq,TWTR,8.659,0.2575,0.367,67.1215,-20.2899,-20.2899,-3.0671,-24.0441,-23.4907,0.3443,-11.9282,-16.7842,-8.0875,-8.8568,0.4431,0.2521
Moody's Investors Service,"PepsiCo, Inc.",A+,2016-10-03,77476,1,2080.0,NoDur,PEP,1.3102,0.7083,2.7668,54.4357,13.247,13.247,17.0785,11.8022,8.6463,0.9051,45.1828,-36.1242,7.8961,13.338,0.4356,0.4333
Standard & Poor's Ratings Services,Lions Gate Entertainment Corp.,B-,2016-09-30,929351,0,7812.0,Other,LGF,0.4981,0.5077,1.8584,39.7078,-1.065,-1.065,43.725,-1.4399,2.1385,0.6122,5.0218,14.0414,1.1137,2.4722,-0.759,-0.7664
Standard & Poor's Ratings Services,TransAlta Corp.,BB,2016-09-30,1144800,0,4911.0,Utils,TAC,1.3646,0.501,1.0239,55.536,6.5285,6.5285,33.2157,9.7486,-1.0587,0.2071,3.3643,3.2621,1.0597,1.3185,-1.4509,-1.1361
Standard & Poor's Ratings Services,Ashland LLC,BB,2016-09-30,1305014,0,5160.0,Shops,ASH,2.1449,0.5244,1.2279,25.9649,3.2749,3.2749,12.7485,-4.4152,9.0351,0.3402,-0.3951,2.0305,-0.1194,-0.1879,-11.2006,-11.2802
Standard & Poor's Ratings Services,United Utilities Water Finance PLC,BBB+,2016-09-30,319687,1,4512.0,Other,CAL,7.5048,0.01,0.0279,33.9546,24.7231,24.7231,27.4051,25.5285,16.5584,1.7168,34.6698,36.0105,28.6074,34.3237,3.9987,4.1306
Standard & Poor's Ratings Services,Compass Minerals Canada Corp.,BB+,2016-09-29,1227654,0,1400.0,Other,CMP,2.9994,0.5288,1.1301,30.0446,20.1511,20.1511,27.3869,19.5231,14.3988,0.6762,24.8867,32.0774,9.7981,11.7257,4.093,-2.3655
Moody's Investors Service,"Energizer Holdings, Inc.",BBB-,2016-09-29,1632790,1,3690.0,BusEq,ENR,2.309,1.065,-16.5141,46.3472,3.6038,3.6038,6.1657,-0.0429,-0.2452,1.008,6.6556,2.2923,-0.2471,-0.4328,-0.9341,-0.9968
Standard & Poor's Ratings Services,Chesapeake Energy Corp.,B,2016-09-29,895126,0,1311.0,Enrgy,CHK,0.673,0.8114,4.4606,75.2037,-148.2216,-148.2216,-130.7584,-149.6239,-115.4654,0.7372,2200.752,-610.5548,-84.527,-115.1637,-4.1386,-10.9302
Standard & Poor's Ratings Services,Thermo Fisher Scientific (Finance I) B.V.,BBB,2016-09-29,97745,1,3826.0,BusEq,TMO,1.2224,0.3754,0.7088,44.3587,14.8198,14.8198,24.7951,12.3579,11.2164,0.3941,9.2247,-15.2806,4.4234,5.7615,1.0149,0.7899
Moody's Investors Service,Viacom Inc.,BBB-,2016-09-29,1339947,1,4833.0,Telcm,VIA,1.2197,0.3858,1.4627,32.6578,8.3498,8.3498,15.5506,7.8036,1.0791,2.2076,77.9585,319.1816,16.0108,47.8802,5.9227,6.1641
Standard & Poor's Ratings Services,CACI International Inc.,BB+,2016-09-29,16058,0,7373.0,BusEq,CACI,1.6311,0.4659,0.9059,33.5578,7.0712,7.0712,8.8871,5.9725,3.814,0.939,8.8843,-11.3929,3.5813,4.7451,0.4783,0.3536
Standard & Poor's Ratings Services,American Electric Power Co. Inc.,BBB,2016-09-28,4904,1,4911.0,Utils,AEP,0.5729,0.4977,1.1378,62.8753,20.2605,20.2605,33.3564,15.9416,12.442,0.2667,9.8777,9.9068,2.8672,4.9616,0.2661,-0.3539
Standard & Poor's Ratings Services,Waste Connections Inc.,BBB+,2016-09-28,1057058,1,4953.0,Other,WCN,0.9581,0.5219,1.1101,44.3907,-2.9062,-2.9062,9.9655,-5.9645,-4.523,0.4134,-4.7542,-164.2139,-1.8488,-2.273,0.2029,0.1677
Standard & Poor's Ratings Services,"ONE Gas, Inc.",A-,2016-09-28,1587732,1,4924.0,Utils,OGS,1.5872,0.3929,0.6539,54.3863,15.4507,15.4507,24.0456,12.4062,7.6908,0.3339,6.4636,7.07,2.5682,3.9242,3.001,3.0858
Moody's Investors Service,"Compass Minerals International, Inc",B+,2016-09-28,1227654,0,1400.0,Other,CMP,2.9994,0.5288,1.1301,30.0446,20.1511,20.1511,27.3869,19.5231,14.3988,0.6762,24.8867,32.0774,9.7981,11.7257,4.093,-2.3655
Fitch Ratings,"D. R. Horton, Inc.",BBB-,2016-09-27,882184,1,1531.0,Other,DHI,6.808,0.3927,0.6465,21.141,10.0933,10.0933,10.7354,10.3788,6.9355,0.9707,12.7337,12.9248,6.7321,7.7337,3.6981,3.9712
Standard & Poor's Ratings Services,"FleetCor Technologies Operating Co., LLC",BB+,2016-09-27,1175454,0,7374.0,BusEq,FLT,0.7379,0.453,1.1146,91.9748,47.1447,47.1447,56.5913,42.767,30.7412,0.1407,14.0805,-10.5924,4.3252,7.7014,2.556,2.4903
Standard & Poor's Ratings Services,DTE Energy Co.,A,2016-09-27,936340,1,4931.0,Utils,DTE,1.0186,0.499,1.1065,46.1933,11.9861,11.9861,20.6733,9.1903,7.033,0.3607,8.1865,10.7656,2.512,4.1014,0.2802,0.3173
Moody's Investors Service,Southwest Gas Corporation,A-,2016-09-27,92416,1,4923.0,Utils,SWX,1.0432,0.4935,0.9977,77.1147,11.7036,11.7036,22.6675,8.9028,5.6144,0.4597,8.7564,9.5097,2.6019,4.4355,4.2715,2.4272
Standard & Poor's Ratings Services,Beazer Homes USA Inc.,B-,2016-09-27,915840,0,1531.0,Other,BZH,17.9751,0.7063,2.4053,16.7409,3.1699,3.1699,3.9895,1.3537,21.1436,0.6755,54.9788,54.9788,14.3859,16.145,2.496,2.4513
Standard & Poor's Ratings Services,Eastman Chemical Co.,BBB,2016-09-27,915389,1,2821.0,Chems,EMN,1.5692,0.6688,2.1028,23.3127,12.1969,12.1969,16.9203,10.3915,7.8829,0.5928,21.0306,-19.8632,4.6976,6.9662,1.1963,0.444
Standard & Poor's Ratings Services,Keysight Technologies Inc.,BBB-,2016-09-27,1601046,1,3825.0,BusEq,KEYS,2.3017,0.4577,0.8441,55.5672,15.091,15.091,18.5574,13.5854,17.9622,0.8141,39.4009,144.1011,14.6237,21.3661,-1.1725,-1.2854
Standard & Poor's Ratings Services,Jabil Inc.,BBB-,2016-09-27,898293,1,3672.0,BusEq,JBL,1.0503,0.4577,0.8626,8.324,2.8487,2.8487,6.6451,2.1089,1.3845,1.7779,10.3722,16.2793,2.4693,5.625,-1.5758,-1.4023
Moody's Investors Service,Tata Motors Limited,BB+,2016-09-27,926042,0,3711.0,Durbl,TTM,1.6091,0.3437,0.7026,14.6856,3.5105,3.5105,12.1021,1.6814,1.1083,0.8279,2.0536,2.1478,0.9176,1.3479,0.6877,-0.1764
Fitch Ratings,"Coca-Cola FEMSA, S.A.B. de C.V.",A-,2016-09-26,910631,1,2086.0,NoDur,KOF,1.3852,0.3678,0.6137,47.2859,14.4453,14.4453,19.1401,9.6603,6.7148,0.7246,9.4877,57.3614,4.9068,5.9982,-1.4781,-4.3725
Standard & Poor's Ratings Services,FedEx Corp.,A,2016-09-26,1048911,1,4513.0,Other,FDX,1.4971,0.4991,0.9984,75.4492,6.1094,6.1094,11.3333,5.4403,3.6136,1.0959,13.2037,25.8633,3.9601,6.6141,1.7619,-0.48
Moody's Investors Service,"Casella Waste Systems, Inc.",B+,2016-09-26,911177,0,4953.0,Other,CWST,0.8983,1.0446,-23.4955,29.9881,5.8309,5.8309,19.7576,-1.9085,-2.3731,0.8624,54.5493,7.8632,-1.8592,-2.4321,0.4881,0.3254
Standard & Poor's Ratings Services,Zebra Technologies Corp.,B+,2016-09-26,877212,0,3577.0,BusEq,ZBRA,1.4905,0.7713,3.3729,45.0411,1.0137,1.0137,10.2192,-4.9315,-4.3288,0.7242,-17.6932,6.712,-3.1349,-4.0461,-2.4345,-4.0677
Standard & Poor's Ratings Services,Tata Motors Ltd.,BB+,2016-09-26,926042,0,3711.0,Durbl,TTM,1.6091,0.3437,0.7026,14.6856,3.5105,3.5105,12.1021,1.6814,1.1083,0.8279,2.0536,2.1478,0.9176,1.3479,0.6877,-0.1764
Standard & Poor's Ratings Services,Kinross Gold Corp.,BB+,2016-09-26,701818,0,1040.0,Other,KGC,4.2804,0.29,0.4207,-18.2039,-29.6339,-29.6339,-4.3995,-38.0059,-33.6526,0.3872,-29.1733,-30.177,-15.9428,-20.7129,0.0524,0.6269
Standard & Poor's Ratings Services,Hershey Company (The),AA,2016-09-23,47111,1,2060.0,NoDur,HSY,1.1609,0.5037,1.4332,44.9511,18.7592,18.7592,21.8235,17.5975,11.4112,1.3199,55.7351,196.1651,15.0619,27.6602,-1.4883,-1.6533
Standard & Poor's Ratings Services,"Cadence Design Systems, Inc.",BBB-,2016-09-23,813672,1,7372.0,BusEq,CDNS,1.7979,0.1997,0.2495,85.9906,16.7694,16.7694,24.2641,15.7216,14.8298,0.7257,18.3427,47.8189,10.7617,14.6805,0.1786,0.1648
Standard & Poor's Ratings Services,Sonic Automotive Inc.,B+,2016-09-23,1043509,0,5500.0,Shops,SAH,1.074,0.5219,3.0317,14.8514,2.5401,2.5401,3.2101,1.7585,1.057,2.9029,14.7827,92.0518,3.1108,7.068,0.6754,1.121
Standard & Poor's Ratings Services,TMS International Corporation,B,2016-09-23,1491501,0,5051.0,Shops,TMS,2.0305,0.2608,0.5907,42.7402,1.5099,1.5099,4.6166,-2.8121,-5.1685,0.836,-11.5454,-13.9077,-4.3182,-8.5344,0.1162,0.1381
Moody's Investors Service,"Flowers Foods, Inc.",BBB,2016-09-23,1128928,1,2050.0,NoDur,FLO,1.4595,0.3936,0.6798,47.9689,7.3459,7.3459,10.7858,7.1501,4.6877,1.5563,15.6485,90.0694,7.2952,9.4892,0.2028,0.434
Standard & Poor's Ratings Services,Nucor Corp.,AA,2016-09-23,73309,1,3312.0,Manuf,NUE,3.0708,0.3507,0.5677,8.762,6.174,6.174,9.6065,5.4361,3.2078,1.3515,9.6415,15.1343,4.9857,6.2607,0.8186,2.4884
Standard & Poor's Ratings Services,Atmos Energy Corp.,AA,2016-09-22,731802,1,4924.0,Utils,ATO,0.5423,0.4328,0.9063,55.7335,20.9168,20.9168,30.3052,16.9175,10.7645,0.3225,9.5663,12.4638,3.3677,5.4262,0.4607,-0.5502
Standard & Poor's Ratings Services,Lennar Corp.,B+,2016-09-22,920760,0,1531.0,Other,LEN,7.8572,0.4579,0.9743,13.7456,11.4631,11.4631,12.1338,12.7677,8.3825,0.657,13.7679,13.7679,5.6812,7.4641,1.6724,0.982
Standard & Poor's Ratings Services,Range Resources Corp.,BB+,2016-09-22,315852,0,1311.0,Enrgy,RRC,1.2484,0.49,0.9607,91.4101,-25.5905,-25.5905,49.5448,-65.8522,-44.6874,0.2316,-25.8614,-25.8614,-10.3432,-13.1896,-1.7713,0.221
Standard & Poor's Ratings Services,Accenture plc,A+,2016-09-22,1467373,1,8742.0,Other,ACN,1.3488,0.003,0.0033,29.5348,13.824,13.824,15.9192,16.1033,11.8166,1.6885,53.1128,94.9707,21.1054,52.9546,0.8368,0.673
Moody's Investors Service,Lear Corporation,BBB-,2016-09-22,842162,1,2531.0,Manuf,LEA,1.3769,0.3903,0.6478,9.9926,6.5168,6.5168,8.4266,5.664,4.0936,1.9362,26.3711,40.5214,8.4607,16.0787,4.9927,3.9423
Standard & Poor's Ratings Services,Cenovus Energy Inc.,BBB,2016-09-21,1475260,1,2911.0,Enrgy,CVE,3.4839,0.3449,0.5266,43.417,7.5857,7.5857,23.7676,4.1105,4.7306,0.5065,4.9875,5.0868,2.3962,3.2671,-2.8074,-1.1229
Standard & Poor's Ratings Services,Eldorado Gold Corp.,BB-,2016-09-21,918608,0,1040.0,Other,EGO,2.4164,0.1307,0.1503,47.3736,6.9193,6.9193,25.5634,-384.9332,-321.6369,0.0877,-41.3814,-41.9188,-29.6941,-35.9744,-0.4193,0.0409
Standard & Poor's Ratings Services,Tempur Sealy International Inc.,BB,2016-09-20,1206264,0,2510.0,Durbl,TPX,1.1348,0.8144,5.0131,39.5993,9.716,9.716,13.3361,6.0578,2.0446,1.188,22.6396,-5.8945,2.4741,4.2021,0.0287,-0.0433
Standard & Poor's Ratings Services,Brookfield Asset Management Inc.,A,2016-09-20,1001085,1,6200.0,Money,BAM,1.6801,0.4777,0.991,28.5668,19.8922,19.8922,27.897,35.5696,16.0967,0.1418,10.4813,10.9631,4.023,5.1099,0.3156,0.4203
Fitch Ratings,"Brinker International, Inc.",BBB-,2016-09-20,703351,1,5812.0,Shops,EAT,0.4096,1.2549,-4.9396,18.9906,9.746,9.746,14.5463,8.7916,6.1587,2.2335,-88.9368,-47.7885,13.7557,22.6659,1.0955,1.3937
Standard & Poor's Ratings Services,Comstock Resources Inc.,CCC-,2016-09-20,23194,0,1311.0,Enrgy,CRK,1.6322,1.1589,-7.295,71.9937,-461.7878,-461.7878,-332.4539,-476.01,-414.8248,0.2111,611.4219,611.4217,-87.5619,-97.1279,-39.8128,10.8429
Moody's Investors Service,Hess Corporation,BB+,2016-09-19,4447,0,1311.0,Enrgy,HES,1.3014,0.2096,0.2682,83.9899,19.1581,19.1581,49.1851,22.6879,21.5796,0.2796,7.5806,8.269,4.4054,5.9917,-0.4696,-3.3979
Standard & Poor's Ratings Services,Hewlett Packard Enterprise Co.,A,2016-09-19,1645590,1,3571.0,BusEq,HPE,1.3624,0.3081,0.4657,32.3841,6.2619,6.2619,18.9626,6.2265,7.919,0.3889,7.7835,55.8494,3.3035,5.3854,-1.7721,-1.7449
Standard & Poor's Ratings Services,Eli Lilly & Co.,AAA,2016-09-19,59478,1,2834.0,Hlth,LLY,1.2245,0.2574,0.5213,74.8542,13.5596,13.5596,20.5897,15.2955,12.1867,0.5403,15.5347,22.2459,6.584,11.5367,-1.1368,-1.4371
Standard & Poor's Ratings Services,General Mills Inc.,BBB+,2016-09-19,40704,1,2040.0,NoDur,GIS,0.7851,0.5708,1.5886,35.1957,16.346,16.346,20.0174,14.5118,10.2481,0.7628,32.726,-21.7843,7.9992,14.0463,0.4082,0.3569
Standard & Poor's Ratings Services,Boston Scientific Corp.,BBB-,2016-09-16,885725,1,3845.0,Hlth,BSX,1.267,0.373,0.6573,70.0542,-4.0786,-4.0786,8.3875,-6.897,-1.6125,0.4335,-1.843,2.3578,-0.699,-1.1556,0.1306,0.0782
Moody's Investors Service,Range Resources Corporation,B+,2016-09-16,315852,0,1311.0,Enrgy,RRC,1.2484,0.49,0.9607,91.4101,-25.5905,-25.5905,49.5448,-65.8522,-44.6874,0.2316,-25.8614,-25.8614,-10.3432,-13.1896,-1.7713,0.221
Standard & Poor's Ratings Services,Norfolk Southern Corp.,BBB+,2016-09-16,702165,1,4011.0,Other,NSC,1.126,0.4352,0.8281,65.1603,27.4379,27.4379,37.5131,23.2328,14.7465,0.3079,12.7667,12.7667,4.5578,7.21,0.2252,-0.9901
Standard & Poor's Ratings Services,"EnPro Industries, Inc.",BB-,2016-09-16,1164863,0,3050.0,Manuf,NPO,1.8583,0.577,1.4437,32.8379,3.1219,3.1219,7.9459,-1.5443,-1.7353,0.8036,-4.5455,-28.4354,-1.3944,-1.9227,2.5963,2.7835
Standard & Poor's Ratings Services,Century Aluminum Co.,BB-,2016-09-16,949157,0,3350.0,Manuf,CENX,2.6779,0.1969,0.2529,2.1188,-2.0047,-2.0047,2.1042,-2.109,-3.0418,1.1126,-5.8792,-5.8792,-3.3844,-4.7218,-1.9576,-1.9676
Fitch Ratings,"Allison Transmission, Inc.",BB,2016-09-15,1411207,0,3714.0,Durbl,ALSN,2.025,0.6644,2.0,47.0292,21.6012,21.6012,31.3192,14.5519,9.1641,0.4505,15.3121,-8.7198,4.1285,5.1394,0.132,0.156
Moody's Investors Service,"Gilead Sciences, Inc.",A-,2016-09-15,882095,1,2836.0,Hlth,GILD,3.0748,0.4418,0.8221,84.781,61.3299,61.3299,65.5484,59.6866,48.6179,0.718,76.2311,337.4091,34.7883,42.5497,5.9507,5.7246
Moody's Investors Service,"Coeur Mining, Inc.",B,2016-09-14,215466,0,1040.0,Other,CDE,3.1888,0.535,1.2342,28.0688,-49.048,-49.048,-24.238,-56.445,-65.4041,0.4213,-68.2865,-68.2865,-21.5995,-31.756,0.3531,0.2954
Fitch Ratings,MPLX LP,BBB-,2016-09-14,1552000,1,4610.0,Other,MPLX,0.9216,0.3522,0.5436,59.0372,34.6049,34.6049,46.7757,30.3361,8.9918,0.0684,3.4447,5.0219,2.0678,2.2316,-0.1564,-1.6591
Standard & Poor's Ratings Services,"Activision Blizzard, Inc.",BBB-,2016-09-14,718877,1,7372.0,BusEq,ATVI,2.4101,0.3741,0.5978,65.4038,26.8376,26.8376,34.8457,22.255,18.5345,0.3011,11.5443,-250.7508,5.7028,7.2251,0.612,0.5362
Moody's Investors Service,"Consolidated Communications, Inc.",BB-,2016-09-14,1304421,0,4813.0,Telcm,CNSL,0.876,0.8461,5.5398,57.6661,11.315,11.315,34.9442,0.2712,-0.1136,0.3627,-0.2677,0.1204,-0.0314,-0.0412,-0.1031,0.0502
Fitch Ratings,Nvidia Corporation,BBB+,2016-09-14,1045810,1,3674.0,BusEq,NVDA,6.3761,0.2404,0.3164,55.5105,16.211,16.211,21.5079,16.1256,13.4772,0.6502,14.2825,17.6356,8.7627,10.8494,0.0515,0.1033
Moody's Investors Service,"Cisco Systems, Inc.",A+,2016-09-13,858877,1,3576.0,BusEq,CSCO,3.16,0.278,0.4505,62.8668,25.7072,25.7072,30.0729,26.2351,21.8064,0.4048,16.8892,31.1646,8.8276,12.194,0.2279,0.2449
Standard & Poor's Ratings Services,Callon Petroleum Co.,B+,2016-09-13,928022,0,1311.0,Enrgy,CPE,0.7084,0.4753,0.9057,100.0,-152.0667,-152.0667,-98.4903,-146.6527,-180.3726,0.1744,-66.201,-66.1981,-30.4515,-34.7362,-6.943,8.4825
Standard & Poor's Ratings Services,Brinker International Inc.,BB+,2016-09-13,703351,0,5812.0,Shops,EAT,0.4096,1.2549,-4.9396,18.9906,9.746,9.746,14.5463,8.7916,6.1587,2.2335,-88.9368,-47.7885,13.7557,22.6659,1.0955,1.3937
Moody's Investors Service,"Axalta Coating Systems, LLC",B+,2016-09-13,1616862,0,2851.0,Chems,AXTA,2.1118,0.7482,3.0157,36.8054,11.3285,11.3285,19.3163,3.8418,2.2287,0.705,8.3947,-9.7895,1.6432,2.1136,0.618,0.8599
Standard & Poor's Ratings Services,"Donnelley Financial Solutions, Inc.",BB+,2016-09-13,1669811,0,7370.0,BusEq,DFIN,1.5424,0.0447,0.0609,39.8285,16.4555,16.4555,20.4288,16.3602,9.9381,1.2836,16.7282,97.1136,12.7569,15.9798,-0.1358,-0.2469
Moody's Investors Service,V.F. Corporation,A-,2016-09-13,103379,1,2320.0,NoDur,VFC,2.1441,0.2066,0.3444,49.04,14.9579,14.9579,18.7376,14.2252,11.2,1.1408,22.6015,73.8586,12.6257,17.9331,-1.2177,-1.2749
Standard & Poor's Ratings Services,"Iron Mountain Information Management, LLC",BB-,2016-09-12,1020569,0,6798.0,Money,IRM,1.0191,0.9,9.1669,57.1132,17.4379,17.4379,29.2303,5.3879,4.0971,0.4737,23.6855,-5.1404,1.9715,2.3685,0.1503,0.406
Moody's Investors Service,Callon Petroleum Company,B-,2016-09-12,928022,0,1311.0,Enrgy,CPE,0.7084,0.4753,0.9057,100.0,-152.0667,-152.0667,-98.4903,-146.6527,-180.3726,0.1744,-66.201,-66.1981,-30.4515,-34.7362,-6.943,8.4825
Standard & Poor's Ratings Services,Exxon Mobil Corp.,AAA,2016-09-12,34088,1,2911.0,Enrgy,XOM,0.8186,0.0605,0.1608,20.2651,12.5334,12.6028,16.8018,12.5334,7.8944,1.1787,18.5653,18.5653,9.6182,17.4427,0.3724,0.296
Moody's Investors Service,PDC Energy,B,2016-09-12,77877,0,1311.0,Enrgy,PDCE,1.1019,0.2914,0.4991,96.902,-10.7208,-10.7208,42.4586,-17.9041,-11.4694,0.2511,-5.3045,-5.3045,-2.8804,-3.7586,4.0459,1.5396
DBRS,"Nordstrom, Inc.",BBB+,2016-09-09,72333,1,5651.0,Shops,JWN,1.0354,0.7624,3.2204,36.4965,7.6262,7.6262,11.1727,6.7604,4.156,1.8754,68.8863,137.6147,7.7942,16.3666,6.6915,5.4471
HR Ratings de Mexico S.A. de C.V.,"Industrias Bachoco, S.A.B. de C.V.",AAA,2016-09-09,1044896,1,2015.0,NoDur,IBA,3.687,0.0635,0.1006,22.2219,12.786,12.786,14.7143,13.377,9.3993,1.1991,16.1426,16.3777,11.2868,15.1172,-2.4359,-3.2333
Standard & Poor's Ratings Services,California Resources Corporation,CCC+,2016-09-09,1609253,0,1311.0,Enrgy,CRC,0.724,1.1787,-6.7063,60.4245,-213.9825,-213.9825,-172.3262,-227.8818,-147.8985,0.3407,387.9913,387.9913,-50.3899,-69.3193,-51.5459,-7.33
Standard & Poor's Ratings Services,Sanofi,AA,2016-09-09,1121404,1,2834.0,Hlth,SNY,1.4816,0.1839,0.2844,68.6785,18.1808,18.1808,30.4466,15.0397,12.2974,0.3407,7.7512,68.0851,4.4097,6.3257,-0.3548,-0.7883
Moody's Investors Service,"Beazer Homes USA, Inc.",B-,2016-09-08,915840,0,1531.0,Other,BZH,17.9751,0.7063,2.4053,16.7409,3.1699,3.1699,3.9895,1.3537,21.1436,0.6755,54.9788,54.9788,14.3859,16.145,2.496,2.4513
Moody's Investors Service,Cleveland-Cliffs Inc.,B,2016-09-08,764065,0,1000.0,Other,CLF,1.6894,3.0406,-1.4901,11.7469,7.515,7.515,17.9755,15.5516,-39.1248,0.9428,-5.651,-7.9322,6.7291,16.1861,-2.0976,-0.7679
Fitch Ratings,Westlake Chemical Corporation,BBB,2016-09-08,1262823,1,2860.0,Chems,WLK,4.1619,0.1755,0.2128,26.5517,21.5102,21.5102,27.0222,21.5774,14.4074,0.8014,18.6697,19.8595,11.9405,15.3932,0.4307,-0.056
Moody's Investors Service,Thermo Fisher Scientific Inc.,BBB,2016-09-07,97745,1,3826.0,BusEq,TMO,1.2224,0.3754,0.7088,44.3587,14.8198,14.8198,24.7951,12.3579,11.2164,0.3941,9.2247,-15.2806,4.4234,5.7615,1.0149,0.7899
Moody's Investors Service,Dell Inc.,BB,2016-09-07,826083,0,3571.0,BusEq,DELL,0.9314,0.879,9.2981,16.4739,-1.0096,-1.0096,4.7475,-2.526,-2.1685,1.1283,-79.6726,7.5272,-2.5885,-9.6401,-0.9761,-0.8227
Standard & Poor's Ratings Services,Louisiana-Pacific Corp.,BB,2016-09-07,60519,0,2400.0,Other,LPX,5.3783,0.425,0.7413,11.0859,-3.3448,-3.3448,2.0396,-5.041,-4.6552,0.8696,-8.4562,-8.5377,-3.9517,-4.8621,0.58,0.2584
Standard & Poor's Ratings Services,Fresenius Medical Care AG & Co. KGaA,BB+,2016-09-07,1333141,0,8090.0,Hlth,FMS,1.6312,0.428,0.8238,31.8515,13.9013,13.9013,18.1869,11.5624,6.1505,0.6599,12.511,-38.9978,5.177,7.1563,0.1411,0.1258
Standard & Poor's Ratings Services,Gray Television Inc.,B+,2016-09-07,43196,0,4833.0,Telcm,GTN,3.258,0.7397,2.8422,37.3603,23.4462,23.4462,35.1651,11.0067,6.5792,0.2808,9.1552,-3.3826,1.8471,2.3828,-0.7528,-0.5519
Standard & Poor's Ratings Services,EOG Resources Inc.,A,2016-09-06,821189,1,1311.0,Enrgy,EOG,1.4249,0.3394,0.5142,100.0,-76.3475,-76.3475,-38.5094,-79.0364,-51.6649,0.3247,-34.9571,-34.9571,-16.7758,-23.0938,-9.1794,-4.0166
Standard & Poor's Ratings Services,Horizon Global Corp.,B,2016-09-06,1637655,0,3714.0,Durbl,HZN,1.6434,0.9889,94.37,24.8545,3.4005,3.4005,6.5125,1.2198,1.4422,1.7357,415.0,-14.205,2.5032,4.5955,-0.0647,0.1088
Standard & Poor's Ratings Services,Texas Eastern Transmission LP,BBB,2016-09-06,97476,1,3674.0,BusEq,TXN,2.7687,0.2388,0.4142,58.2692,33.2462,33.2462,41.9615,32.4308,22.9692,0.801,30.0221,74.6313,18.398,22.8532,0.462,0.2642
Moody's Investors Service,Cabot Corporation,BBB,2016-09-06,16040,1,2890.0,Chems,CBT,2.3764,0.4203,0.7422,20.3762,-11.0415,-11.0415,7.5932,-13.1313,-11.6336,0.9337,-24.5142,-31.8138,-10.6667,-14.2114,3.032,3.4347
Moody's Investors Service,"Magellan Midstream Partners, L.P.",BBB+,2016-09-06,1126975,1,4610.0,Other,MMP,0.4752,0.612,1.7013,79.5621,44.198,44.198,51.8204,37.536,37.4293,0.3622,40.5158,41.6513,13.5581,15.719,-0.1707,-1.0036
Fitch Ratings,Telefonica SA,BBB,2016-09-05,814052,1,4812.0,Telcm,TEF,0.9056,0.631,2.1799,72.6593,6.1352,6.1352,6.1352,0.6586,5.8133,0.384,1.0814,-2.3371,0.2423,0.3991,-0.4546,0.1433
Standard & Poor's Ratings Services,Beacon Roofing Supply Inc.,B+,2016-09-02,1124941,0,5030.0,Shops,BECN,2.1758,0.179,0.2493,23.671,4.655,4.655,6.0411,4.2162,2.4761,1.6338,7.052,20.7835,4.0455,5.7895,1.0682,1.398
Standard & Poor's Ratings Services,Westlake Chemical Corp.,BBB,2016-09-02,1262823,1,2860.0,Chems,WLK,4.1619,0.1755,0.2128,26.5517,21.5102,21.5102,27.0222,21.5774,14.4074,0.8014,18.6697,19.8595,11.9405,15.3932,0.4307,-0.056
Fitch Ratings,"Walgreens Boots Alliance, Inc.",BBB,2016-09-01,1618921,1,5912.0,Shops,WBA,1.5214,0.3818,0.6284,25.457,5.1137,5.1452,6.6092,4.3834,3.556,1.6144,13.8404,94.1375,5.7657,8.5555,1.8175,1.0224
Standard & Poor's Ratings Services,"MACOM Technology Solutions Holdings, Inc.",B+,2016-08-31,1493594,0,3674.0,BusEq,MTSI,5.3755,0.4411,0.7989,48.4036,2.3994,2.3994,20.8334,-3.6614,11.5521,0.4886,-1.3054,-6.3322,-0.6438,-0.7296,0.1166,-0.2409
Standard & Poor's Ratings Services,Barrick Gold Corp.,BBB-,2016-08-31,756894,1,1040.0,Other,GOLD,2.4729,0.4978,1.017,33.2943,-15.2066,-15.2066,0.8888,-25.9107,-28.3915,0.3022,-23.0058,-36.405,-8.734,-11.5541,-2.1769,1.131
Standard & Poor's Ratings Services,Yamana Gold Inc.,BB+,2016-08-31,1264089,0,1040.0,Other,AUY,1.058,0.2313,0.3008,43.0113,-43.9104,-44.2973,-16.8601,-45.5616,-75.3692,0.147,-17.7475,-19.1503,-9.5715,-13.6432,-0.2429,0.3322
Moody's Investors Service,"Johnson Controls, Inc.",BBB+,2016-08-31,788329,1,3690.0,BusEq,JOUT,2.8571,0.0344,0.0375,39.8925,4.1471,4.1471,6.8938,3.6593,2.466,1.4388,5.3625,6.1725,3.5481,5.1778,-1.5913,-1.4262
Standard & Poor's Ratings Services,Greif Inc.,BB-,2016-08-29,43920,0,2650.0,Manuf,GEF,1.5587,0.5129,1.1205,18.5196,5.3308,5.3308,9.0525,3.1742,-0.741,1.0908,6.3402,55.9534,2.0267,3.0881,-1.1841,-0.7488
Standard & Poor's Ratings Services,"America Movil, B.V.",A-,2016-08-29,1129137,1,4812.0,Telcm,AMX,0.8256,0.778,4.2476,53.248,15.8207,15.8207,29.8807,6.2825,3.9234,0.6897,22.9996,-36.6207,2.8534,5.1063,-2.4147,-1.8694
Standard & Poor's Ratings Services,Snap-on Inc.,A,2016-08-29,91440,1,3420.0,Manuf,SNA,2.6691,0.2617,0.3621,49.1619,22.8108,22.8108,25.2714,21.1912,14.2776,0.7741,20.1835,33.9375,11.3274,14.901,1.7615,1.8105
Standard & Poor's Ratings Services,Scotts Miracle-Gro Co. (The),B+,2016-08-26,825542,0,2870.0,Chems,SMG,1.8092,0.6182,1.8285,34.1951,10.7039,10.7039,13.6139,8.6458,6.7395,0.9382,20.3285,-42.0863,5.0926,7.7619,0.1274,0.5619
Moody's Investors Service,"Medpace Holdings, Inc.",B+,2016-08-25,1668397,0,8731.0,Other,MEDP,0.7068,0.4968,0.9873,54.4067,5.7266,5.7266,25.837,-2.1807,-2.4155,0.3649,-2.0976,1.9972,-0.8814,-1.0556,0.3032,0.2692
Standard & Poor's Ratings Services,Vista Outdoor Inc.,BB+,2016-08-25,1616318,0,3480.0,Manuf,VSTO,2.8454,0.2822,0.4037,27.2795,11.5715,11.5715,14.8795,10.4991,6.4753,0.7717,8.8568,-1068.895,4.9968,6.3571,0.7641,0.7777
Fitch Ratings,Signet Jewelers Ltd,BB-,2016-08-25,832988,0,5944.0,Shops,SIG,3.9858,0.3015,0.4505,37.2569,10.7432,10.7432,13.0363,10.0424,7.1433,1.0132,15.2874,22.0979,7.2375,10.6785,2.0334,1.9372
Moody's Investors Service,Edison International,A-,2016-08-24,827052,1,4911.0,Utils,EIX,0.5387,0.4484,0.8868,62.9816,17.4245,17.4245,34.823,13.6064,8.8511,0.2294,8.0819,8.0819,2.1541,4.458,3.8329,2.8632
Egan-Jones Ratings Company,CLEARWATER,BBB-,2016-08-24,1441236,1,2670.0,Manuf,CLW,1.8731,0.5451,1.1982,13.6699,7.0572,7.0572,11.8924,5.2778,3.1946,1.1473,11.7892,22.7769,3.6653,5.3631,1.5742,-0.67
Standard & Poor's Ratings Services,Titan International Inc.,B,2016-08-24,899751,0,3523.0,Manuf,TWI,2.6287,0.5797,1.4699,9.6606,-1.9605,-1.9605,3.0308,-3.9485,-6.6564,1.098,-26.0611,-26.0611,-7.0718,-10.953,-1.0118,-0.8213
Standard & Poor's Ratings Services,"PDC Energy, Inc.",BB-,2016-08-24,77877,0,1311.0,Enrgy,PDCE,1.1019,0.2914,0.4991,96.902,-10.7208,-10.7208,42.4586,-17.9041,-11.4694,0.2511,-5.3045,-5.3045,-2.8804,-3.7586,4.0459,1.5396
Standard & Poor's Ratings Services,Southern Power Company,A,2016-08-23,1001838,1,1000.0,Other,SCCO,2.6996,0.529,1.1231,41.9806,28.0307,28.0307,38.1518,23.5677,14.594,0.4007,13.9851,14.4068,5.8849,6.5871,-0.5301,-0.1295
Standard & Poor's Ratings Services,Texas Gas Transmission LLC,BBB-,2016-08-22,97476,1,3674.0,BusEq,TXN,2.7687,0.2388,0.4142,58.2692,33.2462,33.2462,41.9615,32.4308,22.9692,0.801,30.0221,74.6313,18.398,22.8532,0.462,0.2642
Standard & Poor's Ratings Services,"CoreCivic, Inc.",BB,2016-08-19,1070985,0,6798.0,Money,CXW,1.1059,0.4455,0.8035,29.7979,14.5911,14.5911,21.6971,12.2636,11.842,0.5282,13.1638,13.3085,6.2554,7.2989,0.2398,0.2625
Moody's Investors Service,"HudBay Minerals, Inc.",B-,2016-08-19,1322422,0,1000.0,Other,HBM,1.1526,0.4027,0.7133,13.3586,-37.0667,-37.0667,-12.5064,-45.0359,-37.4051,0.1978,-18.5436,-18.636,-7.3986,-11.0761,-0.4739,1.6841
Standard & Poor's Ratings Services,FTI Consulting Inc.,BB+,2016-08-18,887936,0,8721.0,Other,FCN,2.1368,0.3013,0.4311,34.1571,9.2466,9.2466,11.6027,5.9234,3.7126,0.7982,5.7557,-57.6228,2.9633,4.0218,0.0287,0.24
Standard & Poor's Ratings Services,Magellan Midstream Partners LP,A,2016-08-18,1126975,1,4610.0,Other,MMP,0.4752,0.612,1.7013,79.5621,44.198,44.198,51.8204,37.536,37.4293,0.3622,40.5158,41.6513,13.5581,15.719,-0.1707,-1.0036
Moody's Investors Service,Archer-Daniels-Midland Company,A,2016-08-17,7084,1,2070.0,NoDur,ADM,1.6164,0.2439,0.328,5.858,2.9261,2.9261,4.2288,3.3736,2.7311,1.6859,10.3042,12.9753,4.597,7.791,-4.7895,-5.2383
Moody's Investors Service,Entergy Corporation,BBB-,2016-08-17,65984,1,4911.0,Utils,ETR,1.3163,0.5784,1.4465,66.6213,-2.5984,-2.5984,15.7911,-6.9456,-1.5336,0.2579,-1.6932,-1.704,-0.351,-0.69,-3.2047,-2.6079
Standard & Poor's Ratings Services,Cummins Inc.,AA,2016-08-17,26172,1,3510.0,Manuf,CMI,2.0897,0.169,0.2115,25.887,10.764,10.764,13.4537,10.5966,7.3208,1.2627,18.9677,21.1816,9.7132,15.7624,-0.8025,-0.7743
Moody's Investors Service,MGM Resorts International,B+,2016-08-16,789570,0,7990.0,Other,MGM,0.8883,0.6267,1.8419,36.8309,13.1278,13.1278,21.5925,4.0754,-1.4865,0.3791,1.6672,34.7189,0.4782,0.6224,-0.3728,-1.0226
Standard & Poor's Ratings Services,"Leidos Holdings, Inc.",BBB-,2016-08-16,1336920,1,7373.0,BusEq,LDOS,1.724,0.5026,1.0122,12.0119,6.7912,6.7912,7.6613,7.534,5.1358,1.3982,22.7528,-148.1707,7.2107,11.3181,0.0405,1.1351
Moody's Investors Service,Wolverine World Wide Inc,BB-,2016-08-16,110471,0,3140.0,NoDur,WWW,2.8695,0.4498,0.8351,39.0734,7.4714,7.4714,9.2807,6.1153,4.5623,1.1057,12.705,-50.888,5.0608,6.9897,-0.9879,-1.1522
Fitch Ratings,"PerkinElmer, Inc.",BBB,2016-08-16,31791,1,3826.0,BusEq,PKI,1.7889,0.3386,0.5124,45.1523,7.9718,7.9718,13.495,5.9843,7.6226,0.5015,6.3728,-17.7727,3.1529,4.215,1.0786,0.7456
Standard & Poor's Ratings Services,ManpowerGroup Inc.,BBB,2016-08-15,871763,1,7363.0,Other,MAN,1.4853,0.1256,0.159,16.8002,3.4673,3.4673,3.8709,3.2828,2.0595,2.8913,14.5294,27.0462,5.9544,12.705,-1.1894,-1.2399
Standard & Poor's Ratings Services,PG&E Corp.,A,2016-08-15,1004980,1,4931.0,Utils,PCG,0.9136,0.4862,1.0164,65.7696,8.9586,8.9586,24.4757,5.115,5.1922,0.2662,5.2769,5.2769,1.4043,2.7112,-0.0893,-0.4285
Standard & Poor's Ratings Services,Packaging Corp. of America,BBB,2016-08-15,75677,1,2650.0,Manuf,PKG,2.4597,0.6092,1.5639,21.0078,12.0066,12.0066,18.684,10.4962,6.6107,1.11,25.8052,57.6421,7.4458,10.0845,1.3429,-0.5805
Standard & Poor's Ratings Services,Microsoft Corp.,AAA,2016-08-15,789019,1,7372.0,BusEq,MSFT,2.3529,0.3603,0.7425,64.0389,28.6087,28.6087,36.5645,28.1271,22.5322,0.4712,28.5276,40.7585,10.6162,18.2481,0.5645,0.2435
Fitch Ratings,Murphy Oil Corporation,BBB-,2016-08-12,717423,1,1311.0,Enrgy,MUR,1.0417,0.227,0.3479,100.0,28.3237,28.3237,64.6459,22.868,16.5376,0.3274,11.9552,11.9552,6.1289,9.2414,-0.0333,6.6409
Standard & Poor's Ratings Services,SAP SE,A,2016-08-12,1000184,1,7372.0,BusEq,SAP,0.9155,0.2832,0.5891,69.9772,24.6583,24.6583,30.41,24.8064,18.6503,0.4576,16.7194,-56.0479,8.537,11.9846,-0.4427,-0.4427
Standard & Poor's Ratings Services,Dover Corp.,A-,2016-08-12,29905,1,3585.0,Manuf,DOV,1.7693,0.4167,0.7559,36.9182,13.2364,13.2364,17.9384,11.5091,12.5042,0.8083,16.3498,-39.5662,6.924,9.5368,0.335,0.3558
Standard & Poor's Ratings Services,Penske Automotive Group Inc.,B+,2016-08-12,1019849,0,5500.0,Shops,PAG,1.0633,0.4391,2.4385,14.9675,2.9039,2.9039,3.3113,2.6573,1.6638,2.384,18.1299,1259.494,4.2168,10.1695,0.6676,0.656
Standard & Poor's Ratings Services,Black Hills Corp.,BBB,2016-08-11,1130464,1,4911.0,Utils,BKH,1.9847,0.5584,1.317,63.7771,23.8179,23.8179,34.3542,17.4583,-2.5458,0.2726,9.6563,12.8362,3.0594,4.2641,2.3006,5.354
Standard & Poor's Ratings Services,Kimberly-Clark Corp.,AA,2016-08-11,55785,1,2621.0,Manuf,KMB,0.8546,0.9935,194.375,35.6301,8.6762,8.6762,12.6889,7.1809,5.4489,1.2526,2665.0,-75.8179,7.1823,17.3446,-1.243,-1.3729
Moody's Investors Service,"Fidelity National Information Services, Inc.",BBB-,2016-08-11,1136893,1,7374.0,BusEq,FIS,1.5468,0.4303,0.7573,32.5277,19.8191,19.8191,29.8924,16.4198,10.5879,0.4417,10.73,-16.5152,4.9447,6.1127,0.4271,0.2826
Standard & Poor's Ratings Services,Amgen Inc.,A,2016-08-10,318154,1,2836.0,Hlth,AMGN,4.4454,0.5096,1.1191,80.4866,39.1007,39.1007,48.8321,36.8295,32.0331,0.3032,24.7089,419.2749,9.7118,12.1174,1.0777,1.5885
Moody's Investors Service,Duke Energy Corporation,BBB+,2016-08-10,1326160,1,4931.0,Utils,DUK,1.0304,0.4754,1.0363,64.8274,21.5114,21.5114,37.0918,16.7178,8.3655,0.1867,6.2055,10.3263,2.1052,3.2555,0.2757,0.4876
Standard & Poor's Ratings Services,Mohawk Industries Inc.,BBB+,2016-08-10,851968,1,2273.0,NoDur,MHK,1.531,0.2407,0.5095,27.6057,9.9033,9.9033,14.3317,8.5077,6.8171,0.9418,12.0343,25.1484,6.4239,9.1375,1.7626,-0.8255
Moody's Investors Service,Baxter International Inc.,BBB,2016-08-10,10456,1,2834.0,Hlth,BAX,1.6833,0.4734,1.107,42.7372,6.12,6.12,13.5087,4.5713,23.2951,0.4101,5.6032,12.6628,1.7484,2.9509,0.0524,-0.3527
Standard & Poor's Ratings Services,Builders FirstSource Inc.,B+,2016-08-09,1316835,0,2452.0,Other,BLDR,1.6244,0.928,13.0813,25.2904,2.5461,2.5461,4.7122,-0.5174,-0.6405,1.2368,-15.3028,2.9269,-0.7922,-1.102,1.4421,1.3127
Moody's Investors Service,Canadian Natural Resources Limited,BBB-,2016-08-09,1017413,1,1311.0,Enrgy,CNQ,0.8834,0.3549,0.6133,42.5301,-4.6025,-4.6025,39.7476,-5.3951,-5.1525,0.2086,-2.3264,-2.3264,-1.0747,-1.5007,-2.9536,3.2618
Moody's Investors Service,"Ameriprise Financial, Inc",A-,2016-08-08,820027,1,6211.0,Money,AMP,0.8581,0.5162,1.0886,100.0,23.435,29.2468,31.3173,20.7613,13.1969,0.0824,21.5153,21.5153,1.3453,10.4087,5.7164,5.6439
DBRS,BCE Inc.,BBB+,2016-08-08,718940,1,4813.0,Telcm,BCE,0.5004,0.5177,1.3189,40.7708,22.0274,22.0274,38.4327,17.332,12.917,0.4545,19.8914,-66.3148,4.8271,7.0735,-0.9975,-0.7621
Standard & Poor's Ratings Services,Valmont Industries Inc.,BBB+,2016-08-08,102729,1,3440.0,Manuf,VMI,3.5068,0.3801,0.6252,25.8751,11.4537,11.4537,14.3139,9.0993,5.8907,1.1441,15.1405,28.5423,6.9356,9.3858,-8.0246,-8.1731
Standard & Poor's Ratings Services,Boyd Gaming Corp.,B,2016-08-05,906553,0,7990.0,Other,BYD,0.6774,0.8851,7.7721,44.7105,8.1098,8.1098,18.9064,-2.6156,-2.4759,0.4844,-11.5559,4.2849,-1.1447,-1.3276,-0.213,-0.0295
Moody's Investors Service,CDW LLC,BB-,2016-08-05,1402057,0,5045.0,Shops,CDW,1.6713,0.7709,3.3807,15.9121,5.5737,5.5737,7.3485,3.2109,2.0282,1.9873,26.1506,-9.9963,4.0307,5.992,0.2093,0.1878
Standard & Poor's Ratings Services,Entergy Corp,A,2016-08-04,65984,1,4911.0,Utils,ETR,1.3163,0.5784,1.4465,66.6213,-2.5984,-2.5984,15.7911,-6.9456,-1.5336,0.2579,-1.6932,-1.704,-0.351,-0.69,-3.2047,-2.6079
Standard & Poor's Ratings Services,Williams Companies Inc. (The),BB,2016-08-04,107263,0,4922.0,Utils,WMB,0.6115,0.5947,1.5092,75.8288,3.0707,3.0707,41.6033,-23.2745,-7.7582,0.1501,-8.0986,-21.1662,-2.6805,-3.282,0.6915,1.9921
Moody's Investors Service,"SPX FLOW, Inc.",B+,2016-08-03,1641991,0,3561.0,Manuf,FLOW,1.5141,0.4389,0.8123,33.1673,6.4643,6.4643,10.0063,5.7442,3.6634,0.7229,6.8786,-26.3095,2.6451,3.8597,-2.1779,-2.5752
Standard & Poor's Ratings Services,Moody's Corporation,A,2016-08-03,1059556,1,7323.0,Other,MCO,2.2392,0.9834,59.3776,72.0991,43.1605,43.1605,46.0277,43.8173,29.6524,0.7141,2345.02,-75.9991,21.5464,38.8387,0.5975,0.4393
Moody's Investors Service,Dish Network Corporation,BB-,2016-08-03,1001082,0,4841.0,Telcm,DISH,0.6863,0.8164,5.0062,34.8177,9.3814,9.3814,15.7087,8.1127,5.2699,0.6653,30.6438,30.6438,3.6791,5.6249,0.1548,0.7372
Standard & Poor's Ratings Services,DISH Network Corp.,B-,2016-08-02,1001082,0,4841.0,Telcm,DISH,0.6863,0.8164,5.0062,34.8177,9.3814,9.3814,15.7087,8.1127,5.2699,0.6653,30.6438,30.6438,3.6791,5.6249,0.1548,0.7372
Moody's Investors Service,California Resources Corp.,CC,2016-08-02,1609253,0,1311.0,Enrgy,CRC,0.724,1.1787,-6.7063,60.4245,-213.9825,-213.9825,-172.3262,-227.8818,-147.8985,0.3407,387.9913,387.9913,-50.3899,-69.3193,-51.5459,-7.33
Moody's Investors Service,"Williams Companies, Inc. (The)",BB,2016-08-02,107263,0,4922.0,Utils,WMB,0.6115,0.5947,1.5092,75.8288,3.0707,3.0707,41.6033,-23.2745,-7.7582,0.1501,-8.0986,-21.1662,-2.6805,-3.282,0.6915,1.9921
Moody's Investors Service,Alphabet Inc.,AA,2016-08-02,1652044,1,7370.0,BusEq,GOOGL,4.6667,0.0163,0.0434,62.4425,25.8171,25.8171,32.5688,26.2052,21.1044,0.5085,13.5859,16.2481,11.0863,13.3643,4.653,6.108
Moody's Investors Service,Teva Pharmaceutical Industries Ltd,BBB,2016-08-02,818686,1,2834.0,Hlth,TEVA,1.4147,0.2183,0.3322,57.7855,17.0568,17.0568,23.7126,11.9683,8.0043,0.3624,5.9956,49.4887,2.9447,4.1713,0.4389,1.0061
Standard & Poor's Ratings Services,"Tesla, Inc.",B-,2016-08-01,1318605,0,3711.0,Durbl,TSLA,0.9897,0.6562,2.488,22.825,-17.7119,-17.7119,-5.3382,-21.6416,-21.9639,0.5015,-82.0024,-82.9837,-11.0148,-28.1929,-0.7261,-1.7191
Standard & Poor's Ratings Services,TAL International Group Inc.,BBB-,2016-08-01,1331745,1,7359.0,Other,TAL,1.3463,0.3408,0.5169,51.0226,13.7192,13.7192,16.8135,22.0828,16.5947,0.5841,23.3146,30.3545,9.6814,15.3697,0.0411,0.0402
Moody's Investors Service,MSCI Inc.,BB,2016-08-01,1408198,0,6282.0,Money,MSCI,2.1346,0.6366,1.752,75.0984,37.5715,37.5715,45.0071,32.5163,20.8042,0.3416,25.5176,-21.7917,7.3098,9.2724,0.3032,0.2924
Standard & Poor's Ratings Services,Triton Container International Ltd.,BBB,2016-08-01,1660734,1,7359.0,Other,TRTN,2.2483,0.6968,2.2985,92.309,39.7658,39.7658,83.0163,18.6083,15.6941,0.1519,9.2659,9.2659,2.7403,2.8092,0.7932,9.7107
Standard & Poor's Ratings Services,Merck Sharpe & Dohme Corp.,AAA,2016-07-29,64978,1,2834.0,Hlth,MRK,1.7723,0.2771,0.4387,60.3002,15.8226,15.8226,31.6642,40.9191,28.2217,0.4303,24.4594,77.4282,12.1568,17.6826,-1.1614,-1.0945
Standard & Poor's Ratings Services,Honeywell International Inc.,AA,2016-07-28,773840,1,9997.0,Other,HON,1.0916,0.2317,0.6552,30.6731,17.6978,17.6978,19.9865,17.0706,12.3584,0.7823,26.3167,-235.9786,9.8285,20.2194,0.604,0.6166
Standard & Poor's Ratings Services,Abbott Laboratories,AAA,2016-07-28,1800,1,3845.0,Hlth,ABT,1.2951,0.1355,0.3618,54.4723,12.8365,12.8365,20.4821,12.4364,11.2807,0.4913,7.9532,32.0246,4.1765,6.8752,0.2949,0.317
Moody's Investors Service,Canadian National Railway Company,A,2016-07-28,16868,1,4011.0,Other,CNI,0.7181,0.3754,0.6975,76.1002,41.7572,41.7572,50.9397,38.6488,28.0549,0.3464,23.6656,24.1832,9.7192,14.7817,0.1823,0.076
Standard & Poor's Ratings Services,Emerson Electric Co.,AA,2016-07-28,32604,1,3823.0,BusEq,EMR,1.2883,0.3454,0.8417,43.1288,26.537,26.537,30.0634,23.4291,16.678,0.7356,31.25,75.9797,11.4995,20.4558,-1.5052,-1.4498
Standard & Poor's Ratings Services,Olin Canada ULC,BB,2016-07-28,74303,0,2810.0,Chems,OLN,2.1607,0.394,0.6662,17.3122,9.08,9.08,15.2865,7.2595,4.7162,0.8307,10.3622,73.5809,3.8916,6.2799,-1.9209,-2.1285
Standard & Poor's Ratings Services,"HCA Healthcare, Inc.",B+,2016-07-27,860730,0,8062.0,Hlth,HCA,1.6296,1.2876,-4.5285,83.0381,15.1904,15.1904,20.234,9.429,5.0788,1.1917,-36.5189,-18.3754,7.6598,10.5047,1.9098,1.2845
Moody's Investors Service,"Builders FirstSource, Inc.",B-,2016-07-26,1316835,0,2452.0,Other,BLDR,1.6244,0.928,13.0813,25.2904,2.5461,2.5461,4.7122,-0.5174,-0.6405,1.2368,-15.3028,2.9269,-0.7922,-1.102,1.4421,1.3127
Standard & Poor's Ratings Services,"Controladora Mabe, S.A. de C.V.",BB+,2016-07-26,1520504,0,4512.0,Other,VLRS,1.0195,0.0312,0.2331,74.0309,13.8086,13.8086,16.3208,19.2647,13.5531,1.1913,36.1023,36.6101,16.1452,34.9758,1.539,1.8812
Standard & Poor's Ratings Services,Post Holdings Inc.,B,2016-07-25,1530950,0,2015.0,NoDur,POST,2.9015,0.5995,1.5023,25.2657,4.576,4.576,10.4449,-3.5992,-2.8463,0.5072,-3.8745,3.7605,-1.2582,-1.5516,3.3526,4.6475
Standard & Poor's Ratings Services,Tupperware Brands Corporation,BBB-,2016-07-25,1008654,1,3089.0,Manuf,TUP,0.8966,0.7907,4.787,67.4052,13.8016,13.8016,16.5689,11.3802,8.1356,1.429,115.4038,-273.2353,11.6256,24.155,-1.0924,-0.726
Standard & Poor's Ratings Services,Bed Bath & Beyond Inc.,BBB+,2016-07-25,886158,1,5700.0,Shops,BBBY,2.049,0.3681,0.5826,38.1721,11.6897,11.6897,13.953,10.9671,6.9522,1.865,32.8766,40.6051,12.9658,20.774,-0.0427,-0.2822
Standard & Poor's Ratings Services,Exelon Corp.,A,2016-07-25,1109357,1,4911.0,Utils,EXC,1.6817,0.4708,0.9643,55.5676,14.9727,14.9727,28.6345,11.3085,7.7054,0.3087,8.2436,9.1382,2.3589,4.3622,3.37,2.0307
Standard & Poor's Ratings Services,Portland General Electric Co.,A,2016-07-22,784977,1,4911.0,Utils,POR,0.8898,0.4771,0.9739,51.1591,16.2803,16.2803,32.3498,11.4331,9.0622,0.2632,7.6174,7.6174,2.3856,3.9833,-0.2947,5.1253
Standard & Poor's Ratings Services,"Hemisphere Media Holdings, LLC",B+,2016-07-21,1567345,0,4833.0,Telcm,HMTV,5.4421,0.4291,0.7812,68.2649,26.8642,26.8642,49.8297,17.5522,10.5856,0.2365,4.9307,-103.7374,2.503,2.8152,0.4234,0.3706
Standard & Poor's Ratings Services,CVS Health Corporation,BBB+,2016-07-21,64803,1,5912.0,Shops,CVS,1.2585,0.4138,0.7382,17.3058,6.1811,6.1811,7.5458,5.6207,3.4164,1.6583,14.058,-35.3833,5.6579,8.2401,0.6228,0.3695
Moody's Investors Service,Lennar Corporation,BB+,2016-07-21,920760,0,1531.0,Other,LEN,7.8572,0.4579,0.9743,13.7456,11.4631,11.4631,12.1338,12.7677,8.3825,0.657,13.7679,13.7679,5.6812,7.4641,1.6724,0.982
Standard & Poor's Ratings Services,Koninklijke Philips N.V.,A,2016-07-20,313216,1,3845.0,Hlth,PHG,1.3445,0.2529,0.3742,38.3619,2.272,2.272,7.9192,0.8648,1.9401,0.7545,2.015,50.0002,0.7795,1.5055,0.2378,0.5618
Standard & Poor's Ratings Services,Spirit Airlines Inc.,A,2016-07-19,1498710,1,4512.0,Other,SAVE,2.2013,0.3275,0.5275,78.4518,23.7745,23.7745,27.2802,23.4607,14.8132,0.8462,25.889,25.889,12.5356,17.4105,2.9583,-2.4588
Standard & Poor's Ratings Services,"M/I Homes, Inc.",BB-,2016-07-19,799292,0,1531.0,Other,MHO,6.2571,0.5063,1.0256,21.4138,7.8817,7.8817,8.6522,6.1287,3.3057,1.002,9.4389,8.6768,3.6567,4.2835,1.6886,1.6653
Standard & Poor's Ratings Services,Owens & Minor Inc.,BBB,2016-07-19,75252,1,5047.0,Shops,OMI,1.8566,0.3642,0.5727,12.4279,2.0501,2.0501,2.7253,1.7723,1.0487,3.5233,10.4181,21.6463,3.7281,6.6242,4.4109,4.9593
Moody's Investors Service,"NRG Energy, Inc.",B+,2016-07-19,1013871,0,4911.0,Utils,NRG,1.6894,0.7775,3.5819,26.9955,-32.8602,-32.8602,-19.6139,-40.4445,-51.9306,0.3749,-116.5072,-297.9294,-19.2537,-25.9287,-0.354,-1.317
Standard & Poor's Ratings Services,Magna International Inc.,A,2016-07-18,749098,1,3714.0,Durbl,MGA,1.2932,0.0856,0.1182,14.3447,7.2029,7.2029,10.0427,7.572,5.4705,1.9035,22.1607,26.1996,10.6341,20.2636,0.9532,0.0601
Standard & Poor's Ratings Services,Bristol-Myers Squibb Co.,A+,2016-07-18,14272,1,2834.0,Hlth,BMY,1.2991,0.3123,0.4637,76.3949,12.5423,12.5423,14.8128,12.5423,9.4505,0.5216,11.3075,26.6329,5.1373,7.7763,-0.6313,-0.8048
Standard & Poor's Ratings Services,Entravision Communications Corp.,BB,2016-07-18,1109116,0,4833.0,Telcm,EVC,3.579,0.6492,1.8732,53.739,21.7385,21.7385,28.1718,16.5421,10.0833,0.4841,15.3193,-21.3248,4.8813,5.3737,0.0915,0.0345
Standard & Poor's Ratings Services,"Kosmos Energy, Ltd.",CCC+,2016-07-15,1509991,0,1311.0,Enrgy,KOS,1.6074,0.3937,0.6495,44.537,-17.55,-17.55,17.7141,18.1179,-14.8097,0.1472,-5.2686,-5.2686,-2.1803,-3.1941,0.0032,-1.1237
Standard & Poor's Ratings Services,EnerSys,BB+,2016-07-14,1289308,0,3690.0,BusEq,ENS,2.8731,0.3732,0.6173,26.4124,9.0663,9.0663,12.8399,7.8548,5.878,1.046,12.9438,26.0919,5.9528,8.1131,2.7167,2.7968
Standard & Poor's Ratings Services,Orion Engineered Carbons GmbH,BB-,2016-07-14,1609804,0,2890.0,Chems,OEC,2.2117,0.9291,13.0979,28.8106,11.0088,11.0088,17.5549,6.0005,3.8564,1.1455,86.2899,-45.7914,4.4176,6.1208,-0.5694,-1.526
Standard & Poor's Ratings Services,H&E Equipment Services Inc.,BB-,2016-07-14,1339605,0,5084.0,Shops,HEES,0.7029,0.8153,5.7092,33.2489,12.3331,12.3331,30.3803,7.2777,4.2608,0.8002,31.072,39.7743,3.4094,5.7405,1.3547,6.8912
Standard & Poor's Ratings Services,Cabot Corp.,A,2016-07-13,16040,1,2890.0,Chems,CBT,2.3764,0.4203,0.7422,20.3762,-11.0415,-11.0415,7.5932,-13.1313,-11.6336,0.9337,-24.5142,-31.8138,-10.6667,-14.2114,3.032,3.4347
Standard & Poor's Ratings Services,Teva Capital Services Switzerland GMBH,BBB,2016-07-13,818686,1,2834.0,Hlth,TEVA,1.4147,0.2183,0.3322,57.7855,17.0568,17.0568,23.7126,11.9683,8.0043,0.3624,5.9956,49.4887,2.9447,4.1713,0.4389,1.0061
Standard & Poor's Ratings Services,National Grid PLC,A,2016-07-12,1004315,1,4911.0,Utils,NGG,0.8175,0.6458,2.0895,27.0261,27.0261,27.0261,37.7043,20.0595,17.1419,0.2565,19.1227,35.2302,4.4015,6.7732,-0.0537,-0.2711
Standard & Poor's Ratings Services,Holly Energy Partners LP,BB,2016-07-12,1283140,0,4610.0,Other,HEP,1.2497,0.617,1.6109,70.587,49.4481,49.4481,67.6255,40.642,26.4357,0.2019,23.2547,49.2114,8.1921,8.9069,0.7874,1.5008
Standard & Poor's Ratings Services,Royal Dutch Shell PLC,A,2016-07-12,1306965,1,2911.0,Enrgy,SHEL,1.1574,0.1816,0.2636,16.1829,6.9824,6.9824,12.6621,6.5641,3.4483,1.2215,8.525,8.889,4.1714,6.9771,1.422,6.8318
Moody's Investors Service,Comcast Corporation,A-,2016-07-12,1166691,1,4841.0,Telcm,CMCSA,0.6768,0.4758,0.9749,41.1153,21.4709,21.4709,33.1204,17.9466,10.9556,0.4473,15.586,-15.2197,5.0506,8.1702,0.6361,0.3371
Moody's Investors Service,"Republic Services, Inc.",BBB-,2016-07-11,1060391,1,4953.0,Other,RSG,0.6705,0.4919,0.9687,39.4558,17.1015,17.1015,28.621,13.1201,8.2271,0.4439,9.6495,-20.7562,3.6541,4.9033,0.5081,0.1863
Standard & Poor's Ratings Services,"Forum Energy Technologies, Inc.",B,2016-07-11,1401257,0,3533.0,Manuf,FET,4.7364,0.2395,0.3151,24.4658,-10.5922,-10.5922,7.1766,-12.5109,-11.1165,0.5693,-9.4944,-34.9351,-6.3299,-7.2204,-21.9685,-20.4132
Standard & Poor's Ratings Services,Kraft Heinz Canada ULC,BBB-,2016-07-08,1637459,1,2030.0,NoDur,KHC,1.4108,0.2753,0.3811,31.4156,14.3909,14.3909,19.7077,5.524,-1.4505,0.1491,1.1176,-1.6608,0.5261,0.7082,-4.0581,-3.8241
Standard & Poor's Ratings Services,"Murphy Oil USA, Inc.",BB+,2016-07-07,717423,0,1311.0,Enrgy,MUR,1.0417,0.227,0.3479,100.0,28.3237,28.3237,64.6459,22.868,16.5376,0.3274,11.9552,11.9552,6.1289,9.2414,-0.0333,6.6409
Fitch Ratings,ASML Holding N.V.,BBB+,2016-07-06,937966,1,3559.0,Manuf,ASML,2.4806,0.1183,0.1347,46.0565,24.8933,24.8933,29.6152,24.6306,22.0629,0.4729,16.536,27.5994,10.4338,14.5799,2.0992,2.2283
Moody's Investors Service,Alliant Energy Corporation,BBB+,2016-07-05,352541,1,4931.0,Utils,LNT,0.8587,0.4961,1.0736,64.0331,16.2254,16.2254,29.4272,13.1332,11.4348,0.2777,11.5012,10.8694,3.2801,5.477,0.723,0.2404
Standard & Poor's Ratings Services,Cardinal Health Inc.,A-,2016-06-30,721371,1,5122.0,Shops,CAH,1.2615,0.4544,0.8779,5.571,2.1077,2.1077,2.5475,1.9184,1.185,3.4016,19.3734,509.2437,4.021,10.5695,0.2662,0.2506
Standard & Poor's Ratings Services,SS&C Technologies Holdings Europe S.A.R.L.,BB,2016-06-30,1011661,0,7372.0,BusEq,SSNC,1.62,0.5636,1.3068,46.7802,16.4691,16.4691,32.3606,6.0825,4.285,0.1724,2.0358,-1.4518,0.7387,0.8884,-0.2377,-0.225
Standard & Poor's Ratings Services,Hunt (J.B.) Transport Services Inc.,A,2016-06-30,728535,1,4213.0,Other,JBHT,1.1173,0.362,0.775,39.0517,10.2433,10.2433,15.0198,9.8063,6.0789,1.8249,31.1154,31.1154,11.0935,19.8506,0.6505,-1.2134
Standard & Poor's Ratings Services,Allegion PLC,BBB-,2016-06-28,1579241,1,3420.0,Manuf,ALLE,1.6442,0.98,51.2828,42.0241,17.3396,17.3396,19.912,10.1204,7.4416,0.9139,520.8755,-14.6385,6.8361,10.4021,0.0195,0.1841
Standard & Poor's Ratings Services,IRSA Propiedades Comerciales S.A.,B-,2016-06-28,1128173,0,6512.0,Money,IRCP,0.94,0.744,3.3187,57.1054,49.417,49.417,55.9581,33.0458,21.0751,0.4347,54.29,57.7783,9.7816,13.8976,0.2291,0.1864
Standard & Poor's Ratings Services,"Illumina, Inc.",BBB,2016-06-28,1110803,1,3826.0,BusEq,ILMN,2.6166,0.4028,0.8826,69.7185,27.6525,27.6525,35.7456,24.1092,18.9835,0.5574,24.1558,83.4568,10.5805,14.425,0.6034,0.458
Standard & Poor's Ratings Services,Vishay Intertechnology Inc.,BB+,2016-06-28,103730,0,3670.0,BusEq,VSH,4.1236,0.2115,0.2683,23.5698,4.2512,4.2512,14.8322,3.2489,-4.717,0.7296,-6.6173,-7.7699,-3.4169,-5.2176,-0.2669,-0.2469
Standard & Poor's Ratings Services,Timken Co. (The),BBB,2016-06-27,98362,1,3562.0,Manuf,TKR,2.3875,0.3011,0.4882,28.5311,8.9092,8.9092,13.4631,7.5793,6.5662,1.0317,14.2347,25.6568,6.8748,9.948,1.0907,1.1553
Moody's Investors Service,FleetCor Technologies Operating Company LLC,BB,2016-06-24,1175454,0,7374.0,BusEq,FLT,0.7379,0.453,1.1146,91.9748,47.1447,47.1447,56.5913,42.767,30.7412,0.1407,14.0805,-10.5924,4.3252,7.7014,2.556,2.4903
Standard & Poor's Ratings Services,Douglas Dynamics LLC,BB-,2016-06-24,1287213,0,3531.0,Manuf,PLOW,4.0554,0.4765,0.9184,33.1819,19.318,19.318,22.565,16.5489,10.8819,0.7958,22.0334,-50.1527,8.7796,11.5341,0.1051,-0.152
Standard & Poor's Ratings Services,Minerals Technologies Inc.,BB+,2016-06-23,891014,0,1400.0,Other,MTX,2.5704,0.6166,1.6147,25.2406,9.7855,9.7855,14.6783,7.1304,5.3565,0.5463,10.5074,-99.256,2.958,4.0288,5.0796,4.2506
Moody's Investors Service,Terex Corporation,B,2016-06-23,97216,0,3530.0,Manuf,TEX,2.1529,0.475,0.9394,19.3401,6.446,6.446,9.0826,3.8971,2.9054,0.8942,6.705,8.9632,2.2828,3.5202,-1.5206,-2.1049
Standard & Poor's Ratings Services,Booz Allen Hamilton Inc.,BB,2016-06-20,1443646,0,7370.0,BusEq,BAH,1.2658,0.7842,3.9102,52.2725,8.2243,8.2243,9.5173,7.0196,5.4404,1.7958,71.9958,-25.0488,9.77,15.5364,-0.3965,-0.6019
Standard & Poor's Ratings Services,Global Partners LP,BB,2016-06-16,1323468,0,5171.0,Shops,GLP,1.4579,0.6399,1.9261,5.7943,1.1122,1.1122,2.3002,0.4013,0.348,3.8724,6.2341,23.6517,1.6242,2.2449,-10.6072,-10.0358
Standard & Poor's Ratings Services,Coca-Cola European Partners PLC,A,2016-06-14,1650107,1,2086.0,NoDur,CCEP,0.9433,0.6988,2.7617,35.9753,12.3306,12.3306,16.0697,10.8059,8.0227,0.9673,46.3312,-28.6889,7.7607,13.955,0.8455,0.7671
Standard & Poor's Ratings Services,iHeartCommunications Inc.,CC,2016-06-14,739708,0,4832.0,Telcm,CCU,1.7606,0.1034,0.1523,54.2787,14.2454,14.2454,14.2454,12.7232,8.0626,0.8218,11.8335,13.5108,7.707,10.6101,0.0907,1.2552
Moody's Investors Service,Sysco Corporation,A-,2016-06-14,96021,1,5140.0,Shops,SYY,1.2228,0.3016,1.3919,17.5665,2.5254,2.5254,3.7188,2.0709,1.4108,2.7061,13.056,21.8328,3.8177,9.118,0.0769,0.0512
Standard & Poor's Ratings Services,Apple Inc.,AA+,2016-06-13,320193,1,3663.0,BusEq,AAPL,1.1088,0.3088,0.539,40.0599,30.4773,30.4773,35.2938,31.0271,22.8458,0.805,44.7355,48.3878,18.3899,30.9201,1.0688,0.9743
Moody's Investors Service,Canon Inc.,AA-,2016-06-13,16988,1,3577.0,BusEq,CAJ,2.596,0.0004,0.0007,49.9422,9.7522,9.7522,16.8212,10.2821,6.8361,0.8356,8.4451,8.9503,5.9462,8.442,0.4314,0.6772
Moody's Investors Service,PVH Corp.,BB,2016-06-13,78239,0,2300.0,NoDur,PVH,1.8364,0.3997,0.7017,51.8883,9.4822,9.4822,12.6916,8.0733,7.1369,0.7514,12.5739,-24.7428,5.3627,7.5475,1.4187,1.315
Moody's Investors Service,Sanmina Corporation,BB+,2016-06-09,897723,0,3672.0,BusEq,SANM,1.6826,0.218,0.3534,7.5904,3.1861,3.1861,4.7638,2.764,5.9182,1.8248,24.8121,24.8121,10.7997,19.4022,-1.5019,-1.8037
Moody's Investors Service,Gogo Inc.,B-,2016-06-09,1537054,0,4899.0,Telcm,GOGO,2.3687,0.8913,8.518,54.4088,-8.9525,-8.9525,11.7627,-21.2373,-21.4844,0.4987,-162.5698,812.2966,-10.7147,-17.6772,0.9753,0.8301
Standard & Poor's Ratings Services,Avery Dennison Corp.,A,2016-06-09,8818,1,2670.0,Manuf,AVY,1.2061,0.4729,1.0923,26.0841,6.6995,6.6995,9.8842,5.6996,3.8719,1.4529,23.6041,95.5934,5.6761,12.4409,0.5157,0.1576
Moody's Investors Service,United Utilities Water Finance Plc,A-,2016-06-08,319687,1,4512.0,Other,CAL,7.5048,0.01,0.0279,33.9546,24.7231,24.7231,27.4051,25.5285,16.5584,1.7168,34.6698,36.0105,28.6074,34.3237,3.9987,4.1306
Standard & Poor's Ratings Services,Dell International LLC,BB,2016-06-08,826083,0,3571.0,BusEq,DELL,0.9314,0.879,9.2981,16.4739,-1.0096,-1.0096,4.7475,-2.526,-2.1685,1.1283,-79.6726,7.5272,-2.5885,-9.6401,-0.9761,-0.8227
Moody's Investors Service,The Chefs' Warehouse,B,2016-06-08,1517175,0,5140.0,Shops,CHEF,2.4527,0.4805,0.9778,24.6374,3.9642,3.9642,5.0593,2.984,1.7071,2.2135,9.6836,79.8552,3.7786,5.0302,-0.0894,-0.5295
Standard & Poor's Ratings Services,Asbury Automotive Group Inc.,BB,2016-06-07,1144980,0,5500.0,Shops,ABG,1.2266,0.601,3.2911,16.4835,4.5708,4.5708,5.2593,3.1188,1.9019,2.6891,25.1742,32.8542,5.1329,10.0457,1.1671,1.694
Standard & Poor's Ratings Services,"Fortune Brands Home & Security, Inc.",BBB+,2016-06-06,1519751,1,2430.0,Other,FBHS,1.8569,0.2214,0.2961,34.0567,10.0533,10.0533,12.515,9.7643,3.9391,0.9903,12.0896,197.1184,6.7507,9.4124,-0.1378,-0.3486
Moody's Investors Service,Tenneco Inc.,BB-,2016-06-06,1024725,0,3714.0,Durbl,TEN,1.2882,0.7029,2.5474,16.5383,6.2706,6.2706,8.752,5.3905,2.9459,2.0623,62.1053,75.0636,7.4364,18.449,3.2525,3.8765
Standard & Poor's Ratings Services,Alere Inc.,B,2016-06-06,1145460,0,2835.0,Hlth,ALR,0.4594,0.2467,0.6083,42.8892,-2.7116,-2.7116,1.6211,-2.9381,-3.1553,2.5677,-22.0974,-22.0974,-7.6648,-16.6467,3.7242,1.2751
DBRS,Cameco Corporation,A-,2016-06-03,1009001,1,1090.0,Other,CCJ,4.0087,0.215,0.2739,26.6015,17.0922,17.0922,31.2309,-4.9673,7.6501,0.283,6.6724,6.9283,4.2871,5.2376,-0.2076,0.2866
Moody's Investors Service,"Charter Communications Operating, LLC",BB+,2016-06-03,1091667,0,4841.0,Telcm,CHTR,0.1749,1.0013,-776.587,34.1193,11.421,11.421,33.2069,-3.3935,-2.7783,0.2481,589.1304,3.3556,-0.6893,-0.7596,-0.7523,3.7225
Moody's Investors Service,Halliburton Company,BBB+,2016-06-03,45012,1,1389.0,Enrgy,HAL,3.7605,0.4866,0.9904,10.6631,-0.6982,-0.6982,7.0664,-3.9606,-2.8393,0.6397,-4.2723,-5.0496,-1.792,-2.1934,-1.3608,-0.2676
Standard & Poor's Ratings Services,"Carrols Restaurant Group, Inc.",B,2016-06-02,809248,0,5812.0,Shops,TAST,0.6315,0.6659,2.0063,25.0125,3.633,3.633,8.0782,0.0005,0.0003,2.0105,0.0037,-0.0085,0.0009,0.0012,1.1082,1.1318
Standard & Poor's Ratings Services,PLDT Inc.,BBB+,2016-06-01,78150,1,4812.0,Telcm,PHI,0.5763,0.5583,1.4126,75.4733,24.269,24.269,43.319,15.5684,12.8613,0.376,19.4686,52.835,4.8506,8.5602,0.2086,-0.5327
Moody's Investors Service,"ViaSat, Inc.",B-,2016-05-31,797721,0,3663.0,BusEq,VSAT,1.8628,0.4546,0.8335,30.5543,2.901,2.901,19.9795,1.2415,1.5338,0.5913,1.919,2.2129,0.9081,1.0467,-1.2332,-1.2857
Standard & Poor's Ratings Services,Biogen Inc.,A-,2016-05-31,875045,1,2836.0,Hlth,BIIB,2.5993,0.4103,0.6961,88.4762,45.4393,45.4393,51.0173,44.2901,32.9531,0.5519,38.3279,136.8317,18.4221,22.6039,4.5489,2.9812
Standard & Poor's Ratings Services,"CVR Partners, LP",B+,2016-05-31,1425292,0,2870.0,Chems,UAN,3.8028,0.2445,0.3236,40.7854,23.7657,23.7657,33.9374,21.4572,21.4534,0.5393,16.0917,18.005,11.5695,12.1574,-5.5303,-4.9808
Standard & Poor's Ratings Services,Jazz Pharmaceuticals Ireland Ltd,BB+,2016-05-31,1232524,0,2834.0,Hlth,JAZZ,5.5491,0.4186,0.7434,92.261,38.3619,38.3619,48.2346,32.9055,24.8743,0.3975,20.6133,-135.0003,9.8882,11.9852,1.9289,1.939
Fitch Ratings,GlaxoSmithKline Capital Inc.,A,2016-05-27,1131399,1,2834.0,Hlth,GSK,1.104,0.7624,3.8055,68.1692,14.2876,14.2876,23.094,12.901,12.3055,0.5659,84.891,-58.9507,10.3078,20.1676,-1.0876,-1.166
Standard & Poor's Ratings Services,Brookfield Renewable Partners L.P.,BB+,2016-05-26,1533232,0,4991.0,Other,BEP,1.0102,0.4553,0.8645,69.4282,34.4808,34.4808,66.4527,11.2019,3.3839,0.0864,2.2858,2.2858,1.0227,1.2452,-0.3135,-0.438
Fitch Ratings,"AVANGRID, Inc.",BBB+,2016-05-26,1634997,1,4911.0,Utils,AGR,1.2157,0.2312,0.3252,77.7422,11.7472,11.7472,30.0435,6.9155,6.2514,0.142,1.812,2.3958,0.888,1.3931,0.0766,-0.0896
Fitch Ratings,Pinnacle West Capital Corp.,A-,2016-05-26,764622,1,4911.0,Utils,PNW,0.6174,0.4232,0.8094,68.4933,24.449,24.449,40.8498,19.8518,12.5093,0.2326,9.6662,9.6662,3.0355,5.5756,-0.0807,-1.3019
Standard & Poor's Ratings Services,Royal Caribbean Cruises Ltd.,BB+,2016-05-26,884887,0,4400.0,Other,RCL,0.2081,0.4799,1.0193,34.2782,11.6655,11.6655,21.9139,9.4644,9.4645,0.3898,9.224,9.7172,3.6892,4.7973,1.4268,-2.2511
Moody's Investors Service,"Anheuser-Busch InBev Finance, Inc",A-,2016-05-25,1668717,1,2082.0,NoDur,BUD,0.6429,0.4878,1.082,60.6986,30.9926,30.9926,38.2236,28.5777,18.973,0.3239,21.5818,-20.1289,7.3287,11.0542,-0.0291,-0.1535
Standard & Poor's Ratings Services,Northwest Natural Gas Co.,A+,2016-05-24,73020,1,4924.0,Utils,NWN,0.6925,0.4217,1.1069,54.7791,17.1663,17.1663,30.8324,12.3594,7.4197,0.2358,6.8764,6.8764,1.7496,3.9768,-1.1856,-1.0962
Fitch Ratings,"Universal Health Services, Inc.",BBB-,2016-05-24,352915,1,8062.0,Hlth,UHS,1.5615,0.4388,0.7963,89.2288,13.926,13.926,18.3339,12.6711,7.522,0.9405,17.421,105.2803,7.8072,9.7775,0.3063,0.4295
Standard & Poor's Ratings Services,AstraZeneca PLC,A-,2016-05-24,901832,1,2834.0,Hlth,AZN,0.9635,0.2994,0.5519,77.9937,8.0499,8.0499,20.4129,4.6936,4.6446,0.4531,6.2863,-9.5848,2.1077,4.404,-0.1587,-0.2281
Moody's Investors Service,"Kronos Worldwide, Inc.",B,2016-05-24,1257640,0,2810.0,Chems,KRO,3.524,0.422,0.7383,14.2571,-0.0816,-0.0816,3.0397,-2.2835,-12.8707,1.0854,-37.5839,-37.5839,-13.9696,-21.7244,-0.3072,-0.1855
Moody's Investors Service,"Air Products and Chemicals, Inc.",A,2016-05-24,2969,1,2810.0,Chems,APD,0.7665,0.3485,0.7965,28.4511,15.7612,15.7612,26.7334,16.1816,16.3325,0.4514,13.0861,16.8231,5.5721,8.525,-0.7568,0.2687
Standard & Poor's Ratings Services,"Iron Mountain US Holdings, Inc.",BB-,2016-05-24,1020569,0,6798.0,Money,IRM,1.0191,0.9,9.1669,57.1132,17.4379,17.4379,29.2303,5.3879,4.0971,0.4737,23.6855,-5.1404,1.9715,2.3685,0.1503,0.406
Standard & Poor's Ratings Services,FMC Technologies Inc.,A,2016-05-23,1135152,1,3533.0,Manuf,FTI,2.1368,0.3013,0.4311,34.1571,9.2466,9.2466,11.6027,5.9234,3.7126,0.7982,5.7557,-57.6228,2.9633,4.0218,0.0287,0.24
Fitch Ratings,Quest Diagnostics Inc,BBB,2016-05-23,1022079,1,8071.0,Hlth,DGX,0.938,0.4268,0.8642,37.6328,13.2213,13.2213,17.4445,11.0693,7.4781,0.7543,13.5566,-21.1684,5.9552,7.7707,2.2489,1.6346
Standard & Poor's Ratings Services,TechnipFMC Plc,BBB+,2016-05-23,1681459,1,1389.0,Enrgy,FTI,2.1368,0.3013,0.4311,34.1571,9.2466,9.2466,11.6027,5.9234,3.7126,0.7982,5.7557,-57.6228,2.9633,4.0218,0.0287,0.24
Standard & Poor's Ratings Services,EQT Corporation,BBB,2016-05-20,33213,1,4923.0,Utils,EQT,2.8286,0.2581,0.3852,77.9784,24.0682,24.0682,59.081,18.231,3.6402,0.1674,4.0095,4.0095,2.3031,2.9745,-1.3192,-2.351
Fitch Ratings,Eastman Chemical Co,BBB,2016-05-20,915389,1,2821.0,Chems,EMN,1.5692,0.6688,2.1028,23.3127,12.1969,12.1969,16.9203,10.3915,7.8829,0.5928,21.0306,-19.8632,4.6976,6.9662,1.1963,0.444
Standard & Poor's Ratings Services,PACCAR Inc.,A+,2016-05-20,75362,1,3711.0,Durbl,PCAR,2.5212,0.4528,1.2188,18.505,11.3171,11.3171,14.6465,10.6206,7.1527,0.9213,20.1208,20.1208,6.5901,11.0097,-0.7248,3.8482
Moody's Investors Service,Tenet Healthcare Corporation,CCC+,2016-05-20,70318,0,8062.0,Hlth,THC,1.1099,0.9361,14.7987,35.8369,5.5713,5.6436,10.9257,0.8854,0.0723,0.9249,12.4841,-2.3245,0.5459,0.7974,1.0558,-1.4495
Standard & Poor's Ratings Services,Intel Corp.,AAA,2016-05-20,50863,1,3674.0,BusEq,INTC,2.4492,0.247,0.3711,62.6484,25.2949,25.2949,41.0315,25.6743,20.6305,0.5456,18.6953,24.9236,11.2558,14.0777,-0.1524,0.3492
Fitch Ratings,Delta Air Lines,BBB,2016-05-19,27904,1,4512.0,Other,DAL,0.5167,0.3841,0.7676,32.7781,19.1677,19.1677,23.6758,17.583,11.1193,0.7661,41.7143,-118.9487,8.5181,25.6926,4.0051,3.0036
Moody's Investors Service,Coca-Cola European Partners plc,A-,2016-05-18,1650107,1,2086.0,NoDur,CCEP,0.9433,0.6988,2.7617,35.9753,12.3306,12.3306,16.0697,10.8059,8.0227,0.9673,46.3312,-28.6889,7.7607,13.955,0.8455,0.7671
Moody's Investors Service,"CommScope Holding Company, Inc.",B,2016-05-18,1517228,0,3663.0,BusEq,COMM,2.9261,0.8105,4.2885,35.3435,4.7689,4.7689,12.7394,-1.6283,-1.8613,0.5075,-5.7965,1.9604,-0.9447,-1.0982,0.2111,0.1005
Standard & Poor's Ratings Services,Amkor Technology Inc.,BB,2016-05-18,1047127,0,3674.0,BusEq,AMKR,1.7099,0.5743,1.3536,17.6652,7.0767,7.0767,21.9976,4.3483,4.1339,0.8608,11.7814,11.7814,3.6651,5.0151,0.2273,-0.3474
Moody's Investors Service,Equifax Inc.,BBB+,2016-05-17,33185,1,7323.0,Other,EFX,0.7174,0.3389,0.6829,65.33,26.1944,26.1944,34.5756,23.5676,15.0796,0.5227,16.7368,-26.3139,8.024,11.0641,0.3897,0.3635
Moody's Investors Service,Rayonier Inc.,BBB-,2016-05-17,52827,1,6798.0,Money,RYN,1.0579,0.283,0.4771,19.8272,16.2859,16.2859,37.5525,7.4301,16.4596,0.246,3.4564,3.4564,2.2193,2.4781,-1.7575,-2.2412
Moody's Investors Service,PartnerRe Ltd.,BBB,2016-05-17,911421,1,6331.0,Money,PRE,1.1088,0.3088,0.539,40.0599,30.4773,30.4773,35.2938,31.0271,22.8458,0.805,44.7355,48.3878,18.3899,30.9201,1.0688,0.9743
Moody's Investors Service,Peabody Energy Corporation (DIP),B+,2016-05-17,1064728,0,1220.0,Enrgy,BTU,0.9184,0.6863,2.1958,15.8314,-1.989,-1.989,7.6647,-8.0666,-10.8095,0.5149,-25.5016,-25.5016,-5.271,-7.9992,-21.7798,-8.3371
Standard & Poor's Ratings Services,National Fuel Gas Co.,A,2016-05-17,70145,1,4924.0,Utils,NFG,0.8423,0.5071,1.0289,80.1249,-34.7009,-34.7009,-15.6109,-39.6705,-21.5472,0.2682,-18.7331,-18.7839,-5.7796,-9.233,-0.5898,-1.8913
Standard & Poor's Ratings Services,Diageo PLC,A,2016-05-16,835403,1,2085.0,NoDur,DEO,1.4499,0.4746,1.1276,57.3661,25.867,25.867,29.9362,27.1248,22.0198,0.419,26.653,-124.9113,9.5605,14.0043,1.7634,1.7481
Moody's Investors Service,CVS Health,BBB+,2016-05-16,64803,1,5912.0,Shops,CVS,1.2585,0.4138,0.7382,17.3058,6.1811,6.1811,7.5458,5.6207,3.4164,1.6583,14.058,-35.3833,5.6579,8.2401,0.6228,0.3695
Moody's Investors Service,Newell Brands,BBB-,2016-05-13,814453,1,3990.0,Durbl,NWL,1.2539,0.5937,1.6743,38.9574,10.1662,10.1662,13.0669,5.7052,5.9165,0.8149,14.1973,-12.7828,3.5719,5.768,-0.0898,-0.356
Standard & Poor's Ratings Services,Xcel Energy Inc.,A,2016-05-13,72903,1,4931.0,Utils,XEL,0.8277,0.5296,1.2509,51.9347,16.6704,16.6704,26.4728,13.2218,8.7395,0.3162,9.9986,9.9986,2.7634,4.7034,0.0713,0.4874
Standard & Poor's Ratings Services,Griffon Corp.,BB+,2016-05-13,50725,0,3420.0,Manuf,GFF,2.3167,0.6576,1.9594,26.4511,4.5111,4.5111,8.0718,1.2854,2.3117,0.866,2.8556,-8.8096,0.7178,0.9777,-1.2112,-0.6431
Standard & Poor's Ratings Services,BRF S.A.,BBB,2016-05-13,1122491,1,2000.0,NoDur,BRFS,1.6504,0.4757,1.0971,31.3353,13.4555,13.4555,15.8522,7.9458,9.663,0.7972,21.3053,33.4027,7.2986,11.1713,-0.9505,-0.8727
Standard & Poor's Ratings Services,Diebold Nixdorf Inc.,BB-,2016-05-11,28823,0,3578.0,BusEq,DBD,1.6107,0.4638,0.911,26.554,6.0333,6.0333,8.7173,5.6567,4.1831,1.1677,19.3403,25.7499,4.5814,10.3712,0.9168,0.6901
Moody's Investors Service,Starbucks Corporation,A,2016-05-11,829224,1,5812.0,Shops,SBUX,1.0885,0.2874,0.4034,59.3612,18.7917,18.7917,23.6647,20.3677,14.3894,1.5434,47.4123,74.0951,22.2232,33.7847,2.0791,1.9841
Standard & Poor's Ratings Services,Intuit Inc.,BBB+,2016-05-10,896878,1,7372.0,BusEq,INTU,1.4679,0.1766,0.2144,82.7052,17.605,17.605,30.2004,16.9847,8.7071,0.8438,17.7101,42.1859,8.3132,14.5833,0.5868,0.3135
Fitch Ratings,Weatherford International LLC,B+,2016-05-10,1603923,0,1381.0,Enrgy,WFRD,1.3803,0.5728,1.7031,14.9687,-16.3893,-16.3893,-3.668,-22.2199,-21.0432,0.6391,-44.6965,-161.7745,-13.2182,-19.0956,-0.3216,0.6407
Moody's Investors Service,"CACI International, Inc.",BB,2016-05-10,16058,0,7373.0,BusEq,CACI,1.6666,0.409,0.7185,33.7976,7.134,7.134,9.208,6.085,3.8086,1.022,8.5319,-13.9596,3.8956,5.042,1.2135,1.1056
Standard & Poor's Ratings Services,Performance Food Group Inc.,BB+,2016-05-09,1618673,0,5140.0,Shops,PFGC,1.4744,0.7409,2.8856,12.1041,1.0485,1.0485,1.9103,0.6326,0.37,4.5535,11.4605,-16.716,1.6848,2.9695,0.0866,-0.0163
Standard & Poor's Ratings Services,Cameco Corp.,A,2016-05-09,1009001,1,1090.0,Other,CCJ,4.0087,0.215,0.2739,26.6015,17.0922,17.0922,31.2309,-4.9673,7.6501,0.283,6.6724,6.9283,4.2871,5.2376,-0.2076,0.2866
Moody's Investors Service,"Texas Instruments, Incorporated",A+,2016-05-08,97476,1,3674.0,BusEq,TXN,2.7687,0.2388,0.4142,58.2692,33.2462,33.2462,41.9615,32.4308,22.9692,0.801,30.0221,74.6313,18.398,22.8532,0.462,0.2642
Standard & Poor's Ratings Services,Wabash National Corp.,BB+,2016-05-06,879526,0,3715.0,Manuf,WNC,2.5991,0.4582,0.8508,12.485,6.5682,6.5682,8.652,5.2842,3.2442,2.0065,15.5898,58.5139,6.5611,8.446,-0.559,-0.5773
Moody's Investors Service,"Hologic, Inc.",BB-,2016-05-04,859737,0,3844.0,Hlth,HOLX,1.3417,0.6077,1.7373,52.9649,16.8244,16.8244,34.9908,6.5508,4.8651,0.3539,6.3294,-3.5073,1.722,2.4829,0.9256,0.8686
Moody's Investors Service,Vulcan Materials Company,BB+,2016-05-04,1396009,0,1400.0,Other,VMC,2.037,0.3052,0.4752,19.6242,17.9729,17.9729,27.3076,9.9807,6.8441,0.3724,4.9596,64.0066,2.5761,3.4459,-0.7491,-0.2831
Standard & Poor's Ratings Services,RELX Inc.,A,2016-05-04,929869,1,2721.0,NoDur,RELX,0.4614,0.6008,1.7916,64.3443,25.0712,25.0712,25.0712,21.9729,16.8816,0.5338,46.5565,-16.3311,9.0657,18.585,-0.0105,-0.0068
Standard & Poor's Ratings Services,Enterprise Products Operating LLC,BBB+,2016-05-03,1061219,1,1311.0,Enrgy,EPD,0.5998,0.5021,1.0995,12.4286,13.0983,13.0983,18.7073,9.4565,9.3281,0.5538,12.4793,23.8686,5.2424,6.213,-0.1936,0.2211
Egan-Jones Ratings Company,"GLOBAL WATER RESOURCES, INC.",BBB+,2016-05-03,1434728,1,4941.0,Utils,GWRS,1.7551,0.8362,5.2892,71.0258,20.425,20.425,46.7643,131.3869,66.8513,0.1356,106.4796,293.005,9.062,17.442,-0.4034,-0.4965
Standard & Poor's Ratings Services,PTC Inc.,BB-,2016-05-02,857005,0,7372.0,BusEq,PTC,1.1416,0.4181,0.7767,73.3331,3.3154,3.3154,10.0418,2.1131,3.7887,0.568,5.5288,-9.5082,2.152,3.217,-0.9876,-1.0409
Moody's Investors Service,Thomson Reuters Corporation,BBB,2016-05-02,1075124,1,7370.0,BusEq,TRI,0.7931,0.3407,0.5532,26.9533,20.1872,20.1872,34.6395,16.007,15.1424,0.412,13.3638,-18.842,6.4026,8.8104,0.4913,0.5073
Standard & Poor's Ratings Services,ConocoPhillips,A-,2016-04-29,1163165,1,1311.0,Enrgy,COP,0.9495,0.3691,0.6207,46.2809,-19.1078,-19.1078,11.9121,-23.4007,-14.3139,0.3173,-10.9051,-10.9051,-4.4838,-6.8797,-7.2022,-1.296
Standard & Poor's Ratings Services,Burlington Resources Finance Co.,A-,2016-04-29,1579298,1,5600.0,Shops,BURL,1.0523,1.0828,-13.0937,40.356,5.8193,5.8193,9.2301,4.6566,2.9335,1.9946,-151.9682,-24.1607,5.8512,12.5806,0.5136,0.8057
Standard & Poor's Ratings Services,Consolidated Communications Inc.,B-,2016-04-29,1304421,0,4813.0,Telcm,CNSL,0.876,0.8461,5.5398,57.6661,11.315,11.315,34.9442,0.2712,-0.1136,0.3627,-0.2677,0.1204,-0.0314,-0.0412,-0.1031,0.0502
Standard & Poor's Ratings Services,Kaiser Aluminum Corp.,BB,2016-04-28,811596,0,3350.0,Manuf,KALU,2.9628,0.2008,0.2514,19.8649,-24.8509,-24.8509,-22.2142,-26.7117,-16.9984,1.1163,-30.5527,-33.4796,-18.9751,-24.4169,2.6097,2.1362
Standard & Poor's Ratings Services,Atkore International Inc.,B,2016-04-27,1666138,0,3640.0,Durbl,ATKR,2.2874,0.806,4.1734,15.776,2.1362,2.1362,5.7851,-0.4552,-0.2866,1.5525,-3.1707,2.0931,-0.4449,-0.6151,0.5633,0.4898
Moody's Investors Service,Masonite International Corporation,B+,2016-04-27,893691,0,2430.0,Other,DOOR,2.4039,0.417,0.7152,18.7423,1.6883,1.6883,6.116,-1.4727,-2.5167,1.2487,-6.3672,-13.8461,-2.7843,-3.7122,2.7042,2.5196
Moody's Investors Service,"Interpublic Group of Companies, Inc. (The)",BBB,2016-04-27,51644,1,7311.0,Other,IPG,1.0465,0.4285,0.8006,10.4603,10.4603,10.4603,13.411,9.562,6.33,0.5918,23.4939,-33.2938,3.9681,13.4269,0.2569,0.3101
Standard & Poor's Ratings Services,Glatfelter (P.H.) Co.,BB+,2016-04-26,41719,0,2621.0,Manuf,GLT,2.0542,0.3806,0.6233,12.9895,5.8983,5.8983,9.8683,4.8269,3.825,1.1594,10.6679,14.1934,4.4346,6.6075,-1.6599,-0.7614
Moody's Investors Service,"Darden Restaurants, Inc.",BBB-,2016-04-25,940944,1,5812.0,Shops,DRI,0.8828,0.3836,0.6288,21.0305,5.4347,5.4347,10.2824,2.5917,10.4894,1.1283,8.4165,22.1545,3.2762,5.1878,2.5712,3.7649
Standard & Poor's Ratings Services,TEGNA Inc.,BB+,2016-04-25,39899,0,4833.0,Telcm,GCI,1.8907,0.3512,0.5467,45.0956,8.6489,8.6489,14.7161,5.9389,5.6542,0.9989,10.4492,39.224,5.6481,6.7794,1.3121,1.2392
Standard & Poor's Ratings Services,Pioneer Energy Services Corp.,B-,2016-04-22,320575,0,1389.0,Enrgy,PDC,1.1019,0.2914,0.4991,96.902,-10.7208,-10.7208,42.4586,-17.9041,-11.4694,0.2511,-5.3045,-5.3045,-2.8804,-3.7586,4.0459,1.5396
Standard & Poor's Ratings Services,Nabors Industries Inc.,BBB-,2016-04-22,1163739,1,1381.0,Enrgy,NBR,1.7492,0.4683,0.8819,33.8437,-8.8787,-6.2656,10.7053,-8.8787,-9.8485,0.574,-13.6063,-14.1051,-5.6417,-7.2348,67.4061,-47.2403
Fitch Ratings,Altera Corp.,A+,2016-04-22,768251,1,3674.0,BusEq,ALTR,0.6349,2.5387,-1.9786,66.2706,5.0818,5.0818,7.9302,3.9945,3.7164,1.3258,-26.0021,-13.5504,4.9272,40.0095,0.1846,0.0955
Moody's Investors Service,Telecom Argentina S.A.,B-,2016-04-21,932470,0,4812.0,Telcm,TEO,0.6794,0.076,0.2783,85.5673,15.3651,15.3651,26.3123,12.6468,8.3942,1.0539,19.5059,34.5191,8.9302,18.023,0.1666,0.4279
Standard & Poor's Ratings Services,Rite Aid Corp.,CCC+,2016-04-21,84129,0,5912.0,Shops,RAD,4.0276,0.1484,0.1743,55.5436,8.2552,8.2552,8.2552,7.2221,5.4094,0.5444,4.3862,6.1352,2.9447,3.7355,-3.0498,-2.7098
Standard & Poor's Ratings Services,PepsiCo Inc.,AA,2016-04-21,77476,1,2080.0,NoDur,PEP,1.3102,0.7083,2.7668,54.4357,13.247,13.247,17.0785,11.8022,8.6463,0.9051,45.1828,-36.1242,7.8961,13.338,0.4356,0.4333
Standard & Poor's Ratings Services,MRC Global (US) Inc.,B+,2016-04-20,1439095,0,5051.0,Shops,MRC,3.1573,0.2805,0.3959,17.3548,-6.2265,-6.2265,-4.3497,-7.5513,-7.5955,1.8138,-34.6234,-89.9457,-13.2559,-18.1669,7.7892,7.6019
Standard & Poor's Ratings Services,Embraer Overseas Limited,BBB,2016-04-19,1355444,1,3721.0,Manuf,ERJ,2.0814,0.4895,1.0186,18.7463,5.592,5.592,10.9361,5.6713,1.1673,0.508,2.1021,3.3138,0.6924,1.0731,2.087,2.0451
Standard & Poor's Ratings Services,Novartis AG,AA-,2016-04-19,1114448,1,2834.0,Hlth,NVS,0.9636,0.1747,0.2844,65.4594,17.8161,17.8161,28.6741,16.1431,35.2928,0.383,9.1128,59.9096,5.3422,7.5207,-0.8491,-0.699
Moody's Investors Service,Kohl's Corporation,BBB,2016-04-19,885639,1,5311.0,Shops,KSS,1.8703,0.4548,0.8574,36.1331,8.0869,8.0869,12.9504,5.5041,3.5045,1.4114,12.2564,12.2564,4.9463,6.6819,-2.3113,-2.5066
Standard & Poor's Ratings Services,ALLETE Inc.,A,2016-04-19,66756,1,4931.0,Utils,ALE,1.3501,0.4607,0.8747,57.5888,14.1752,14.1752,24.1523,11.2217,9.4927,0.3037,7.7645,8.8041,2.891,4.1875,0.767,8.1397
Moody's Investors Service,"AutoZone, Inc.",BBB+,2016-04-18,866787,1,5531.0,Shops,AZO,0.8424,1.582,-2.7183,52.2907,19.1714,19.1714,21.8821,17.6946,11.3891,1.2573,-68.1937,-55.427,14.3198,39.6869,9.2569,7.1956
Fitch Ratings,Millicom International Cellular S.A.,BB+,2016-04-18,912958,0,4812.0,Telcm,TIGO,0.5406,0.5503,1.3198,73.4732,14.4692,14.4692,32.6026,47.5415,41.3874,0.4759,74.5109,-155.7423,20.7184,33.5142,2.4599,-1.698
Standard & Poor's Ratings Services,Thomson Reuters Corp.,A,2016-04-14,1075124,1,7370.0,BusEq,TRI,0.7931,0.3407,0.5532,26.9533,20.1872,20.1872,34.6395,16.007,15.1424,0.412,13.3638,-18.842,6.4026,8.8104,0.4913,0.5073
Standard & Poor's Ratings Services,Automatic Data Processing Inc.,AAA,2016-04-14,8670,1,7374.0,BusEq,ADP,1.0625,0.0019,0.0019,41.2388,18.412,18.412,21.8695,18.9304,13.2788,0.3304,28.6264,54.8013,4.1573,28.5717,0.3786,0.4243
Moody's Investors Service,"Micron Technology, Inc.",BBB,2016-04-14,827054,1,3674.0,BusEq,MCHP,8.1064,0.5328,1.1406,55.4686,16.2104,16.2104,32.048,12.9435,14.9128,0.3924,15.0587,60.8929,5.8488,7.0347,0.0992,0.2412
Standard & Poor's Ratings Services,Hexcel Corp.,BBB-,2016-04-13,717605,1,2821.0,Chems,HXL,2.1661,0.3283,0.4887,28.6267,17.8594,17.8594,22.0234,17.0965,12.7445,0.8509,20.1085,21.1654,10.8439,13.5072,-0.1252,-0.6308
Moody's Investors Service,"Juniper Networks, Inc.",BBB,2016-04-12,1043604,1,3576.0,BusEq,JNPR,1.6163,0.2636,0.4235,63.3744,18.7739,18.7739,22.4073,17.5429,13.045,0.5643,13.8532,40.6426,7.3618,10.2014,0.5831,0.4783
Moody's Investors Service,CIENA Corporation,BB,2016-04-12,936395,0,3661.0,BusEq,CIEN,2.7948,0.6719,2.0522,43.9783,4.1072,4.1072,9.6585,0.9717,0.477,0.9075,1.8791,7.2121,0.4329,0.6165,1.3333,1.272
Moody's Investors Service,"Oceaneering International, Inc.",BBB-,2016-04-11,73756,1,1389.0,Enrgy,OII,2.4636,0.3351,0.5041,19.7675,12.205,12.205,20.0814,10.979,7.5426,0.8931,14.6327,20.0554,6.7359,9.7285,-1.0331,0.5368
Moody's Investors Service,Royal Dutch Shell Plc,AA,2016-04-08,1306965,1,2911.0,Enrgy,SHEL,1.1574,0.1816,0.2636,16.1829,6.9824,6.9824,12.6621,6.5641,3.4483,1.2215,8.525,8.889,4.1714,6.9771,1.422,6.8318
Standard & Poor's Ratings Services,Pfizer Inc.,AA,2016-04-08,78003,1,2834.0,Hlth,PFE,2.5754,0.3057,0.5122,80.6935,26.709,26.709,37.8712,24.6749,18.4155,0.296,12.7375,-162.4621,5.442,8.8394,0.0946,0.083
Standard & Poor's Ratings Services,Sherwin-Williams Co.,AA,2016-04-07,89800,1,2851.0,Chems,SHW,1.2406,0.6873,2.2467,49.0296,14.2464,14.2464,16.0248,13.6602,9.2938,1.9622,121.4238,-198.5421,18.236,37.974,1.4522,1.303
Standard & Poor's Ratings Services,Ingles Markets Inc.,BB-,2016-04-06,50493,0,5411.0,Shops,IMKTA,1.6818,0.6709,2.0655,23.6409,3.6834,3.6834,6.406,2.4998,1.5708,2.2834,13.8359,13.8359,3.5867,4.5528,0.8607,0.5427
Moody's Investors Service,Exelon Corporation,BBB,2016-04-06,1109357,1,4911.0,Utils,EXC,1.6817,0.4708,0.9643,55.5676,14.9727,14.9727,28.6345,11.3085,7.7054,0.3087,8.2436,9.1382,2.3589,4.3622,3.37,2.0307
Moody's Investors Service,Target Corporation,A,2016-04-06,27419,1,5331.0,Shops,TGT,1.1195,0.4797,0.9848,29.1984,7.4947,7.4947,10.494,6.6721,4.5578,1.8326,25.6309,25.6309,8.2485,13.3363,2.4383,2.8523
Standard & Poor's Ratings Services,Stryker Corp.,AA,2016-04-05,310764,1,3842.0,Hlth,SYK,2.2681,0.2751,0.4697,66.3784,18.711,18.711,22.7026,17.4442,14.4681,0.6131,16.9075,55.7536,8.8701,12.2562,-2.0797,-2.1799
Moody's Investors Service,"Charles River Laboratories Int'l, Inc.",BB,2016-04-04,1100682,0,8731.0,Other,CRL,1.7938,0.5342,1.1701,38.9563,15.1433,15.1433,22.103,14.3349,10.9523,0.6591,20.6136,65.7324,7.3501,9.601,1.1399,1.009
Moody's Investors Service,"Enterprise Products Operating, LLC",BBB+,2016-04-04,1061219,1,1311.0,Enrgy,EPD,0.5998,0.5021,1.0995,12.4286,13.0983,13.0983,18.7073,9.4565,9.3281,0.5538,12.4793,23.8686,5.2424,6.213,-0.1936,0.2211
Moody's Investors Service,FedEx Corporation,BBB,2016-04-04,1048911,1,4513.0,Other,FDX,1.7352,0.3259,0.4848,74.284,3.9344,3.9344,9.4367,3.4287,2.2127,1.299,7.0033,9.3893,2.8743,4.7208,4.9421,1.218
Standard & Poor's Ratings Services,Charles River Laboratories International Inc.,BBB-,2016-03-31,1100682,1,8731.0,Other,CRL,1.7938,0.5342,1.1701,38.9563,15.1433,15.1433,22.103,14.3349,10.9523,0.6591,20.6136,65.7324,7.3501,9.601,1.1399,1.009
Moody's Investors Service,Eldorado Gold Corporation,B+,2016-03-31,918608,0,1040.0,Other,EGO,2.4164,0.1307,0.1503,47.3736,6.9193,6.9193,25.5634,-384.9332,-321.6369,0.0877,-41.3814,-41.9188,-29.6941,-35.9744,-0.4193,0.0409
Moody's Investors Service,"Diebold Nixdorf, Inc.",B,2016-03-30,28823,0,3578.0,BusEq,DBD,1.6107,0.4638,0.911,26.554,6.0333,6.0333,8.7173,5.6567,4.1831,1.1677,19.3403,25.7499,4.5814,10.3712,0.9168,0.6901
Standard & Poor's Ratings Services,AutoZone Inc.,A,2016-03-30,866787,1,5531.0,Shops,AZO,0.8424,1.582,-2.7183,52.2907,19.1714,19.1714,21.8821,17.6946,11.3891,1.2573,-68.1937,-55.427,14.3198,39.6869,9.2569,7.1956
Standard & Poor's Ratings Services,Kratos Defense & Security Solutions Inc.,B-,2016-03-30,1069258,0,7370.0,BusEq,KTOS,1.8585,0.636,1.751,24.6234,-0.6848,-0.6848,3.6524,-6.7874,3.0132,0.7274,-13.0606,12.4953,-3.6754,-4.7544,-0.5494,-0.5405
Moody's Investors Service,3M Company,A+,2016-03-29,66740,1,2670.0,Manuf,MMM,1.5434,0.4329,0.9415,49.1874,22.9438,22.9438,27.6838,22.5375,15.9642,0.9207,42.2131,-1267.278,14.7219,23.9405,0.0662,-0.1234
Standard & Poor's Ratings Services,Universal Hospital Services Inc.,B-,2016-03-29,352915,0,8062.0,Hlth,UHS,1.5615,0.4388,0.7963,89.2288,13.926,13.926,18.3339,12.6711,7.522,0.9405,17.421,105.2803,7.8072,9.7775,0.3063,0.4295
Moody's Investors Service,Targa Resources Corp.,B+,2016-03-29,1389170,0,4923.0,Utils,TRGP,1.0515,0.4778,0.9501,27.3481,2.3924,2.3924,16.6567,-1.679,0.8756,0.504,-2.4223,-3.7633,-1.146,-1.2649,1.2091,4.0673
Moody's Investors Service,"T-Mobile USA, Inc.",BB-,2016-03-29,1283699,0,4812.0,Telcm,TMUS,1.5628,0.6343,1.7455,54.1134,7.6354,7.6354,22.0747,3.0123,2.0883,0.5202,4.4271,5.1331,1.1744,1.619,1.5,1.0484
Moody's Investors Service,"Caesars Entertainment Resort Properties, LLC",B-,2016-03-28,1590895,0,7990.0,Other,CZR,1.099,0.761,3.2004,40.0573,10.0747,10.0747,17.3754,6.1967,15.8635,0.5432,42.1858,-39.6205,8.6175,10.0835,0.1495,-0.2761
Moody's Investors Service,"Omnicom Group, Inc.",BBB+,2016-03-28,29989,1,7311.0,Other,OMC,0.8425,0.5523,1.5819,17.4635,12.687,12.687,14.5496,11.752,7.146,0.6845,41.6488,-19.6256,5.4426,18.647,3.1868,3.1945
Standard & Poor's Ratings Services,NCR Corp.,BB,2016-03-25,70866,0,7370.0,BusEq,NCR,1.4918,0.6457,1.9214,26.2783,5.3558,5.3558,9.6647,2.0786,2.8979,0.7694,9.8247,-10.2607,2.1597,3.4814,1.4009,1.1757
Standard & Poor's Ratings Services,StoneMor Partners L.P.,B-,2016-03-25,1286131,0,7200.0,Shops,STON,3.3775,0.6072,1.5575,84.119,0.63,0.63,4.627,-7.0111,-8.4285,0.1885,-11.4264,-34.576,-1.3763,-4.4887,-0.5983,-0.5535
Moody's Investors Service,Cumulus Media Inc.,CCC+,2016-03-25,1058623,0,4832.0,Telcm,CMLS,2.9264,0.9934,149.8816,66.0791,-40.945,-40.945,17.0034,-50.6841,-46.7617,0.3892,-3408.76,22.3981,-18.202,-22.5924,-1.9545,-1.6344
Standard & Poor's Ratings Services,Illinois Tool Works Inc.,A+,2016-03-25,49826,1,3560.0,Manuf,ITW,2.8378,0.5688,1.4197,41.1563,21.3875,21.3875,24.9459,20.2835,14.1664,0.8522,36.3236,-246.3035,12.0732,15.6632,2.2177,2.3545
Moody's Investors Service,Peabody Energy Corporation,D,2016-03-24,1064728,0,1220.0,Enrgy,BTU,0.9184,0.6863,2.1958,15.8314,-1.989,-1.989,7.6647,-8.0666,-10.8095,0.5149,-25.5016,-25.5016,-5.271,-7.9992,-21.7798,-8.3371
Moody's Investors Service,"Laredo Petroleum, Inc.",B-,2016-03-24,1528129,0,1311.0,Enrgy,LPI,1.5323,0.9151,10.7741,52.4388,-407.4102,-407.4102,-360.8169,-393.4592,-364.2912,0.3346,-1681.237,-1681.237,-121.8746,-142.7909,-37.6919,92.6181
Standard & Poor's Ratings Services,BorgWarner Inc.,A,2016-03-23,908255,1,3714.0,Durbl,BWA,1.3301,0.3674,0.7023,21.2272,11.0717,11.0717,15.0626,10.9109,7.1941,0.9091,16.9049,46.1579,6.9558,10.6944,0.3438,0.2447
Standard & Poor's Ratings Services,Target Corp.,A,2016-03-23,27419,1,5331.0,Shops,TGT,1.1195,0.4797,0.9848,29.1984,7.4947,7.4947,10.494,6.6721,4.5578,1.8326,25.6309,25.6309,8.2485,13.3363,2.4383,2.8523
Moody's Investors Service,AMC Networks Inc.,BB-,2016-03-23,1514991,0,4833.0,Telcm,AMCX,1.8308,1.0034,-312.7053,55.941,27.4781,27.4781,60.6675,22.5807,14.2114,0.6072,-4418.889,-16.4422,8.98,15.0221,-0.1018,-0.4899
Moody's Investors Service,Boyd Gaming Corporation,B-,2016-03-22,906553,0,7990.0,Other,BYD,0.6774,0.8851,7.7721,44.7105,8.1098,8.1098,18.9064,-2.6156,-2.4759,0.4844,-11.5559,4.2849,-1.1447,-1.3276,-0.213,-0.0295
Standard & Poor's Ratings Services,"Entegris, Inc.",BB-,2016-03-22,1101302,0,3559.0,Manuf,ENTG,4.0375,0.4301,0.8171,43.4948,10.9209,10.9209,20.6328,8.5268,7.4271,0.6565,10.001,39.784,4.8762,5.6991,-0.0458,-0.1436
Moody's Investors Service,"Avnet, Inc.",BBB-,2016-03-21,8858,1,5065.0,Shops,AVT,2.0094,0.26,0.4221,12.5182,3.6994,3.6994,4.165,3.237,3.2393,1.6348,10.3602,14.6793,4.4942,7.666,2.5125,2.4312
Moody's Investors Service,Anheuser-Busch InBev SA/NV,A,2016-03-18,1668717,1,2082.0,NoDur,BUD,0.6429,0.4878,1.082,60.6986,30.9926,30.9926,38.2236,28.5777,18.973,0.3239,21.5818,-20.1289,7.3287,11.0542,-0.0291,-0.1535
Standard & Poor's Ratings Services,Devon Energy Corp.,A,2016-03-18,1090012,1,1311.0,Enrgy,DVN,1.2203,0.5232,1.1859,100.0,-145.059,-145.059,-113.8912,-151.0688,-98.1438,0.4463,-124.1696,-229.0582,-46.3312,-59.2102,-2.7592,3.4889
Standard & Poor's Ratings Services,Fiserv Inc.,BBB,2016-03-18,798354,1,7374.0,BusEq,FISV,0.9717,0.5288,1.1502,43.1307,23.8847,23.8847,31.8595,20.6672,14.8835,0.5443,22.8832,-19.2494,8.1006,10.7822,0.6338,0.4995
Moody's Investors Service,"Delta Air Lines, Inc.",BBB+,2016-03-16,27904,1,4512.0,Other,DAL,0.5167,0.3841,0.7676,32.7781,19.1677,19.1677,23.6758,17.583,11.1193,0.7661,41.7143,-118.9487,8.5181,25.6926,4.0051,3.0036
Fitch Ratings,Apache Corporation,BBB,2016-03-16,6769,1,1311.0,Enrgy,APA,2.038,0.4787,0.9184,96.9371,-176.6439,-176.6439,-128.7415,-176.6439,-150.2685,0.2702,-117.5869,-117.5869,-43.7608,-61.293,-13.6658,1.6518
DBRS,Vale S.A.,BBB-,2016-03-16,917851,1,1000.0,Other,VALE,1.4673,0.4246,0.8081,19.8127,-26.6464,-26.6464,-10.7424,-75.603,-51.8688,0.2642,-34.814,-40.9151,-14.0465,-20.0319,-1.6713,-0.9605
Moody's Investors Service,CONSOL Energy Inc.,CCC+,2016-03-14,1710366,0,1220.0,Enrgy,CEIX,0.5135,0.2125,0.2708,98.5582,31.6919,31.6919,45.4314,31.1613,21.5943,0.4958,29.8935,29.8935,11.0687,23.5412,10.4295,5.7716
Standard & Poor's Ratings Services,Sonoco Products Co.,A,2016-03-14,91767,1,2650.0,Manuf,SON,1.506,0.444,0.8333,18.0962,7.5363,7.5363,11.4973,6.4921,4.503,1.1963,15.0837,504.6363,5.4087,8.3866,-1.1603,-1.2331
Fitch Ratings,America Movil S.A.B. de C.V.,A,2016-03-14,1129137,1,4812.0,Telcm,AMX,0.8256,0.778,4.2476,53.248,15.8207,15.8207,29.8807,6.2825,3.9234,0.6897,22.9996,-36.6207,2.8534,5.1063,-2.4147,-1.8694
Standard & Poor's Ratings Services,Fluor Corp.,A,2016-03-14,1124198,1,1600.0,Other,FLR,1.7393,0.2406,0.3169,6.0434,3.7897,3.7897,5.1742,4.011,2.2773,2.3755,15.4381,16.0123,6.3035,11.7233,1.7617,2.6976
Standard & Poor's Ratings Services,PBF Logistics LP,BB,2016-03-14,1582568,0,4610.0,Other,PBFX,4.8195,1.4485,-3.2295,100.0,66.7542,66.7542,73.0869,51.7973,51.9683,0.336,-39.6419,-39.6419,17.4047,17.7807,1.9067,3.2943
Moody's Investors Service,Global Payments Inc.,BB,2016-03-14,1123360,0,7374.0,BusEq,GPN,1.3564,0.5485,1.6188,62.7198,15.8756,15.8756,20.6546,14.7735,9.6031,0.6356,23.8305,-36.4968,6.7175,10.7602,-0.2024,-0.1322
Fitch Ratings,Xerox Corporation,BBB-,2016-03-11,108772,1,7389.0,Other,XRX,1.4605,0.3625,0.6973,40.3029,11.4047,11.4047,16.4445,8.5969,7.9896,0.4584,9.7833,395.4887,3.8036,6.0404,-0.6035,0.0164
DBRS,Shaw Communications Inc.,BBB-,2016-03-11,932872,1,4841.0,Telcm,SJR,0.5206,0.4727,1.0041,43.3491,26.0933,26.0933,42.7478,21.3921,15.3426,0.3768,15.5863,-26.514,6.0423,8.2189,-0.8121,-0.6123
Fitch Ratings,Masco Corporation,BB+,2016-03-11,62996,0,3430.0,Manuf,MAS,1.3849,0.9764,58.7414,31.5458,12.7975,12.7975,14.9398,9.6472,4.9006,1.2609,682.7586,-42.0829,6.9915,16.091,0.6652,0.5728
Standard & Poor's Ratings Services,PPG Industries Inc.,A,2016-03-11,79879,1,2851.0,Chems,PPG,1.4296,0.4427,0.8497,45.3269,12.8011,12.8011,15.9329,12.2534,9.8729,0.834,26.2774,-171.2082,7.8004,14.6454,1.4612,1.9067
Standard & Poor's Ratings Services,Global Payments Inc,BBB-,2016-03-10,1123360,1,7374.0,BusEq,GPN,1.3564,0.5485,1.6188,62.7198,15.8756,15.8756,20.6546,14.7735,9.6031,0.6356,23.8305,-36.4968,6.7175,10.7602,-0.2024,-0.1322
Standard & Poor's Ratings Services,"Lee Enterprises, Inc.",B-,2016-03-10,58361,0,2711.0,NoDur,LEE,0.7852,1.2924,-4.5772,58.4775,16.8637,16.8637,23.8891,5.8457,3.5951,0.8672,-15.3346,-4.1338,3.2518,4.4843,-1.4643,0.0884
Fitch Ratings,Southwestern Energy Company,B,2016-03-09,7332,0,4923.0,Utils,SWN,0.5559,0.6733,2.0618,72.8056,-208.1711,-208.1711,-171.6246,-209.4159,-148.8031,0.3875,-199.6494,-199.6494,-56.3443,-65.2162,-2.4736,0.3923
Moody's Investors Service,Unisys Corporation,B,2016-03-09,746838,0,7373.0,BusEq,UIS,1.1565,-0.2041,-0.2252,17.9397,-1.8275,-1.8275,4.1458,-1.9502,-3.645,1.4155,7.4859,6.0903,-4.8451,9.0139,-2.3493,-2.2616
Moody's Investors Service,Arcos Dorados Holdings Inc.,B+,2016-03-08,1508478,0,5812.0,Shops,ARCO,0.6565,0.6313,2.2833,11.7117,3.0598,3.0598,6.6865,-0.9353,-1.6914,2.1756,-17.9055,-21.6378,-3.6608,-6.6009,-0.3726,0.069
Standard & Poor's Ratings Services,"Cooper Companies, Inc. (The)",BB+,2016-03-04,711404,0,3851.0,Hlth,COO,1.4794,0.2925,0.5046,59.5571,13.1712,13.1712,23.8217,11.9915,11.3238,0.4029,7.6704,312.0017,4.5988,5.4269,-1.3446,-1.4211
Fitch Ratings,Fluor Corporation,BBB+,2016-03-04,1124198,1,1600.0,Other,FLR,1.7393,0.2406,0.3169,6.0434,3.7897,3.7897,5.1742,4.011,2.2773,2.3755,15.4381,16.0123,6.3035,11.7233,1.7617,2.6976
Moody's Investors Service,Service Corporation International,BBB-,2016-03-04,89089,1,7200.0,Shops,SCI,0.5872,0.7186,2.6269,22.5914,18.429,18.429,26.6257,12.4027,7.8288,0.2557,19.7851,-38.7723,2.0154,5.5672,0.8279,0.764
Moody's Investors Service,Entegris Inc.,B+,2016-03-03,1101302,0,3559.0,Manuf,ENTG,4.0375,0.4301,0.8171,43.4948,10.9209,10.9209,20.6328,8.5268,7.4271,0.6565,10.001,39.784,4.8762,5.6991,-0.0458,-0.1436
Moody's Investors Service,ConocoPhillips Company,BBB,2016-03-03,1163165,1,1311.0,Enrgy,COP,0.9495,0.3691,0.6207,46.2809,-19.1078,-19.1078,11.9121,-23.4007,-14.3139,0.3173,-10.9051,-10.9051,-4.4838,-6.8797,-7.2022,-1.296
Standard & Poor's Ratings Services,Pearson PLC,BBB,2016-03-03,938323,1,2731.0,NoDur,PSO,2.1494,0.2419,0.363,55.6625,8.7959,8.7959,35.6535,-9.6911,18.4199,0.384,-5.4846,-28.0702,-3.0254,-4.1578,-0.5269,-0.6848
Moody's Investors Service,Stryker Corporation,BBB+,2016-03-03,310764,1,3842.0,Hlth,SYK,2.2681,0.2751,0.4697,66.3784,18.711,18.711,22.7026,17.4442,14.4681,0.6131,16.9075,55.7536,8.8701,12.2562,-2.0797,-2.1799
Moody's Investors Service,"eBay, Inc.",BBB+,2016-03-02,1065088,1,7370.0,BusEq,EBAY,3.4927,0.5065,1.0263,79.3878,25.5703,25.5703,33.5661,28.0028,20.0768,0.4839,29.6077,95.6757,10.9659,14.6116,-1.2323,-1.2826
Standard & Poor's Ratings Services,LKQ Corporation,B+,2016-03-01,1065696,0,5010.0,Shops,LKQ,3.0029,0.3961,0.6786,39.3455,9.6419,9.6419,11.5029,8.7223,5.6605,1.2309,14.0231,204.8569,6.9674,8.469,-0.1374,-0.3013
Moody's Investors Service,O'Reilly Automotive Inc,BBB+,2016-03-01,898173,1,5531.0,Shops,ORLY,1.0896,0.4075,0.6879,51.3977,17.6048,17.6048,20.325,16.9369,10.784,1.1047,38.5541,61.6609,11.9132,22.8419,3.0531,2.5731
Moody's Investors Service,"American Axle & Manufacturing Holdings, Inc.",BB-,2016-03-01,1062231,0,3714.0,Durbl,AXL,1.6078,0.8202,4.5738,16.2794,9.1748,9.1748,14.2579,6.9868,5.9004,1.2187,78.1426,160.1631,7.3563,14.0472,0.7539,0.8226
Fitch Ratings,"Burlington Resources, Inc.",A-,2016-03-01,1579298,1,5600.0,Shops,BURL,1.0523,1.0828,-13.0937,40.356,5.8193,5.8193,9.2301,4.6566,2.9335,1.9946,-151.9682,-24.1607,5.8512,12.5806,0.5136,0.8057
Moody's Investors Service,"Calumet Specialty Products Partners, L.P.",B-,2016-02-29,1340122,0,2911.0,Enrgy,CLMT,0.9725,0.7377,2.9366,13.6478,3.9997,3.9997,7.8569,-2.1678,-3.903,1.3347,-14.8161,-48.0315,-2.9001,-3.7097,1.7703,1.497
Moody's Investors Service,Telefonica Brasil S.A.,BB+,2016-02-26,1066119,0,4813.0,Telcm,VIV,0.996,0.1031,0.1491,49.4994,13.0057,13.0057,29.9218,10.9054,8.4897,0.3962,4.9882,14.8965,3.3636,4.4741,-1.5426,-0.0716
Moody's Investors Service,"EOG Resources, Inc.",BBB+,2016-02-25,821189,1,1311.0,Enrgy,EOG,1.4249,0.3394,0.5142,100.0,-76.3475,-76.3475,-38.5094,-79.0364,-51.6649,0.3247,-34.9571,-34.9571,-16.7758,-23.0938,-9.1794,-4.0166
Moody's Investors Service,Companhia de San Bas do Estado de Sao Paulo,BB,2016-02-25,1170858,0,4941.0,Utils,SBS,0.9225,0.4581,0.9566,29.4649,25.9913,25.9913,35.162,5.0167,4.5791,0.3475,3.9097,-3.6242,1.591,2.1187,-0.3704,-0.339
Standard & Poor's Ratings Services,Compass Group PLC,A,2016-02-25,1563190,1,7371.0,BusEq,COMP,0.7172,0.4057,1.1678,25.8736,13.9724,13.9724,17.8941,15.79,11.5959,0.5211,19.0099,91.0062,6.043,11.2972,-0.4637,-0.4543
Moody's Investors Service,Devon Energy Corporation,BB,2016-02-25,1090012,0,1311.0,Enrgy,DVN,1.2203,0.5232,1.1859,100.0,-145.059,-145.059,-113.8912,-151.0688,-98.1438,0.4463,-124.1696,-229.0582,-46.3312,-59.2102,-2.7592,3.4889
Moody's Investors Service,Ambev S.A.,BBB-,2016-02-25,1565025,1,2082.0,NoDur,ABEV,0.9394,0.044,0.0716,65.6223,40.1934,40.1934,46.7743,35.3454,26.592,0.5181,25.5876,90.1374,14.2822,24.4616,0.0246,0.0425
Moody's Investors Service,Marathon Oil Corporation,BB+,2016-02-25,101778,0,1311.0,Enrgy,MRO,1.498,0.2817,0.3922,68.0906,-46.4509,-46.4509,12.2546,-52.6214,-47.5512,0.1434,-9.1683,-9.2255,-5.2645,-6.5856,-5.7058,-8.4713
Fitch Ratings,Marathon Petroleum Corporation,BBB+,2016-02-25,1510295,1,2911.0,Enrgy,MPC,1.3217,0.366,0.5796,14.3605,4.1414,4.1414,5.5246,3.9206,2.5803,3.215,22.432,26.0077,8.3977,14.2221,0.0474,-0.6069
Standard & Poor's Ratings Services,Cementos Pacasmayo S.A.A.,BB+,2016-02-25,1221029,0,3241.0,Manuf,CPAC,5.1711,0.2991,0.4267,41.7222,24.1867,24.1867,29.5307,21.4278,15.5183,0.3834,9.1172,9.1172,5.8252,6.3904,0.1125,-0.9635
Moody's Investors Service,Burlington Resources Finance Company,BBB,2016-02-25,1579298,1,5600.0,Shops,BURL,1.0523,1.0828,-13.0937,40.356,5.8193,5.8193,9.2301,4.6566,2.9335,1.9946,-151.9682,-24.1607,5.8512,12.5806,0.5136,0.8057
Moody's Investors Service,Rio Tinto Limited,BBB+,2016-02-24,863064,1,1000.0,Other,RIO,1.5483,0.3239,0.5354,74.6677,18.3927,18.3927,31.7293,-2.0845,-2.4864,0.3804,-3.8955,-4.3083,-1.8774,-2.6338,-2.5438,-1.0673
Standard & Poor's Ratings Services,National Grid North America Inc.,BBB+,2016-02-23,1004315,1,4911.0,Utils,NGG,0.8179,0.6565,2.1639,24.8668,24.8668,24.8668,34.6951,17.2883,13.282,0.2759,16.7947,33.3665,3.6505,5.7695,2.3471,2.0159
Standard & Poor's Ratings Services,"Townsquare Media, Inc.",B-,2016-02-23,1499832,0,4832.0,Telcm,TSQ,1.6624,0.6183,1.6202,27.9753,19.2035,19.2035,23.4809,4.1181,2.3222,0.416,2.8192,-2.2897,0.966,1.0762,-2.7379,-1.5155
Moody's Investors Service,Edgewell Personal Care Co.,BB,2016-02-23,1096752,0,3420.0,Manuf,ENR,2.309,1.065,-16.5141,46.3472,3.6038,3.6038,6.1657,-0.0429,-0.2452,1.008,6.6556,2.2923,-0.2471,-0.4328,-0.9341,-0.9968
Fitch Ratings,"Honeywell International, Inc.",A,2016-02-23,773840,1,9997.0,Other,HON,1.0916,0.2317,0.6552,30.6731,17.6978,17.6978,19.9865,17.0706,12.3584,0.7823,26.3167,-235.9786,9.8285,20.2194,0.604,0.6166
Moody's Investors Service,Chesapeake Energy Corporation,CCC-,2016-02-22,895126,0,1311.0,Enrgy,CHK,0.673,0.8114,4.4606,75.2037,-148.2216,-148.2216,-130.7584,-149.6239,-115.4654,0.7372,2200.752,-610.5548,-84.527,-115.1637,-4.1386,-10.9302
Moody's Investors Service,UnitedHealth Group Incorporated,A-,2016-02-22,731766,1,6324.0,Money,UNH,0.7375,0.4289,0.9478,23.5674,7.015,7.015,8.0926,6.5121,3.7,1.4121,17.3996,-30.692,5.2744,9.9363,1.9071,1.8446
Standard & Poor's Ratings Services,Starbucks Corp.,A,2016-02-22,829224,1,5812.0,Shops,SBUX,1.0885,0.2874,0.4034,59.3612,18.7917,18.7917,23.6647,20.3677,14.3894,1.5434,47.4123,74.0951,22.2232,33.7847,2.0791,1.9841
Standard & Poor's Ratings Services,National Grid Gas PLC,A-,2016-02-22,1004315,1,4911.0,Utils,NGG,0.8179,0.6565,2.1639,24.8668,24.8668,24.8668,34.6951,17.2883,13.282,0.2759,16.7947,33.3665,3.6505,5.7695,2.3471,2.0159
Moody's Investors Service,Carpenter Technology Corporation,BB,2016-02-19,17843,0,3312.0,Manuf,CRS,3.3232,0.3129,0.4554,14.2947,5.0074,5.0074,10.4998,4.0014,2.6362,0.7671,4.4272,5.8883,2.0223,3.0419,0.8922,4.1701
Standard & Poor's Ratings Services,Arrow Electronics Inc.,BBB,2016-02-19,7536,1,5065.0,Shops,ARW,1.5169,0.362,0.578,13.0369,3.5413,3.5413,4.4133,2.973,2.1378,1.7879,11.9311,34.837,3.8434,7.6115,0.161,-0.1945
Standard & Poor's Ratings Services,Nordstrom Inc.,A,2016-02-19,72333,1,5651.0,Shops,JWN,1.0354,0.7624,3.2204,36.4965,7.6262,7.6262,11.1727,6.7604,4.156,1.8754,68.8863,137.6147,7.7942,16.3666,6.6915,5.4471
Standard & Poor's Ratings Services,Conagra Brands Inc.,BBB,2016-02-19,23217,1,2000.0,NoDur,CAG,1.0765,0.5991,1.7146,25.4173,10.1041,10.1041,13.2544,6.4711,-2.7961,0.5181,9.7896,-37.3872,2.5881,3.9248,-0.1807,0.256
Standard & Poor's Ratings Services,McCormick & Co. Inc.,A,2016-02-19,63754,1,2090.0,NoDur,MKC,1.0959,0.384,0.8266,40.4371,12.7645,12.7645,15.2294,11.5495,9.3476,0.9606,21.6314,-82.0923,8.1586,13.3258,0.3612,0.3681
Moody's Investors Service,National Fuel Gas Company,BBB-,2016-02-18,70145,1,4924.0,Utils,NFG,0.8423,0.5071,1.0289,80.1249,-34.7009,-34.7009,-15.6109,-39.6705,-21.5472,0.2682,-18.7331,-18.7839,-5.7796,-9.233,-0.5898,-1.8913
Egan-Jones Ratings Company,"NEOGENOMICS, INC.",BBB-,2016-02-16,1077183,1,8071.0,Hlth,NEO,2.056,0.215,0.3407,43.8428,-5.6462,-5.6462,1.51,-4.4979,-2.6623,0.2841,-1.21,10.2586,-0.7216,-0.9498,-0.0631,-0.0324
Standard & Poor's Ratings Services,Kronos Worldwide Inc.,B+,2016-02-12,1257640,0,2810.0,Chems,KRO,3.524,0.422,0.7383,14.2571,-0.0816,-0.0816,3.0397,-2.2835,-12.8707,1.0854,-37.5839,-37.5839,-13.9696,-21.7244,-0.3072,-0.1855
Standard & Poor's Ratings Services,Matador Resources Company,B,2016-02-12,1520006,0,1311.0,Enrgy,MTDR,0.9282,0.4445,0.8002,87.6934,-253.641,-253.641,-197.1378,-260.002,-213.7467,0.2788,-138.9736,-138.9736,-59.5624,-77.2,-0.9891,2.6655
Standard & Poor's Ratings Services,CommScope Technologies LLC,B,2016-02-12,1517228,0,3663.0,BusEq,COMM,2.9261,0.8105,4.2885,35.3435,4.7689,4.7689,12.7394,-1.6283,-1.8613,0.5075,-5.7965,1.9604,-0.9447,-1.0982,0.2111,0.1005
Standard & Poor's Ratings Services,Commercial Vehicle Group Inc.,B,2016-02-12,1290900,0,3714.0,Durbl,CVGI,2.6841,0.779,3.5244,13.4274,4.6073,4.6073,6.8814,2.0378,0.8554,1.9015,10.7098,17.1592,1.6268,2.3671,1.5541,1.5052
Fitch Ratings,Black Hills Gas LLC,BBB+,2016-02-12,1130464,1,4911.0,Utils,BKH,1.9847,0.5584,1.317,63.7771,23.8179,23.8179,34.3542,17.4583,-2.5458,0.2726,9.6563,12.8362,3.0594,4.2641,2.3006,5.354
Standard & Poor's Ratings Services,Rio Tinto PLC,A-,2016-02-12,863064,1,1000.0,Other,RIO,1.5483,0.3239,0.5354,74.6677,18.3927,18.3927,31.7293,-2.0845,-2.4864,0.3804,-3.8955,-4.3083,-1.8774,-2.6338,-2.5438,-1.0673
Moody's Investors Service,Allegion plc,BBB-,2016-02-08,1579241,1,3420.0,Manuf,ALLE,1.6442,0.98,51.2828,42.0241,17.3396,17.3396,19.912,10.1204,7.4416,0.9139,520.8755,-14.6385,6.8361,10.4021,0.0195,0.1841
Standard & Poor's Ratings Services,Masonite International Corp.,BB,2016-02-08,893691,0,2430.0,Other,DOOR,2.4039,0.417,0.7152,18.7423,1.6883,1.6883,6.116,-1.4727,-2.5167,1.2487,-6.3672,-13.8461,-2.7843,-3.7122,2.7042,2.5196
Moody's Investors Service,Gerdau S.A.,BB-,2016-02-05,1073404,0,3310.0,Manuf,GGB,2.8205,0.4295,0.8277,9.8453,-7.322,-7.322,-1.338,-13.984,-10.4436,0.6217,-14.2054,-29.6868,-6.5568,-8.2007,0.6502,0.5469
Standard & Poor's Ratings Services,Microchip Technology Inc.,BB+,2016-02-05,827054,0,3674.0,BusEq,MCHP,7.5278,0.4699,0.8864,57.268,19.8236,19.8236,34.0526,16.1109,17.1869,0.4491,17.7254,37.0761,7.6416,9.3965,0.0585,-0.0533
Moody's Investors Service,Pearson plc,BBB,2016-02-04,938323,1,2731.0,NoDur,PSO,2.1494,0.2419,0.363,55.6625,8.7959,8.7959,35.6535,-9.6911,18.4199,0.384,-5.4846,-28.0702,-3.0254,-4.1578,-0.5269,-0.6848
Fitch Ratings,Cadence Design Systems Inc.,BBB+,2016-02-04,813672,1,7372.0,BusEq,CDNS,1.7979,0.1997,0.2495,85.9906,16.7694,16.7694,24.2641,15.7216,14.8298,0.7257,18.3427,47.8189,10.7617,14.6805,0.1786,0.1648
Fitch Ratings,"Nabors Industries, Inc.",BBB-,2016-02-04,1163739,1,1381.0,Enrgy,NBR,1.7492,0.4683,0.8819,33.8437,-8.8787,-6.2656,10.7053,-8.8787,-9.8485,0.574,-13.6063,-14.1051,-5.6417,-7.2348,67.4061,-47.2403
Standard & Poor's Ratings Services,Armstrong World Industries Inc.,BB+,2016-02-03,7431,0,3290.0,Manuf,AWI,2.0188,0.5491,1.2855,38.0077,19.5007,19.5007,34.1945,11.7501,11.7004,0.2996,7.5312,18.0037,2.1547,3.3959,-0.125,0.7022
Fitch Ratings,China State Construction International Holdings Limited,BBB+,2016-01-31,1443979,1,9995.0,Other,CNR,1.5433,0.6202,1.6349,23.8101,3.6344,3.6344,7.0158,1.7133,1.1285,1.4482,6.5513,-41.979,1.6502,2.4881,0.9716,0.9332
Standard & Poor's Ratings Services,"Dollar Tree, Inc.",BB-,2016-01-29,935703,0,5331.0,Shops,DLTR,2.315,0.2767,0.3825,35.2701,12.0923,12.0923,14.4858,11.0925,6.9657,2.4629,33.5686,37.0128,17.1558,24.2817,0.9302,0.8753
Moody's Investors Service,"Welbilt, Inc.",B+,2016-01-28,1650962,0,3580.0,Manuf,WBT,0.7862,0.0019,0.0022,31.9534,10.1841,10.1841,13.4323,12.5088,10.0057,0.8952,12.9974,-100.2553,8.9567,12.9728,-0.4174,-0.3292
Standard & Poor's Ratings Services,WEC Energy Group Inc.,A,2016-01-28,783325,1,4931.0,Utils,WEC,0.7747,0.4838,1.1713,54.7858,22.2549,22.2549,30.5998,19.035,11.7728,0.3353,13.338,14.7074,3.955,6.8381,-0.0945,-0.2941
Standard & Poor's Ratings Services,AmerisourceBergen Corp.,A,2016-01-27,1140859,1,5122.0,Shops,ABC,0.9424,0.8585,6.0664,2.5958,0.3105,0.3105,0.4988,0.1978,-0.1016,4.8622,-22.4154,2.5025,-0.4941,-3.1721,11.7878,11.8478
Moody's Investors Service,Hub International Limited,CCC,2016-01-27,940942,0,4731.0,Other,HUBG,1.587,0.1283,0.184,10.3731,2.3488,2.3488,3.1715,2.2925,1.4437,2.9462,8.5818,15.9357,4.2535,7.4811,-0.4923,-0.7704
Moody's Investors Service,Freeport-McMoRan Inc.,B+,2016-01-27,831259,0,1000.0,Other,FCX,1.7325,0.6203,1.6875,-87.684,-92.5036,-92.5036,-68.563,-96.7208,-83.7681,0.3136,-101.1292,-101.1292,-26.1502,-38.3997,-2.4436,-1.3711
Standard & Poor's Ratings Services,Texas Instruments Inc.,AA,2016-01-26,97476,1,3674.0,BusEq,TXN,2.7687,0.2388,0.4142,58.2692,33.2462,33.2462,41.9615,32.4308,22.9692,0.801,30.0221,74.6313,18.398,22.8532,0.462,0.2642
Moody's Investors Service,"Acadia Healthcare Company, Inc.",B-,2016-01-26,1520697,0,8060.0,Hlth,ACHC,1.0156,0.5661,1.3314,100.0,17.8775,17.8775,21.7927,9.181,6.2722,0.4194,6.6169,-22.0629,2.6025,2.8714,1.4314,-0.5284
Standard & Poor's Ratings Services,Zoetis Inc.,BBB,2016-01-22,1555280,1,2834.0,Hlth,ZTS,2.1505,0.8036,4.462,63.5257,11.4376,14.0399,18.2162,11.4376,7.1144,0.6022,31.0724,-21.8147,4.2841,6.1037,0.0757,-0.0259
Standard & Poor's Ratings Services,Amphenol Corp.,A,2016-01-22,820313,1,3678.0,BusEq,APH,3.8179,0.4618,0.8582,31.9554,19.8377,19.8377,22.9192,18.9057,13.7106,0.7466,23.5572,276.3148,10.3548,12.6781,0.2533,0.3127
Standard & Poor's Ratings Services,Rockwell Automation Inc.,AA,2016-01-21,1024478,1,3620.0,Manuf,ROK,2.935,0.3994,0.6651,42.8526,17.8744,18.8843,21.4604,17.8744,13.1201,0.9849,36.6714,82.8843,12.9218,22.0241,1.3558,1.4721
Standard & Poor's Ratings Services,LyondellBasell Industries N.V.,BBB,2016-01-21,1489393,1,2820.0,Chems,LYB,2.1418,0.4452,0.8443,14.6224,12.5767,12.5767,14.8549,12.5241,9.1519,1.883,50.0,59.5235,17.2247,27.7412,3.126,2.9874
Standard & Poor's Ratings Services,Southwest Gas Corp.,AA-,2016-01-21,92416,1,4923.0,Utils,SWX,1.0432,0.4935,0.9977,77.1147,11.7036,11.7036,22.6675,8.9028,5.6144,0.4597,8.7564,9.5097,2.6019,4.4355,4.2715,2.4272
Moody's Investors Service,"Wynn Resorts, Limited",BB,2016-01-20,1174922,0,7990.0,Other,WYNN,2.1266,0.9721,35.0184,38.9673,23.3043,23.3043,29.7598,17.6467,13.4634,0.5996,456.0326,975.0782,10.6219,12.7126,-5.7206,-12.5189
Standard & Poor's Ratings Services,Textron Inc.,BBB,2016-01-20,217346,1,3721.0,Manuf,TXT,2.0105,0.4028,0.7272,18.2076,8.4929,8.4929,11.9273,7.2339,5.1926,0.9126,14.0612,23.7334,4.7457,8.3975,-0.3763,-0.3607
Moody's Investors Service,Kennametal Inc.,BBB-,2016-01-20,55242,1,3540.0,Manuf,KMT,2.6071,0.3485,0.5464,30.4471,-13.5171,-13.5171,-8.5433,-14.6425,-14.1242,0.929,-26.9705,-55.2538,-13.0183,-17.5701,1.0168,1.4056
Standard & Poor's Ratings Services,NewMarket Corporation,BBB+,2016-01-15,1282637,1,2860.0,Chems,NEU,2.9141,0.5588,1.2667,31.7193,16.6627,16.6627,18.6369,15.8336,11.1228,1.6644,61.5648,63.3476,18.5503,27.1608,3.3528,-2.2684
Standard & Poor's Ratings Services,Trimas Company LLC,BB-,2016-01-15,842633,0,3460.0,Manuf,TRS,2.1383,0.4258,0.7669,27.3282,-0.4919,-0.4919,13.5049,-2.5602,-3.8658,0.7383,-5.2377,27.1402,-2.4489,-3.0074,-1.3399,6.9908
Fitch Ratings,Intel Corporation,A+,2016-01-14,50863,1,3674.0,BusEq,INTC,2.4492,0.247,0.3711,62.6484,25.2949,25.2949,41.0315,25.6743,20.6305,0.5456,18.6953,24.9236,11.2558,14.0777,-0.1524,0.3492
Standard & Poor's Ratings Services,O'Reilly Automotive Inc.,BBB+,2016-01-14,898173,1,5531.0,Shops,ORLY,1.0896,0.4075,0.6879,51.3977,17.6048,17.6048,20.325,16.9369,10.784,1.1047,38.5541,61.6609,11.9132,22.8419,3.0531,2.5731
Fitch Ratings,"General Mills, Inc.",BBB+,2016-01-12,40704,1,2040.0,NoDur,GIS,0.7537,0.5842,1.7044,33.7442,11.7826,11.7826,15.1194,9.9936,6.9273,0.8075,23.3538,-15.4353,5.7686,9.7116,0.1739,0.0579
Standard & Poor's Ratings Services,Fidelity National Information Services Inc.,BBB,2016-01-11,1136893,1,7374.0,BusEq,FIS,1.5468,0.4303,0.7573,32.5277,19.8191,19.8191,29.8924,16.4198,10.5879,0.4417,10.73,-16.5152,4.9447,6.1127,0.4271,0.2826
Fitch Ratings,Crown Castle International Corp.,BBB-,2016-01-11,1051470,1,6798.0,Money,CCI,1.3764,0.6367,1.7694,63.0773,26.5823,26.5823,56.7238,9.4686,9.7923,0.1674,5.1404,-16.1768,1.6379,1.8675,0.8888,0.3997
Moody's Investors Service,Black Hills Corporation,BBB+,2016-01-11,1130464,1,4911.0,Utils,BKH,1.9847,0.5584,1.317,63.7771,23.8179,23.8179,34.3542,17.4583,-2.5458,0.2726,9.6563,12.8362,3.0594,4.2641,2.3006,5.354
Moody's Investors Service,ICON Plc,BBB-,2016-01-05,1060955,1,8731.0,Other,ICLR,1.5088,0.3134,0.4564,42.2862,17.8756,17.8756,21.541,17.705,15.209,0.9172,31.3904,220.7021,13.9493,21.5529,1.9512,1.6456
Moody's Investors Service,Altera Corporation,A+,2016-01-05,768251,1,3674.0,BusEq,ALTR,0.6349,2.5387,-1.9786,66.2706,5.0818,5.0818,7.9302,3.9945,3.7164,1.3258,-26.0021,-13.5504,4.9272,40.0095,0.1846,0.0955
Moody's Investors Service,"Roper Technologies, Inc.",BBB,2015-12-29,882835,1,3823.0,BusEq,ROP,2.1355,0.3681,0.5851,58.1487,26.0138,26.0138,31.9774,23.2891,16.6236,0.3956,12.7768,-22.6546,6.5766,8.0741,1.2002,1.1615
Moody's Investors Service,Las Vegas Sands Corp.,BB+,2015-12-22,1300514,0,7990.0,Other,LVS,1.9224,0.5231,1.1078,46.887,28.1061,28.1061,35.7789,26.2822,19.4803,0.6524,39.7757,40.1597,16.0508,18.9706,0.6089,0.2002
Moody's Investors Service,Korea Electric Power Corporation,AA,2015-12-20,887225,1,4911.0,Utils,KEP,0.7787,0.5053,1.1521,12.8846,10.8697,10.8697,24.653,7.4039,4.7037,0.3489,5.1053,5.1831,1.7097,2.5256,4.5332,3.4487
Moody's Investors Service,Sasol Limited,BBB,2015-12-18,314590,1,2911.0,Enrgy,SSL,2.5804,0.1666,0.2184,56.7276,24.0152,24.0152,31.3382,24.6095,16.0396,0.5725,15.8599,16.0472,9.6298,13.2181,-0.966,-1.3694
Moody's Investors Service,TransAlta Corporation,BB+,2015-12-17,1144800,0,4911.0,Utils,TAC,0.5886,0.4601,1.0459,58.3679,17.7279,17.7279,40.4115,9.1114,8.8446,0.2668,2.0586,1.9592,0.6147,0.8414,-0.1549,0.2304
Moody's Investors Service,"SMART Modular Technologies (Global), Inc.",CCC+,2015-12-17,1616533,0,3674.0,BusEq,SGH,1.3133,0.9645,28.5912,20.4263,-1.0428,-1.0428,7.4591,-6.1855,-7.2188,1.1395,-537.689,71.2493,-8.2257,-19.0955,1.4734,0.3347
Moody's Investors Service,Allegheny Technologies Incorporated,B-,2015-12-16,1018963,0,3350.0,Manuf,ATI,2.4367,0.3378,0.6502,6.2471,-2.2579,-2.2579,2.4385,-3.8284,3.8086,0.5861,-3.0454,-4.0233,-1.322,-2.0168,-0.217,-2.706
Standard & Poor's Ratings Services,Micron Technology Inc.,BB,2015-12-14,827054,0,3674.0,BusEq,MCHP,7.5278,0.4699,0.8864,57.268,19.8236,19.8236,34.0526,16.1109,17.1869,0.4491,17.7254,37.0761,7.6416,9.3965,0.0585,-0.0533
Standard & Poor's Ratings Services,Yum! Brands Inc.,BB,2015-12-10,1041061,0,5812.0,Shops,YUM,0.7466,0.5669,1.341,46.4843,13.742,13.742,19.2525,11.8542,8.3384,1.5048,47.7344,151.5669,12.2369,20.6722,-0.21,-0.162
Standard & Poor's Ratings Services,Madison Gas & Electric Co.,AAA,2015-12-08,61339,1,4931.0,Utils,MGEE,2.7832,0.3748,0.6164,58.1023,22.2792,22.2792,28.8445,20.7314,12.9578,0.3659,12.1806,12.1806,4.7409,7.6157,-0.3319,0.4288
Standard & Poor's Ratings Services,"Global Ship Lease, Inc.",B+,2015-12-04,1430725,0,4400.0,Other,GSL,1.8365,0.4784,0.9172,64.8162,30.4974,30.4974,63.5054,4.462,3.6042,0.1587,1.3945,1.3948,0.6993,0.7274,-2.2632,-11.4907
Egan-Jones Ratings Company,CAESARS ENTERTAINMENT,C,2015-12-03,1590895,0,7990.0,Other,CZR,1.2793,0.8364,5.112,40.2609,4.8518,4.8518,12.1432,-3.4697,-3.9868,0.3088,-9.4459,3.5179,-1.2225,-1.5455,0.0473,0.0113
Egan-Jones Ratings Company,"BIO-RAD LABORATORIES, INC",BBB+,2015-12-03,12208,1,3826.0,BusEq,BIO,3.8418,0.1662,0.1995,54.1836,6.8957,6.8957,6.8957,6.0485,4.0847,0.651,4.0658,6.2108,2.659,3.3899,3.5303,3.0325
Egan-Jones Ratings Company,"SOUTHWEST GAS HOLDINGS, INC.",A-,2015-12-03,1692115,1,4923.0,Utils,SWX,1.2903,0.5233,1.1139,76.1816,13.4082,13.4082,25.3339,10.3464,6.6515,0.4074,9.4968,10.5091,2.7101,4.5274,-0.0248,-0.6888
Egan-Jones Ratings Company,BROOKDALE SENIOR LIVING INC,CCC+,2015-12-03,1332349,0,8050.0,Hlth,BKD,0.6072,0.6747,2.1672,42.3137,-2.2158,-2.2158,11.2371,-8.6314,-3.8883,0.3678,-5.1844,-7.5063,-1.4344,-1.6865,-1.3229,-1.2937
Moody's Investors Service,"Analog Devices, Inc.",A-,2015-12-03,6281,1,3674.0,BusEq,ADI,3.6634,0.089,0.1715,65.7701,24.1869,24.1869,30.6566,23.5835,20.287,0.4866,13.7371,24.4269,9.8725,12.5151,0.1242,0.1978
Egan-Jones Ratings Company,"ENPRO INDUSTRIES, INC.",BB,2015-12-02,1164863,0,3050.0,Manuf,NPO,2.1757,0.4721,0.987,34.1754,5.1997,5.1997,9.9155,2.6737,1.8043,0.7608,3.5268,11.6649,1.3727,1.8617,-1.7264,-2.0557
Fitch Ratings,"Expedia, Inc.",BBB-,2015-12-02,1324424,1,4700.0,Other,EXPE,0.6985,0.4798,0.9224,79.5422,8.9835,8.9835,16.4027,8.0618,6.9072,0.6389,19.694,-11.1253,4.1345,10.2444,4.7976,4.5423
Egan-Jones Ratings Company,CABOT CORPORATION,BBB-,2015-12-02,16040,1,2890.0,Chems,CBT,2.3764,0.4203,0.7422,20.3762,-11.0415,-11.0415,7.5932,-13.1313,-11.6336,0.9337,-24.5142,-31.8138,-10.6667,-14.2114,3.032,3.4347
Fitch Ratings,Pioneer Natural Resources Co.,BBB-,2015-12-02,1038357,1,1311.0,Enrgy,PXD,1.384,0.2863,0.4011,74.7403,-6.4243,-6.4243,20.1476,-15.6916,-22.9087,0.2975,-5.4573,-5.6931,-2.9364,-3.8951,1.2,8.7651
Standard & Poor's Ratings Services,Churchill Downs Inc.,BB,2015-12-02,20212,0,7990.0,Other,CHDN,0.7213,0.5182,1.0916,22.0266,11.1303,11.1303,19.5395,9.4189,5.7129,0.3447,6.6286,-6.7157,1.9692,3.1937,-0.0111,-0.1183
Egan-Jones Ratings Company,"NEXTERA ENERGY, INC.",A+,2015-12-02,753308,1,4911.0,Utils,NEE,0.6358,0.5706,1.5757,67.2437,21.4125,21.4125,38.0682,16.213,12.6057,0.2184,9.296,9.296,2.4197,3.992,0.6064,2.4331
Egan-Jones Ratings Company,FMC CORPORATION,BBB,2015-12-02,37785,1,2870.0,Chems,FMC,1.4824,0.4233,1.178,38.3588,18.8201,18.8201,21.631,16.0731,9.3366,0.598,23.6372,40.8172,7.0981,13.6307,-0.1768,-0.1163
Moody's Investors Service,TMS International Corp.,CCC+,2015-12-02,1491501,0,5051.0,Shops,TMS,2.1887,0.0437,0.2073,41.8033,-6.4443,-6.4443,-3.0808,-1.4698,-1.8937,0.8278,-36.7163,-43.7337,-17.2929,-35.1283,0.1039,0.0615
Egan-Jones Ratings Company,BIOMARIN PHARMACEUTICAL INC.,CCC+,2015-12-02,1048477,0,2836.0,Hlth,BMRN,5.9288,0.2962,0.4208,83.6822,-12.3973,-12.3973,-5.3129,-16.665,-17.8796,0.3027,-8.7682,-10.1718,-5.4121,-6.1714,-0.065,0.4541
Egan-Jones Ratings Company,"T-MOBILE US, INC",BB+,2015-12-02,1283699,0,4812.0,Telcm,TMUS,1.5934,0.609,1.563,47.8792,4.7896,4.7896,19.7132,1.397,0.8355,0.5218,1.577,1.8841,0.436,0.6166,-0.1558,0.4995
Egan-Jones Ratings Company,"CHARTER COMMUNICATIONS, INC",BB-,2015-12-01,1091667,0,4841.0,Telcm,CHTR,0.211,0.9931,143.0616,34.4203,10.661,10.661,33.7396,0.5819,-2.0092,0.3735,-125.3425,2.2501,-0.7504,-0.8701,0.66,-2.2046
Egan-Jones Ratings Company,INGREDION INCORPORATED,A-,2015-12-01,1046257,1,2040.0,NoDur,INGR,2.7,0.4141,0.7452,17.873,9.6871,9.6871,12.7528,8.6441,6.2579,1.1806,16.5912,25.458,7.5187,9.7202,-1.4551,-1.3352
Egan-Jones Ratings Company,"GAP, INC",A-,2015-12-01,39911,1,5651.0,Shops,GPS,1.9324,0.3087,0.4536,38.2659,12.6742,12.6742,15.7165,12.2483,7.6787,2.1372,42.3064,42.3064,16.4109,29.2468,1.1876,1.2746
Egan-Jones Ratings Company,UNIVERSAL CORP,BBB-,2015-12-01,102037,1,5150.0,Shops,UVV,5.9576,0.2094,0.3077,18.0594,7.3895,7.3895,8.9475,6.9754,4.3907,1.0381,10.1609,9.2809,5.5044,6.8169,8.1808,7.7903
Egan-Jones Ratings Company,NORTHWEST NATURAL GAS COMPANY,A+,2015-11-30,73020,1,4924.0,Utils,NWN,0.7724,0.4476,1.1682,51.5289,18.96,18.96,32.0267,13.3064,7.7837,0.246,7.649,7.6489,1.9149,4.2254,1.3955,1.811
Egan-Jones Ratings Company,AMERICAN AXLE & MANUFACTURING,BBB-,2015-11-30,1062231,1,3714.0,Durbl,AXL,1.6582,0.9299,13.3827,14.145,7.2403,7.2403,12.6488,4.7808,3.7906,1.1406,126.1023,-343.7492,4.413,8.8381,1.2335,1.5371
Egan-Jones Ratings Company,"IDACORP, INC",AA-,2015-11-30,1057877,1,4911.0,Utils,IDA,1.8285,0.4495,0.8332,63.5014,19.781,19.781,30.4699,16.415,15.0859,0.225,9.8977,9.8977,3.3986,5.4484,1.1624,0.6233
Egan-Jones Ratings Company,NEWELL BRANDS INC,A-,2015-11-30,814453,1,3990.0,Durbl,NWL,1.2137,0.5291,1.338,38.4739,10.5588,10.5588,13.2844,8.0688,6.5968,0.8724,20.1089,-23.633,5.6823,9.4684,0.1996,-0.4897
Moody's Investors Service,Pioneer Natural Resources Company,BBB-,2015-11-30,1038357,1,1311.0,Enrgy,PXD,1.384,0.2863,0.4011,74.7403,-6.4243,-6.4243,20.1476,-15.6916,-22.9087,0.2975,-5.4573,-5.6931,-2.9364,-3.8951,1.2,8.7651
Egan-Jones Ratings Company,AMEREN CORPORATION,A,2015-11-30,1002910,1,4931.0,Utils,AEE,0.8013,0.4515,0.9581,67.8143,20.2809,20.2809,33.3162,14.2001,4.9503,0.2774,7.7475,8.255,2.4617,4.2494,-0.0304,-1.1056
Egan-Jones Ratings Company,FLOWSERVE CORPORATION,A-,2015-11-30,30625,1,3561.0,Manuf,FLS,1.8984,0.362,0.5948,35.0597,16.101,16.3493,18.6101,14.9398,10.5245,0.9819,26.7495,71.3261,10.4555,17.0662,0.8881,0.9036
Egan-Jones Ratings Company,FLUOR CORPORATION,A+,2015-11-30,1124198,1,1600.0,Other,FLR,1.7287,0.2352,0.3165,6.4976,5.649,5.649,6.7675,5.596,2.3728,2.6276,26.4311,27.3908,10.3985,20.2133,-0.7743,-0.8404
Egan-Jones Ratings Company,ALLIANT ENERGY CORP,A-,2015-11-30,352541,1,4931.0,Utils,LNT,0.7055,0.4609,1.038,62.8143,16.2933,16.2933,28.8391,13.3057,10.9345,0.2949,11.638,10.9698,3.4385,5.9139,-0.4969,0.8294
Egan-Jones Ratings Company,HCA HEALTHCARE INC,BB-,2015-11-30,860730,0,8062.0,Hlth,HCA,1.4112,1.3353,-4.0958,82.5347,14.1039,14.1039,19.3933,8.6186,4.5521,1.1856,-28.8106,-15.5561,6.9231,9.6602,-1.121,-1.2744
Egan-Jones Ratings Company,"ROCKWELL AUTOMATION, INC",A+,2015-11-30,1024478,1,3620.0,Manuf,ROK,2.935,0.3994,0.6651,42.8526,17.8744,18.8843,21.4604,17.8744,13.1201,0.9849,36.6714,82.8843,12.9218,22.0241,1.3558,1.4721
Egan-Jones Ratings Company,PEABODY ENERGY CORPORATION,C,2015-11-30,1064728,0,1220.0,Enrgy,BTU,1.106,0.602,1.5204,18.3156,-4.6309,-4.6309,5.9241,-10.4695,-7.4839,0.4963,-7.2444,-7.2444,-2.0236,-2.8835,34.9309,12.989
Standard & Poor's Ratings Services,Ball Corporation,BB+,2015-11-30,9389,0,3411.0,Manuf,BLL,1.1528,0.7072,2.5564,19.4516,9.79,9.79,13.0688,7.5379,5.4842,1.132,40.1742,-31.376,6.5777,11.7636,0.7414,0.6363
Egan-Jones Ratings Company,"M.D.C. HOLDINGS, INC",BB,2015-11-27,773141,0,1531.0,Other,MDC,10.3181,0.4229,0.7451,17.8398,5.8455,5.8455,6.1107,5.9292,3.7111,0.7207,5.1405,5.1405,2.6853,2.9664,1.6388,1.6163
Egan-Jones Ratings Company,"BEAZER HOMES USA, INC",B,2015-11-27,915840,0,1531.0,Other,BZH,17.9751,0.7063,2.4053,16.7409,3.1699,3.1699,3.9895,1.3537,21.1436,0.6755,54.9788,54.9788,14.3859,16.145,2.496,2.4513
Egan-Jones Ratings Company,"INTERDIGITAL, INC",A+,2015-11-27,1405495,1,6794.0,Money,IDCC,3.84,0.3125,0.4545,100.0,40.6329,40.6329,53.2756,36.9217,25.093,0.3486,21.3212,48.2637,8.5015,14.6586,0.8018,0.7348
Egan-Jones Ratings Company,PHILLIPS 66,A,2015-11-25,1534701,1,2911.0,Enrgy,PSX,1.4877,0.2149,0.2749,13.6081,1.5665,1.5665,2.1323,3.2204,2.1714,3.4458,16.4434,19.7978,7.3939,12.9089,2.9902,2.7875
Egan-Jones Ratings Company,FEDEX CORPORATION,AA-,2015-11-25,1048911,1,4513.0,Other,FDX,1.7352,0.3259,0.4848,74.284,3.9344,3.9344,9.4367,3.4287,2.2127,1.299,7.0033,9.3893,2.8743,4.7208,4.9421,1.218
Egan-Jones Ratings Company,LIBERTY MEDIA CORP.,BB+,2015-11-25,1560385,0,4833.0,Telcm,LSXMA,0.5226,0.2169,0.2897,64.4944,18.8989,18.8989,26.9663,10.3596,4.0,0.147,1.9578,-7.8874,1.305,1.5331,-0.1733,0.3341
Egan-Jones Ratings Company,OTTER TAIL CORPORATION,BBB-,2015-11-25,1466593,1,4911.0,Utils,OTTR,1.279,0.4653,0.8896,44.8075,12.4529,12.4529,19.7188,9.1885,7.222,0.4592,9.9313,10.7321,3.2678,5.3099,-1.0046,-1.0524
Egan-Jones Ratings Company,"PLAINS ALL AMERICAN PIPELINE,",BBB-,2015-11-25,1070423,1,5171.0,Shops,PAA,0.8789,0.5152,1.2198,5.7703,4.1391,4.1391,5.0225,3.5823,2.0201,1.958,16.921,24.2054,6.2438,8.2036,-0.2659,-1.3063
Egan-Jones Ratings Company,COCA-COLA FEMSA SAB DE CV,A,2015-11-24,910631,1,2086.0,NoDur,KOF,1.3422,0.3706,0.5996,46.4304,14.5189,14.5189,19.225,10.1532,7.5298,0.6936,9.3727,78.8808,4.8595,5.8994,-0.2148,3.6519
Standard & Poor's Ratings Services,"Coca-cola European Partners US, LLC",BBB,2015-11-24,1650107,1,2086.0,NoDur,CCEP,1.1699,0.6204,1.6829,34.8514,11.1301,11.1301,14.8807,9.8027,8.1223,0.8622,29.2544,-36.0931,7.0026,11.1056,-0.0949,-0.0142
Egan-Jones Ratings Company,HARSCO CORPORATION,BB-,2015-11-23,45876,0,3390.0,Manuf,HSC,1.2085,0.7022,2.4769,20.4433,3.3532,3.3532,11.8867,0.6842,-1.073,0.9106,-5.0541,14.4874,-0.7838,-1.5052,0.4793,0.8879
Egan-Jones Ratings Company,VECTOR GROUP LTD,B,2015-11-23,59440,0,6531.0,Money,VGR,3.5373,1.0205,-52.3567,31.0595,13.3498,13.3498,14.8894,5.1705,2.2517,1.1181,-237.4951,-16.8979,3.4508,4.8698,0.3937,0.3236
Egan-Jones Ratings Company,TIMKEN COMPANY,BBB-,2015-11-23,98362,1,3562.0,Manuf,TKR,2.7761,0.2473,0.3336,29.1919,6.7746,6.7746,11.2281,6.6316,5.5523,1.0249,9.3953,13.6998,4.9743,7.0718,-1.1221,-0.9891
Egan-Jones Ratings Company,PFIZER INC.,A,2015-11-23,78003,1,2834.0,Hlth,PFE,2.4071,0.2845,0.4762,81.4167,29.4355,29.4355,41.8618,30.4668,42.6547,0.2997,14.8981,-215.9349,6.6298,10.6554,0.3344,0.3361
Egan-Jones Ratings Company,NATIONAL FUEL GAS COMPANY,BBB,2015-11-20,70145,1,4924.0,Utils,NFG,0.8423,0.5071,1.0289,80.1249,-34.7009,-34.7009,-15.6109,-39.6705,-21.5472,0.2682,-18.7331,-18.7839,-5.7796,-9.233,-0.5898,-1.8913
Egan-Jones Ratings Company,"ONEOK, INC.",BBB-,2015-11-20,1039684,1,4923.0,Utils,OKE,0.5464,0.6409,2.051,17.2737,9.3773,9.3773,11.8868,6.723,2.5757,0.7991,16.6933,22.3565,4.3816,5.9942,-0.065,2.2135
Moody's Investors Service,Ameren Corporation,BBB+,2015-11-20,1002910,1,4931.0,Utils,AEE,0.8013,0.4515,0.9581,67.8143,20.2809,20.2809,33.3162,14.2001,4.9503,0.2774,7.7475,8.255,2.4617,4.2494,-0.0304,-1.1056
Egan-Jones Ratings Company,NEKTAR THERAPEUTICS,B-,2015-11-20,906709,0,2834.0,Hlth,NKTR,4.4998,0.7804,3.6786,85.7838,-8.2135,-8.2135,-1.7727,-27.1181,-26.863,0.4545,-148.3984,134.2229,-12.2087,-32.5834,-0.7864,-0.8297
Egan-Jones Ratings Company,OGE ENERGY CORP.,A-,2015-11-19,1021635,1,4931.0,Utils,OGE,1.233,0.4592,0.8795,54.8897,21.8825,21.8825,33.3537,23.1788,16.1347,0.2575,12.1995,12.1995,4.1542,6.597,0.4844,2.4259
Egan-Jones Ratings Company,UNITED STATES CELLULAR,BB+,2015-11-19,821130,0,4812.0,Telcm,USM,1.4928,0.2538,0.3402,49.5762,-3.6733,-3.6733,11.8931,-1.5155,-1.1045,0.6024,-1.4188,-3.1354,-0.7273,-1.0587,-1.3856,-0.1157
Egan-Jones Ratings Company,"MASTEC, INC",BB+,2015-11-19,15615,0,1623.0,Other,MTZ,1.5617,0.4803,0.9884,13.7439,5.2275,5.2275,8.5766,4.3027,2.5136,1.294,10.6266,-66.0307,3.4232,5.5223,1.387,1.6134
Egan-Jones Ratings Company,"FISERV, INC.",A,2015-11-19,798354,1,7374.0,BusEq,FISV,1.1802,0.5116,1.0734,42.3349,22.0399,22.0399,30.4113,18.6539,13.4607,0.506,18.1311,-17.2277,6.8328,8.8544,0.4505,0.3579
Egan-Jones Ratings Company,EXELON CORPORATION,BBB+,2015-11-19,1109357,1,4911.0,Utils,EXC,1.3528,0.4513,0.9164,52.594,11.2873,11.2873,27.8938,9.0634,5.9171,0.3174,7.5415,8.4805,2.1061,4.1377,-2.217,-2.9773
Moody's Investors Service,"Constellation Brands, Inc.",BB+,2015-11-19,16918,0,2082.0,NoDur,STZ,2.5743,0.5465,1.2406,42.777,24.8872,24.8872,28.4406,19.5687,13.9234,0.3994,14.2179,-23.8376,5.5403,6.4485,1.0748,-1.1169
Egan-Jones Ratings Company,XEROX CORPORATION,BB,2015-11-18,108772,0,7389.0,Other,XRX,1.4968,0.351,0.6282,32.4153,9.0423,9.0423,15.8303,6.2131,5.7933,0.689,9.3325,109.3396,3.9916,5.8916,-0.1739,0.1418
Egan-Jones Ratings Company,"UNIVERSAL HEALTH SERVICES,",BBB+,2015-11-18,352915,1,8062.0,Hlth,UHS,1.3655,0.4585,0.8648,89.0837,12.9591,12.9591,17.537,11.3304,6.6464,0.9143,15.9584,121.0312,6.7413,8.6412,1.4034,1.1211
Egan-Jones Ratings Company,CENTURY ALUMINUM COMPANY,B+,2015-11-18,949157,0,3350.0,Manuf,CENX,2.0331,0.1826,0.2305,10.4503,7.2563,7.2563,10.6376,7.43,6.5495,0.9536,11.4443,11.4443,6.2455,9.3545,2.0998,2.2462
Egan-Jones Ratings Company,"COEUR MINING, INC",CCC,2015-11-18,215466,0,1040.0,Other,CDE,3.366,0.4634,0.9739,24.8209,-246.3235,-246.3235,-218.2175,-254.054,-186.6911,0.4425,-214.1104,-214.1104,-82.6187,-114.8928,-0.6418,-0.2356
Egan-Jones Ratings Company,"O'REILLY AUTOMOTIVE, INC.",AA-,2015-11-18,898173,1,5531.0,Shops,ORLY,1.1701,0.4152,0.7101,50.6675,16.5957,16.5957,19.3815,15.9258,10.0807,1.0959,34.0886,55.3917,11.0478,19.9346,-1.9763,-3.1101
Moody's Investors Service,"Sally Beauty Holdings, Inc.",BB,2015-11-18,1368458,0,5990.0,Shops,SBH,2.4143,1.2,-6.0022,49.4961,12.9181,12.9181,15.3483,9.8709,6.1311,1.8308,-78.9357,-25.5241,11.2248,15.7881,-0.0325,-0.2361
Egan-Jones Ratings Company,SCOTTS MIRACLE-GRO COMPANY,BBB,2015-11-18,825542,1,2870.0,Chems,SMG,1.8092,0.6182,1.8285,34.1951,10.7039,10.7039,13.6139,8.6458,6.7395,0.9382,20.3285,-42.0863,5.0926,7.7619,0.1274,0.5619
Egan-Jones Ratings Company,SOUTHERN COPPER CORPORATION,BBB,2015-11-17,1001838,1,1000.0,Other,SCCO,2.0735,0.4055,0.7163,50.9218,38.5766,38.5766,46.2654,35.7413,23.0316,0.508,22.9226,23.4185,11.7423,13.6277,-0.5689,-0.3949
Egan-Jones Ratings Company,"CARDINAL HEALTH, INC",A,2015-11-17,721371,1,5122.0,Shops,CAH,1.2615,0.4544,0.8779,5.571,2.1077,2.1077,2.5475,1.9184,1.185,3.4016,19.3734,509.2437,4.021,10.5695,0.2662,0.2506
Egan-Jones Ratings Company,CHESAPEAKE ENERGY CORPORATION,B+,2015-11-17,895126,0,1311.0,Enrgy,CHK,1.3204,0.3799,0.6336,83.5114,15.0357,15.0357,27.6411,13.8378,5.5049,0.5675,13.5772,11.2936,5.0453,7.003,-1.0633,1.4748
Egan-Jones Ratings Company,OCCIDENTAL PETROLEUM,BBB+,2015-11-17,797468,1,1311.0,Enrgy,OXY,1.6828,0.1636,0.1956,64.7732,6.338,7.4099,29.4739,6.338,3.1897,0.3433,-0.3719,-0.3719,-0.2311,-0.311,-1.7114,-4.0003
Egan-Jones Ratings Company,OLIN CORPORATION,BB+,2015-11-17,74303,0,2810.0,Chems,OLN,2.0611,0.3812,0.6276,19.1372,11.3917,11.3917,16.7714,9.9404,7.1014,0.8973,16.2201,50.452,6.3722,10.0365,0.4715,2.8448
Egan-Jones Ratings Company,PILGRIM'S PRIDE CORPORATION,BB+,2015-11-17,802481,0,2015.0,NoDur,PPC,1.7805,0.2517,0.6112,10.0514,7.8332,7.8332,9.6228,6.8236,6.5336,2.6514,36.8292,37.6496,17.328,27.5601,2.5911,2.5071
Egan-Jones Ratings Company,CVS HEALTH CORPORATION,AA+,2015-11-16,64803,1,5912.0,Shops,CVS,1.3656,0.2345,0.3395,18.2016,6.3135,6.3135,7.6991,5.5092,3.3322,1.8786,12.2356,9882.979,6.2612,9.3662,2.2437,2.0002
Moody's Investors Service,"Kratos Defense and Security Solutions, Inc.",CCC,2015-11-16,1069258,0,7370.0,BusEq,KTOS,1.6506,0.745,2.9269,23.5125,0.6946,0.6946,5.2425,-9.4102,-10.2228,0.6745,-33.7494,24.5301,-6.692,-8.6052,-0.3422,-0.3094
Moody's Investors Service,"NextEra Energy, Inc.",BBB+,2015-11-16,753308,1,4911.0,Utils,NEE,0.6358,0.5706,1.5757,67.2437,21.4125,21.4125,38.0682,16.213,12.6057,0.2184,9.296,9.296,2.4197,3.992,0.6064,2.4331
Egan-Jones Ratings Company,MURPHY OIL CORPORATION,BB+,2015-11-16,717423,0,1311.0,Enrgy,MUR,1.0883,0.2546,0.3447,100.0,31.1853,31.1853,61.4028,27.3221,20.8433,0.3078,10.3323,10.3809,5.0723,7.7013,2.0079,1.2404
Moody's Investors Service,Lockheed Martin Corporation,BBB+,2015-11-16,936468,1,3760.0,Manuf,LMT,1.1089,0.6437,1.8065,11.7233,12.5469,12.5469,15.0353,11.7083,9.0472,1.0783,95.6765,-41.7801,8.781,34.0914,-1.9321,-1.9926
Egan-Jones Ratings Company,DAVITA INC.,BB+,2015-11-13,927066,0,8090.0,Hlth,DVA,1.7409,0.6076,1.5706,28.7282,14.1862,14.1862,18.8047,10.2357,5.6515,0.7263,16.106,-14.5837,4.9004,6.3206,-1.5296,-1.8597
Standard & Poor's Ratings Services,Anheuser-Busch InBev Finance Inc.,A-,2015-11-13,1668717,1,2082.0,NoDur,BUD,0.6815,0.4457,0.9422,60.147,31.938,31.938,39.0625,29.3245,19.5823,0.3302,20.8305,-24.3452,7.9284,11.546,0.0925,-0.1941
Egan-Jones Ratings Company,WENDY'S COMPANY,B+,2015-11-13,30697,0,5812.0,Shops,WEN,1.6522,0.4464,0.8373,32.1949,12.1385,12.1385,20.1375,9.6342,6.0763,0.483,6.7784,-25.5152,2.8138,3.7525,-0.15,-0.326
Egan-Jones Ratings Company,MARATHON OIL CORPORATION,BB+,2015-11-13,101778,0,1311.0,Enrgy,MRO,1.0489,0.2012,0.3027,59.8838,14.7428,14.7428,42.3382,12.5484,28.0841,0.3014,4.6099,4.7128,2.6929,3.6823,0.6007,4.1828
Egan-Jones Ratings Company,NABORS INDUSTRIES LTD,BB+,2015-11-13,1163739,0,1381.0,Enrgy,NBR,2.0999,0.3949,0.6544,36.2768,1.6989,5.2744,23.3328,1.6989,2.2402,0.5139,2.6473,2.8957,1.3022,1.6018,-28.2043,32.9236
Egan-Jones Ratings Company,PIONEER NATURAL RESOURCES,BB,2015-11-12,1038357,0,1311.0,Enrgy,PXD,1.384,0.2863,0.4011,74.7403,-6.4243,-6.4243,20.1476,-15.6916,-22.9087,0.2975,-5.4573,-5.6931,-2.9364,-3.8951,1.2,8.7651
Egan-Jones Ratings Company,OASIS PETROLEUM INC,B,2015-11-12,1486159,0,1311.0,Enrgy,OAS,0.8761,0.5879,1.4264,75.0041,46.4422,46.4422,76.8949,58.5852,36.46,0.2353,27.0724,27.0724,8.5779,11.1574,1.2226,16.7717
Egan-Jones Ratings Company,"GILEAD SCIENCES, INC",AA-,2015-11-12,882095,1,2836.0,Hlth,GILD,1.0921,0.2542,0.5705,74.4778,40.3857,40.3857,43.4655,37.5647,27.4505,0.4961,26.0281,-230.8912,13.5391,19.412,-0.1864,-0.0477
Egan-Jones Ratings Company,EXXON MOBIL CORPORATION,AA+,2015-11-12,34088,1,2911.0,Enrgy,XOM,0.8269,0.0368,0.1258,20.4801,13.1684,13.1704,17.091,13.1684,7.434,1.2637,18.5313,18.5313,9.6445,17.8498,-1.9732,-2.1872
Egan-Jones Ratings Company,"HERTZ GLOBAL HOLDINGS, INC",B,2015-11-11,1657853,0,7510.0,Other,HTZ,0.6343,0.1925,0.5216,42.3958,3.9683,3.9683,35.1451,-2.438,-0.8654,2.6237,-12.5491,-16.7083,-5.9258,-10.1335,31.0842,0.3807
Egan-Jones Ratings Company,CNH INDUSTRIAL NV,BB,2015-11-11,1567094,0,3523.0,Manuf,CNHI,3.3167,0.7963,3.9082,21.5303,8.5648,8.5648,11.8247,4.0608,2.0008,0.6222,11.2195,53.1867,1.5226,2.2859,1.2108,-0.5338
Egan-Jones Ratings Company,"D.R. HORTON, INC",BBB,2015-11-11,882184,1,1531.0,Other,DHI,6.808,0.3927,0.6465,21.141,10.0933,10.0933,10.7354,10.3788,6.9355,0.9707,12.7337,12.9248,6.7321,7.7337,3.6981,3.9712
Egan-Jones Ratings Company,"MAGELLAN MIDSTREAM PARTNERS,",A-,2015-11-11,1126975,1,4610.0,Other,MMP,0.751,0.6136,1.5881,74.8095,41.2748,41.2748,48.1272,35.7633,35.5675,0.429,44.9365,46.372,15.2601,17.3625,1.4604,1.5214
Egan-Jones Ratings Company,NORFOLK SOUTHERN CORPORATION,A-,2015-11-11,702165,1,4011.0,Other,NSC,1.5607,0.4172,0.7241,63.8593,30.7553,30.7553,38.9797,26.9615,17.1542,0.3501,16.1186,16.1186,6.0241,9.3936,-0.4279,-1.0499
Egan-Jones Ratings Company,BRISTOL-MYERS SQUIBB COMPANY,A+,2015-11-11,14272,1,2834.0,Hlth,BMY,1.7265,0.3258,0.5227,75.2377,14.9947,14.9947,17.9356,14.9947,12.6204,0.4705,13.542,32.71,6.012,9.1294,-0.248,-0.2398
Egan-Jones Ratings Company,HESS CORPORATION,BB+,2015-11-11,4447,0,1311.0,Enrgy,HES,1.3112,0.1794,0.2339,85.5103,24.2251,24.2251,46.7955,38.6476,42.436,0.2785,16.2847,17.6129,9.4401,13.3625,-1.6779,14.0806
Egan-Jones Ratings Company,ANHEUSER-BUSCH INBEV SA/NV,A-,2015-11-11,1668717,1,2082.0,NoDur,BUD,0.6815,0.4457,0.9422,60.147,31.938,31.938,39.0625,29.3245,19.5823,0.3302,20.8305,-24.3452,7.9284,11.546,0.0925,-0.1941
Egan-Jones Ratings Company,MCKESSON CORPORATION,BBB+,2015-11-11,927653,1,5122.0,Shops,MCK,1.0947,0.5029,1.2176,6.3733,1.6577,1.6577,2.3603,1.484,0.8244,3.3237,22.7829,-35.608,3.4193,11.3249,-0.2166,-0.7375
Egan-Jones Ratings Company,HILTON WORLDWIDE HOLDINGS INC,BB+,2015-11-11,1585689,0,7011.0,Other,HLT,1.1072,0.6962,2.3207,61.7311,15.9303,15.9303,22.3862,10.9217,6.4083,0.402,14.4675,-9.6369,2.6105,4.3952,-2.8569,-2.7121
Egan-Jones Ratings Company,EASTMAN CHEMICAL COMPANY,BBB,2015-11-10,915389,1,2821.0,Chems,EMN,1.932,0.5233,1.0978,29.6898,19.9144,19.9144,24.5455,17.9572,12.4599,0.7894,30.2452,-215.8379,9.8945,14.4175,0.7221,0.7882
Egan-Jones Ratings Company,UNION PACIFIC CORPORATION,AA-,2015-11-10,100885,1,4011.0,Other,UNP,1.1692,0.3407,0.5386,53.4226,36.4891,36.4891,44.4264,34.7799,21.5941,0.458,24.4467,24.4467,9.8908,16.1165,0.8708,-0.1512
Egan-Jones Ratings Company,"UNITED PARCEL SERVICE, INC",AA-,2015-11-10,1090727,1,4210.0,Other,UPS,1.8773,0.6252,1.6757,76.9959,12.6881,12.6881,16.0558,12.0387,7.8863,1.5309,67.3859,124.0988,12.0734,25.2542,0.2577,0.3131
Egan-Jones Ratings Company,RANGE RESOURCES CORPORATION,BB-,2015-11-09,315852,0,1311.0,Enrgy,RRC,0.8915,0.4671,0.8766,92.0229,40.6379,40.6379,65.524,42.4922,25.7066,0.2787,18.3484,18.3484,7.2879,9.7774,1.32,0.6944
Egan-Jones Ratings Company,CONOCOPHILLIPS,BBB,2015-11-09,1163165,1,1311.0,Enrgy,COP,1.3061,0.2998,0.4317,56.5106,18.8339,18.8339,34.7083,16.9137,12.3728,0.4764,11.109,11.109,4.9829,7.7783,0.2802,-7.8579
Egan-Jones Ratings Company,AMGEN INC.,BBB+,2015-11-09,318154,1,2836.0,Hlth,AMGN,4.9533,0.5396,1.1915,77.9594,30.8578,30.8578,41.285,27.8373,25.709,0.2907,20.0093,-302.8773,7.4744,9.2119,3.4025,3.3536
Egan-Jones Ratings Company,CANADIAN NATIONAL RAILWAY,AA-,2015-11-09,16868,1,4011.0,Other,CNI,0.9387,0.3686,0.6243,52.5054,38.1079,38.1079,46.7612,35.9321,26.1002,0.3817,22.8604,23.4344,9.6857,14.433,0.747,0.4251
Egan-Jones Ratings Company,LEAR CORPORATION,A-,2015-11-09,842162,1,2531.0,Manuf,LEA,1.3094,0.3243,0.5594,8.4209,5.2416,5.2416,6.9954,4.4417,3.793,1.9453,23.1836,30.4937,7.7065,15.6648,1.8622,1.9957
Egan-Jones Ratings Company,AVERY DENNISON CORPORATION,BBB+,2015-11-06,8818,1,2670.0,Manuf,AVY,1.346,0.3891,0.6886,26.6726,6.9528,6.9528,10.285,5.9609,3.4723,1.3317,16.1976,37.4671,5.2423,9.8944,-1.7676,-1.7043
Egan-Jones Ratings Company,SEMPRA ENERGY,BBB+,2015-11-06,1032208,1,4931.0,Utils,SRE,0.8254,0.4997,1.1808,58.396,16.6561,16.6561,27.1319,13.8106,10.5211,0.2783,10.447,11.7352,3.1828,5.2179,1.4663,-2.3692
Egan-Jones Ratings Company,JETBLUE AIRWAYS CORPORATION,BBB-,2015-11-06,1158463,1,4512.0,Other,JBLU,0.5635,0.4979,1.2113,49.2005,7.8662,7.8662,13.4902,5.1277,3.0877,0.7403,7.8725,7.8725,2.2857,3.9529,0.1782,0.5935
Egan-Jones Ratings Company,BORGWARNER INC,A,2015-11-06,908255,1,3714.0,Durbl,BWA,1.3702,0.1625,0.3631,21.1485,11.6037,11.6037,15.582,11.8012,7.8964,1.149,18.6269,29.4546,9.5116,15.5995,0.3953,-0.258
Egan-Jones Ratings Company,CORNING INC,A+,2015-11-06,24741,1,3679.0,BusEq,GLW,4.4053,0.1297,0.1507,41.7087,19.8765,19.8765,32.2285,36.7267,24.4776,0.3232,12.7739,12.3569,8.2227,9.9361,1.3936,1.3366
Egan-Jones Ratings Company,AIR PRODUCTS AND CHEMICALS,A,2015-11-06,2969,1,2810.0,Chems,APD,0.7665,0.3485,0.7965,28.4511,15.7612,15.7612,26.7334,16.1816,16.3325,0.4514,13.0861,16.8231,5.5721,8.525,-0.7568,0.2687
Egan-Jones Ratings Company,ECOLAB INC.,BBB+,2015-11-06,31462,1,2842.0,Chems,ECL,1.3467,0.4492,0.9319,45.9671,11.7751,11.7751,17.9335,9.796,7.3023,0.6749,13.1401,-22.9688,4.9581,7.2371,1.0893,0.9565
Egan-Jones Ratings Company,AMERISOURCEBERGEN CORPORATION,A+,2015-11-05,1140859,1,5122.0,Shops,ABC,0.9424,0.8585,6.0664,2.5958,0.3105,0.3105,0.4988,0.1978,-0.1016,4.8622,-22.4154,2.5025,-0.4941,-3.1721,11.7878,11.8478
Moody's Investors Service,"M.D.C. Holdings, Inc.",BB,2015-11-05,773141,0,1531.0,Other,MDC,10.3181,0.4229,0.7451,17.8398,5.8455,5.8455,6.1107,5.9292,3.7111,0.7207,5.1405,5.1405,2.6853,2.9664,1.6388,1.6163
Egan-Jones Ratings Company,COCA-COLA EUROPEAN PARTNERS,BBB+,2015-11-05,1650107,1,2086.0,NoDur,CCEP,1.1699,0.6204,1.6829,34.8514,11.1301,11.1301,14.8807,9.8027,8.1223,0.8622,29.2544,-36.0931,7.0026,11.1056,-0.0949,-0.0142
Egan-Jones Ratings Company,KENNAMETAL INC.,BBB-,2015-11-05,55242,1,3540.0,Manuf,KMT,2.6071,0.3485,0.5464,30.4471,-13.5171,-13.5171,-8.5433,-14.6425,-14.1242,0.929,-26.9705,-55.2538,-13.0183,-17.5701,1.0168,1.4056
Egan-Jones Ratings Company,"AVNET, INC",BBB-,2015-11-05,8858,1,5065.0,Shops,AVT,2.0094,0.26,0.4221,12.5182,3.6994,3.6994,4.165,3.237,3.2393,1.6348,10.3602,14.6793,4.4942,7.666,2.5125,2.4312
Egan-Jones Ratings Company,"IRON MOUNTAIN, INC",BB,2015-11-05,1020569,0,6798.0,Money,IRM,1.0712,0.8399,5.3065,56.8708,17.6181,17.6181,29.202,7.1647,10.4603,0.4779,37.8129,-15.2177,5.0428,6.0533,-0.234,-0.3651
Egan-Jones Ratings Company,"EXPEDIA, INC.",A-,2015-11-05,1324424,1,4700.0,Other,EXPE,0.6985,0.4798,0.9224,79.5422,8.9835,8.9835,16.4027,8.0618,6.9072,0.6389,19.694,-11.1253,4.1345,10.2444,4.7976,4.5423
Moody's Investors Service,"Penn National Gaming, Inc.",B,2015-11-05,921738,0,7990.0,Other,PENN,1.1497,1.1391,-8.314,42.9856,-15.2587,-15.2587,-3.4355,-22.5487,-20.9243,0.6218,107.6146,34.1264,-13.2688,-14.9721,0.9233,2.9464
Egan-Jones Ratings Company,GLAXOSMITHKLINE PLC,A,2015-11-05,1131399,1,2834.0,Hlth,GSK,1.1133,0.6643,2.3355,67.6099,25.0557,25.0557,30.3943,25.0783,21.2337,0.6298,69.6237,-95.8245,12.9235,23.3754,1.7709,1.6788
Egan-Jones Ratings Company,KONINKLIJKE PHILIPS NV,BBB+,2015-11-05,313216,1,3845.0,Hlth,PHG,1.3537,0.2276,0.3475,41.5277,8.5344,8.5344,14.4798,7.1199,5.0109,0.8784,10.4213,80.0821,4.4053,8.049,-1.4102,-1.9043
Egan-Jones Ratings Company,"MONDELEZ INTERNATIONAL, INC",BBB-,2015-11-05,1103982,1,2052.0,NoDur,MDLZ,0.8389,0.3316,0.598,36.786,9.4674,9.4674,12.5599,7.4582,6.3778,0.5129,7.9022,-13.8681,3.2963,5.2815,-1.4987,-1.6287
Egan-Jones Ratings Company,NORTHROP GRUMMAN CORPORATION,A-,2015-11-04,1133421,1,3812.0,BusEq,NOC,1.3204,0.4502,0.8189,23.3579,13.3283,13.3283,15.255,12.2482,8.6284,0.9024,28.5971,-39.5527,7.7864,15.7219,1.6097,0.521
Egan-Jones Ratings Company,XCEL ENERGY INC.,A-,2015-11-04,72903,1,4931.0,Utils,XEL,0.8806,0.5328,1.2493,52.9566,16.9269,16.9269,26.9515,13.1216,8.6875,0.3219,9.9126,9.9126,2.7965,4.6308,1.0997,-0.4015
Moody's Investors Service,Central Garden & Pet Company,B,2015-11-04,887733,0,5140.0,Shops,CENT,3.6959,0.4393,0.784,29.5657,5.539,5.539,7.7017,3.1228,1.9368,1.4588,6.5198,14.883,2.9176,3.6559,-0.7985,-1.0715
Egan-Jones Ratings Company,"OWENS & MINOR, INC",A-,2015-11-04,75252,1,5047.0,Shops,OMI,1.9346,0.3805,0.6142,12.3935,1.69,1.69,2.3616,1.3398,0.6981,3.4511,6.7118,14.4897,2.4312,4.158,-2.3035,-2.5281
Egan-Jones Ratings Company,BOSTON SCIENTIFIC CORPORATION,BB+,2015-11-04,885725,0,3845.0,Hlth,BSX,1.6508,0.3932,0.6484,69.5646,1.68,1.68,17.9896,-3.1219,-1.694,0.4311,-1.8504,2.3707,-0.7302,-1.1229,-0.0823,-0.0761
Egan-Jones Ratings Company,"EQUINIX, INC.",B,2015-11-04,1101239,0,6798.0,Money,EQIX,1.6261,0.6244,1.6912,50.5565,21.4112,21.4112,42.609,5.2156,4.3983,0.2873,3.9089,7.7976,1.2829,1.4682,-0.1333,2.1919
Egan-Jones Ratings Company,COMMERCIAL METALS COMPANY,BB+,2015-11-04,22444,0,3312.0,Manuf,CMC,8.1543,0.2658,0.3825,51.2515,18.1214,18.1214,22.6418,17.1933,13.442,0.627,13.0887,14.623,8.5009,9.6095,1.2443,1.1935
Egan-Jones Ratings Company,CUMMINS INC.,AA-,2015-11-04,26172,1,3510.0,Manuf,CMI,2.2519,0.1631,0.2083,25.2901,12.3043,12.3043,14.6715,12.6632,8.5896,1.2193,21.4506,23.8757,11.0124,17.9524,1.231,0.7795
Egan-Jones Ratings Company,CHEVRON CORPORATION,AA-,2015-11-04,93410,1,2911.0,Enrgy,CVX,1.5219,0.1176,0.1358,35.4336,15.6895,15.6895,21.8883,15.6895,9.3612,0.9019,14.3571,14.814,8.511,12.6681,-1.6347,-5.5511
Egan-Jones Ratings Company,PG&E CORPORATION,BBB+,2015-11-04,1004980,1,4931.0,Utils,PCG,1.0792,0.4847,0.9802,61.5623,14.3359,14.3359,28.5723,10.5032,8.4026,0.2842,9.0625,9.0625,2.4116,4.6699,0.15,1.5681
Egan-Jones Ratings Company,"M/I HOMES, INC",BB,2015-11-03,799292,0,1531.0,Other,MHO,6.1975,0.4742,0.902,21.0824,6.81,6.81,7.5565,5.7387,3.7784,1.0082,10.237,9.3312,4.214,4.906,-1.858,-1.8736
Standard & Poor's Ratings Services,Halliburton Co.,AA,2015-11-03,45012,1,1389.0,Enrgy,HAL,2.4969,0.3227,0.4773,16.8421,15.5065,15.5065,21.9745,14.3353,10.648,1.0219,21.0885,24.6062,10.6855,14.2833,-0.1626,-0.6336
Egan-Jones Ratings Company,WALGREENS BOOTS ALLIANCE INC,BBB+,2015-11-03,1618921,1,5912.0,Shops,WBA,1.1872,0.2984,0.4595,25.8623,4.5126,4.8171,6.5011,5.1342,4.0795,1.5039,13.6709,166.0458,6.2211,9.5909,1.3409,2.0531
Egan-Jones Ratings Company,BAXTER INTERNATIONAL INC,BBB,2015-11-03,10456,1,2834.0,Hlth,BAX,1.9426,0.4892,1.0801,44.2155,5.2693,5.2693,12.0153,3.9839,21.3747,0.3732,3.712,15.853,1.2488,1.8962,0.2388,1.041
Egan-Jones Ratings Company,SHERWIN-WILLIAMS COMPANY,A+,2015-11-03,89800,1,2851.0,Chems,SHW,0.9571,0.5283,1.8051,46.4034,11.7169,11.7169,13.5334,11.3053,7.7801,1.9528,86.8954,-191.9915,15.1928,40.9894,0.1454,0.0076
Standard & Poor's Ratings Services,"Baker Hughes, A GE Company LLC",AA,2015-11-03,1701605,1,1389.0,Enrgy,BKR,2.5976,0.1728,0.2207,19.5715,11.6452,11.6452,19.0339,10.7002,7.0018,0.8517,9.2419,14.6236,6.0048,7.6447,-0.3927,0.1942
Egan-Jones Ratings Company,SYSCO CORPORATION,BBB+,2015-11-03,96021,1,5140.0,Shops,SYY,1.2228,0.3016,1.3919,17.5665,2.5254,2.5254,3.7188,2.0709,1.4108,2.7061,13.056,21.8328,3.8177,9.118,0.0769,0.0512
Fitch Ratings,"Huntington Ingalls Industries, Inc.",BB+,2015-11-03,1501585,0,3730.0,Manuf,HII,1.8422,0.5337,1.2234,20.368,9.415,9.5731,13.1953,7.2876,4.8584,1.1151,24.7619,-162.5,5.4175,11.5477,10.6319,10.043
Egan-Jones Ratings Company,V.F. CORPORATION,A+,2015-11-02,103379,1,2320.0,NoDur,VFC,2.4978,0.2007,0.2557,48.5523,15.1351,15.1351,20.7845,14.4219,8.8161,1.2068,23.5798,96.7483,13.4861,18.8474,0.6326,0.7077
Standard & Poor's Ratings Services,Huntington Ingalls Industries Inc.,BB+,2015-11-02,1501585,0,3730.0,Manuf,HII,1.8422,0.5337,1.2234,20.368,9.415,9.5731,13.1953,7.2876,4.8584,1.1151,24.7619,-162.5,5.4175,11.5477,10.6319,10.043
Egan-Jones Ratings Company,INTERPUBLIC GROUP OF,BBB+,2015-11-02,51644,1,7311.0,Other,IPG,0.99,0.3342,0.7386,9.2512,8.4004,8.4004,11.3362,6.5709,3.6393,0.5519,12.8354,-20.9621,2.2387,8.5458,0.6381,0.5869
Egan-Jones Ratings Company,THERMO FISHER SCIENTIFIC INC.,BBB-,2015-11-02,97745,1,3826.0,BusEq,TMO,3.1608,0.3604,0.6222,42.2381,12.2961,12.2961,19.9346,10.08,9.7271,0.4108,7.5884,-47.0517,4.0143,4.8532,-0.0666,0.0426
Standard & Poor's Ratings Services,Lockheed Martin Corp.,BBB+,2015-11-02,936468,1,3760.0,Manuf,LMT,1.1089,0.6437,1.8065,11.7233,12.5469,12.5469,15.0353,11.7083,9.0472,1.0783,95.6765,-41.7801,8.781,34.0914,-1.9321,-1.9926
Egan-Jones Ratings Company,TE CONNECTIVITY LTD,A+,2015-11-02,1385157,1,3678.0,BusEq,TEL,2.2056,0.261,0.4052,33.4096,14.2974,14.2974,19.333,12.875,19.7826,0.5942,12.916,38.6151,6.0129,9.5444,-0.2993,-0.5044
Egan-Jones Ratings Company,QUEST DIAGNOSTICS INCORPORATED,BBB+,2015-11-02,1022079,1,8071.0,Hlth,DGX,1.2217,0.4399,0.8387,39.4626,20.6409,20.6409,24.6012,18.5279,11.8808,0.7986,21.3441,-32.9705,9.477,11.9555,-3.1574,-3.5297
Egan-Jones Ratings Company,STARBUCKS CORPORATION,A+,2015-11-02,829224,1,5812.0,Shops,SBUX,1.0885,0.2874,0.4034,59.3612,18.7917,18.7917,23.6647,20.3677,14.3894,1.5434,47.4123,74.0951,22.2232,33.7847,2.0791,1.9841
Egan-Jones Ratings Company,"ARROW ELECTRONICS, INC",BBB,2015-11-02,7536,1,5065.0,Shops,ARW,1.5472,0.3321,0.5005,13.158,3.3478,3.3478,4.2173,3.0012,2.1874,1.831,11.9837,28.4146,4.0079,8.0039,2.3905,2.2849
Egan-Jones Ratings Company,AMERICAN ELECTRIC POWER,BBB+,2015-11-02,4904,1,4911.0,Utils,AEP,0.5621,0.4876,1.1803,61.1829,19.0944,19.0944,31.5607,14.671,9.9752,0.2751,9.4535,9.4831,2.6711,4.8437,1.0034,-0.0857
Egan-Jones Ratings Company,PITNEY BOWES INC,BBB,2015-10-30,78814,1,3579.0,BusEq,PBI,1.274,0.9422,16.3094,56.4633,13.8701,13.8701,22.1167,10.1272,3.7662,0.5598,149.5679,-18.5437,4.5179,8.6158,-0.1999,-0.0005
Standard & Poor's Ratings Services,"XPO Logistics, Inc.",B-,2015-10-30,1166003,0,4731.0,Other,XPO,3.2115,0.2596,0.3517,16.1928,-1.7355,-1.7355,2.4357,-3.8063,-4.5574,0.8571,-3.9432,-16.5496,-2.3132,-2.8451,2.5105,2.1872
Egan-Jones Ratings Company,HANESBRANDS INC.,BBB-,2015-10-30,1359841,1,2300.0,NoDur,HBI,1.7203,0.5379,1.4305,35.7652,10.5912,10.5912,12.5483,8.7322,7.597,1.0224,29.1698,-1468.358,7.767,13.4805,-0.2065,-0.2546
Egan-Jones Ratings Company,MGM RESORTS INTERNATIONAL,BB-,2015-10-30,789570,0,7990.0,Other,MGM,1.2276,0.6311,1.7107,36.1985,11.5935,11.5935,20.6102,0.634,-1.7507,0.3761,0.5264,9.1699,0.1586,0.1942,0.8165,0.5691
Egan-Jones Ratings Company,HERSHEY COMPANY,A+,2015-10-30,47111,1,2060.0,NoDur,HSY,1.7665,0.5263,1.2141,45.9112,18.7243,18.7243,21.5375,17.5106,11.4814,1.3338,50.77,97.1837,15.3145,24.0523,0.449,0.1874
Egan-Jones Ratings Company,TEXTRON INC,BBB,2015-10-30,217346,1,3721.0,Manuf,TXT,2.0184,0.4751,0.9068,17.7043,7.8974,7.8974,11.2048,6.1464,4.3234,0.9502,14.162,26.9488,4.1424,7.4343,1.4391,0.8519
Egan-Jones Ratings Company,"AMKOR TECHNOLOGY, INC",BB,2015-10-29,1047127,0,3674.0,BusEq,AMKR,1.7837,0.6225,1.7128,18.4178,7.8509,7.8509,21.828,4.1938,3.6969,0.8626,11.5714,11.5714,3.2579,4.3679,0.7681,0.6618
Egan-Jones Ratings Company,SNAP-ON INCORPORATED,A+,2015-10-29,91440,1,3420.0,Manuf,SNA,2.5861,0.2794,0.4131,48.3357,20.8897,20.8897,23.3151,19.2483,12.8718,0.7605,19.4176,35.6724,10.0253,13.9929,0.1776,-0.1201
Egan-Jones Ratings Company,"JUNIPER NETWORKS, INC.",BBB+,2015-10-29,1043604,1,3576.0,BusEq,JNPR,1.8571,0.2152,0.2742,61.7709,-9.0705,-9.0705,13.3215,-1.8651,-7.2248,0.5587,-6.796,-17.8274,-4.0368,-5.3334,0.0113,0.0404
Egan-Jones Ratings Company,"STANLEY BLACK & DECKER, INC.",A+,2015-10-29,93556,1,3540.0,Manuf,SWK,1.2412,0.3558,0.6107,35.8483,6.9379,6.9379,10.9904,5.396,4.5025,0.6586,7.5576,-13.9804,3.1448,4.869,-0.3292,-0.268
Egan-Jones Ratings Company,TENNECO INC,A-,2015-10-29,1024725,1,3714.0,Durbl,TEN,1.3485,0.6623,2.0725,16.5677,5.9264,5.9264,8.3967,4.7625,2.6841,2.1071,50.1859,60.4027,6.7568,16.9492,-2.6471,-4.1244
Egan-Jones Ratings Company,VERISK ANALYTICS INC,BBB,2015-10-29,1442145,1,6411.0,Money,VRSK,0.4985,0.8391,6.8087,63.9438,44.1828,44.1828,54.3917,39.3054,27.9505,0.6102,167.7383,-25.2392,15.0938,26.9834,-0.0489,-0.0696
Egan-Jones Ratings Company,"ROPER TECHNOLOGIES, INC",A-,2015-10-29,882835,1,3823.0,BusEq,ROP,2.1355,0.3681,0.5851,58.1487,26.0138,26.0138,31.9774,23.2891,16.6236,0.3956,12.7768,-22.6546,6.5766,8.0741,1.2002,1.1615
Egan-Jones Ratings Company,MASCO CORPORATION,BB+,2015-10-29,62996,0,3430.0,Manuf,MAS,1.6373,0.7213,3.0355,29.4034,10.2912,10.2912,12.889,7.2367,11.9755,0.972,76.9504,594.5206,12.0422,21.448,-0.1222,-0.1591
Egan-Jones Ratings Company,"HOVNANIAN ENTERPRISES, INC",CCC+,2015-10-28,357294,0,1531.0,Other,HOV,1.8857,1.1112,-15.7472,17.7185,5.1112,5.1112,5.7769,0.978,14.5411,0.9011,-121.3538,-260.7355,13.4128,28.9873,-30.7587,-32.1013
Egan-Jones Ratings Company,"NASDAQ, INC",BBB,2015-10-28,1120193,1,6200.0,Money,NDAQ,1.1296,0.2951,0.4259,59.0159,21.4264,21.4264,25.2258,18.6858,11.99,0.2553,6.2096,-16.0804,3.0532,4.3771,-0.0555,-0.2229
Egan-Jones Ratings Company,ELI LILLY AND COMPANY,A+,2015-10-28,59478,1,2834.0,Hlth,LLY,1.4697,0.1923,0.2955,78.7649,23.2353,23.2353,29.4898,25.4804,20.269,0.6557,26.5568,35.1987,13.2907,21.4496,0.539,0.562
Egan-Jones Ratings Company,CHEMED CORPORATION,A+,2015-10-28,19584,1,8082.0,Hlth,CHE,0.9944,0.2384,0.3268,28.9511,11.565,11.565,14.1256,11.176,6.8199,1.6935,22.0041,-139.1132,11.5494,16.7594,-1.935,-2.7996
Egan-Jones Ratings Company,DANA INCORPORATED,BBB+,2015-10-28,26780,1,3714.0,Durbl,DAN,2.3426,0.5737,1.4008,14.2814,7.118,7.118,10.4126,3.9293,4.7151,1.349,29.0678,37.2421,6.9929,12.3916,-1.0018,-0.9297
Egan-Jones Ratings Company,"TRINITY INDUSTRIES, INC",BB+,2015-10-28,99780,0,3743.0,Manuf,TRN,2.4828,0.5085,1.0345,25.1248,20.2755,20.2755,24.2399,17.2464,10.9919,0.7096,20.8777,27.0292,8.1573,10.262,0.8969,2.8355
Egan-Jones Ratings Company,STRYKER CORPORATION,A+,2015-10-28,310764,1,3842.0,Hlth,SYK,1.9466,0.2741,0.4622,65.6951,12.8786,12.8786,16.7855,11.9897,5.323,0.5599,5.9919,21.5391,2.9805,4.3493,-0.2807,-0.379
Egan-Jones Ratings Company,"AMAZON.COM, INC",A+,2015-10-28,1018724,1,5961.0,Shops,AMZN,1.1153,0.4349,0.7695,29.4826,0.2,0.2,5.5333,-0.1247,-0.2708,1.6327,-2.2437,-3.2471,-0.4422,-1.268,3.0353,-0.1491
Egan-Jones Ratings Company,KIMBERLY-CLARK CORPORATION,A-,2015-10-28,55785,1,2621.0,Manuf,KMB,0.8929,0.8493,6.963,33.8826,12.7814,12.7814,17.1517,11.4328,7.7368,1.2704,154.6547,-245.628,9.9511,23.3067,-0.3108,-0.9363
Egan-Jones Ratings Company,TEXAS INSTRUMENTS INCORPORATED,AA-,2015-10-28,97476,1,3674.0,BusEq,TXN,2.7919,0.2589,0.4457,56.9337,30.2568,30.2568,39.6857,29.6972,21.2879,0.7509,27.1511,68.3713,16.2388,20.1213,0.7133,0.8396
Egan-Jones Ratings Company,MICROSOFT CORPORATION,AA,2015-10-28,789019,1,7372.0,BusEq,MSFT,2.4734,0.2577,0.4407,64.6955,19.4069,19.4069,33.785,19.7767,13.0295,0.5364,15.2255,20.911,6.9885,11.3012,-0.2753,-0.3425
Moody's Investors Service,Corning Incorporated,BBB+,2015-10-28,24741,1,3679.0,BusEq,GLW,4.4053,0.1297,0.1507,41.7087,19.8765,19.8765,32.2285,36.7267,24.4776,0.3232,12.7739,12.3569,8.2227,9.9361,1.3936,1.3366
Egan-Jones Ratings Company,DTE ENERGY COMPANY,AA,2015-10-28,936340,1,4931.0,Utils,DTE,1.1688,0.5,1.0807,42.9152,12.9258,12.9258,22.6242,10.365,7.3571,0.4409,10.9206,14.6416,3.2654,5.46,-1.8849,-2.6926
Egan-Jones Ratings Company,DOVER CORPORATION,A,2015-10-28,29905,1,3585.0,Manuf,DOV,1.39,0.3784,0.819,38.3639,15.6782,15.6782,19.6405,14.1138,9.9995,0.8585,21.0267,-67.0607,8.617,13.0697,-0.0172,-0.236
Egan-Jones Ratings Company,RITE AID CORPORATION,B+,2015-10-27,84129,0,5912.0,Shops,RAD,3.8418,0.1662,0.1995,54.1836,6.8957,6.8957,6.8957,6.0485,4.0847,0.651,4.0658,6.2108,2.659,3.3899,3.5303,3.0325
Egan-Jones Ratings Company,NUCOR CORPORATION,BBB,2015-10-27,73309,1,3312.0,Manuf,NUE,3.2701,0.3562,0.5574,7.4041,4.8747,4.8747,8.0775,4.1524,2.5515,1.2532,7.4021,11.566,3.8513,4.7654,-0.3956,-1.2207
Egan-Jones Ratings Company,EQUIFAX INC,A-,2015-10-27,33185,1,7323.0,Other,EFX,0.9787,0.3286,0.616,65.8275,26.5289,26.5289,34.7888,23.0218,15.2698,0.5075,14.5878,-30.415,7.5222,9.7949,0.5484,0.4137
Egan-Jones Ratings Company,EQT CORPORATION,BB+,2015-10-27,33213,0,4923.0,Utils,EQT,2.2852,0.3047,0.4644,83.3518,34.5545,34.5545,62.0596,29.3035,15.6684,0.2052,7.9965,7.9965,4.2344,5.5596,1.6151,-6.5298
Egan-Jones Ratings Company,3M COMPANY,AA,2015-10-27,66740,1,2670.0,Manuf,MMM,2.0629,0.3378,0.5183,48.314,22.4223,22.4223,26.8471,22.0798,15.5746,1.0196,38.0307,107.3223,16.0146,25.1827,1.6224,1.787
Egan-Jones Ratings Company,DANAHER CORPORATION,A-,2015-10-27,313616,1,3826.0,BusEq,DHR,2.013,0.1328,0.1558,51.0964,17.0677,17.0677,21.7201,18.6856,14.7404,0.5273,11.5387,1565.336,7.4717,10.0069,0.2536,0.1395
Egan-Jones Ratings Company,"FREEPORT-MCMORAN, INC",BB,2015-10-27,831259,0,1000.0,Other,FCX,1.7488,0.4498,0.8387,7.5346,-1.4899,-1.4899,17.8241,-3.9998,-6.5397,0.3409,-4.5475,-4.5475,-1.7418,-2.5021,-0.6828,-2.3724
Egan-Jones Ratings Company,SOUTHWEST AIRLINES CO,AAA,2015-10-27,92380,1,4512.0,Other,LUV,0.663,0.3061,0.4791,29.5297,11.9592,11.9592,17.0008,9.7608,6.1059,0.9433,16.7675,19.5693,5.7598,11.6358,0.7196,0.204
Egan-Jones Ratings Company,MANPOWERGROUP INC.,A-,2015-10-26,871763,1,7363.0,Other,MAN,1.4939,0.1419,0.1777,16.6253,2.5278,2.5278,2.9935,2.3481,1.4222,2.7785,9.8826,19.02,3.9515,8.4803,0.8439,1.135
Egan-Jones Ratings Company,BAKER HUGHES INCORPORATED,BBB+,2015-10-26,1701605,1,1389.0,Enrgy,BKR,2.5976,0.1728,0.2207,19.5715,11.6452,11.6452,19.0339,10.7002,7.0018,0.8517,9.2419,14.6236,6.0048,7.6447,-0.3927,0.1942
Egan-Jones Ratings Company,ILLINOIS TOOL WORKS INC,A+,2015-10-26,49826,1,3560.0,Manuf,ITW,2.2309,0.4655,1.0872,40.1201,19.9392,19.9392,23.4397,18.6344,20.3397,0.8293,27.6964,527.933,10.8216,14.8038,-1.6324,-1.7211
Egan-Jones Ratings Company,EBAY INC.,A,2015-10-26,1065088,1,7370.0,BusEq,EBAY,1.5134,0.254,0.3832,81.0808,28.1684,28.1684,35.9272,28.6121,0.5233,0.1948,-4.3454,-5.7277,-1.9166,-3.2418,0.7337,0.7529
Egan-Jones Ratings Company,AMERICA MOVIL SAB DE CV,BBB,2015-10-26,1129137,1,4812.0,Telcm,AMX,0.7611,0.6994,2.573,54.4843,18.4575,18.4575,32.0135,10.282,5.4394,0.6636,20.2409,-295.2425,3.7153,6.0844,1.3086,1.0362
Egan-Jones Ratings Company,"YUM! BRANDS, INC.",BBB-,2015-10-26,1041061,1,5812.0,Shops,YUM,0.7466,0.5669,1.341,46.4843,13.742,13.742,19.2525,11.8542,8.3384,1.5048,47.7344,151.5669,12.2369,20.6722,-0.21,-0.162
Egan-Jones Ratings Company,SONOCO PRODUCTS COMPANY,A-,2015-10-26,91767,1,2650.0,Manuf,SON,1.5649,0.3568,0.5753,17.7233,7.1876,7.1876,11.2535,6.0208,4.3159,1.2232,12.374,58.1688,5.3115,7.9594,1.2732,1.4878
Egan-Jones Ratings Company,DUKE ENERGY CORPORATION,A+,2015-10-26,1326160,1,4931.0,Utils,DUK,1.2166,0.4795,0.9924,65.4069,21.3306,21.3306,35.5203,16.6769,11.7112,0.1983,6.2548,10.3319,2.2565,3.2554,-0.0803,1.6595
Egan-Jones Ratings Company,TUPPERWARE BRANDS CORPORATION,A-,2015-10-26,1008654,1,3089.0,Manuf,TUP,0.858,0.7671,4.486,66.0796,14.1092,14.1092,16.5765,11.4424,8.2269,1.4725,115.3929,-253.4281,12.1144,26.8705,-0.5217,-0.6115
Egan-Jones Ratings Company,CARPENTER TECHNOLOGY,BBB-,2015-10-26,17843,1,3312.0,Manuf,CRS,3.3232,0.3129,0.4554,14.2947,5.0074,5.0074,10.4998,4.0014,2.6362,0.7671,4.4272,5.8883,2.0223,3.0419,0.8922,4.1701
Egan-Jones Ratings Company,UNISYS CORPORATION,BB-,2015-10-23,746838,0,7373.0,BusEq,UIS,1.3203,-0.1806,-0.1542,23.1736,4.6151,4.6151,9.6383,4.335,1.3109,1.429,-4.0829,-3.3307,2.5248,-4.8204,-1.8054,-0.9029
Egan-Jones Ratings Company,ABBOTT LABORATORIES,A+,2015-10-23,1800,1,3845.0,Hlth,ABT,2.0245,0.1182,0.2597,53.2329,10.8511,10.8511,19.5961,10.3831,13.1048,0.4576,7.868,20.3689,4.6283,6.9377,-3.7387,-3.3386
Egan-Jones Ratings Company,SILGAN HOLDINGS INC,BB+,2015-10-23,849869,0,3411.0,Manuf,SLGN,1.7452,0.6857,2.3869,14.7564,8.7415,8.7415,13.3849,6.8685,4.9997,1.1167,25.9739,-111.4448,5.5829,8.1626,0.1961,0.2517
Egan-Jones Ratings Company,"UNITED RENTALS, INC",BB,2015-10-23,1067701,0,7350.0,Other,URI,0.8782,0.8033,4.4283,42.7792,24.4679,24.4679,45.7696,14.9516,9.4987,0.4687,30.0334,-20.9302,4.4521,5.9068,2.5676,1.7037
Egan-Jones Ratings Company,WEATHERFORD INTERNATIONAL PLC,B+,2015-10-23,1603923,0,1381.0,Enrgy,WFRD,1.9727,0.4915,1.07,23.1373,3.3868,3.3868,12.5813,-1.7101,-3.9166,0.7894,-7.6639,-15.0475,-2.8535,-3.897,-0.3526,-0.1026
Egan-Jones Ratings Company,TEREX CORPORATION,BB,2015-10-23,97216,0,3530.0,Manuf,TEX,2.0426,0.4452,0.8772,19.174,7.2939,7.2939,10.3118,5.0802,5.8169,0.9251,12.3584,43.247,4.251,6.8564,1.9852,1.9644
Egan-Jones Ratings Company,BIOGEN INC.,A+,2015-10-23,875045,1,2836.0,Hlth,BIIB,2.0445,0.0509,0.0539,87.932,40.9397,40.9397,48.0311,40.6728,30.2454,0.6779,27.2018,58.5358,20.5495,25.8164,2.5625,2.3827
Egan-Jones Ratings Company,CARLISLE COMPANIES,A,2015-10-23,790051,1,2950.0,Enrgy,CSL,4.1089,0.2538,0.34,25.5774,12.7435,12.7435,15.9894,11.7385,7.8433,0.8524,11.415,40.0286,6.6965,8.5183,-1.8124,-2.1278
Egan-Jones Ratings Company,ABB LTD,A+,2015-10-23,1091587,1,3613.0,Manuf,ABB,1.5847,0.2827,0.4177,28.6561,10.4832,10.4832,13.6327,9.7161,6.6598,0.8707,15.327,56.1725,6.1252,10.9941,-0.0618,0.039
Egan-Jones Ratings Company,CATERPILLAR INC,BBB,2015-10-23,18230,1,3531.0,Manuf,CAT,1.3942,0.6228,2.3348,26.2141,6.0054,7.1361,12.8679,5.7118,4.4433,0.6517,14.6678,34.9773,2.9145,5.5324,-2.6624,-1.1288
Standard & Poor's Ratings Services,Johnson & Johnson,AAA,2015-10-22,200406,1,2834.0,Hlth,JNJ,2.227,0.1782,0.269,69.399,27.6641,28.4713,33.7114,27.6641,21.9599,0.5702,23.4015,78.8627,12.5217,19.232,0.4803,1.8907
Egan-Jones Ratings Company,ALLEGHENY TECHNOLOGIES,B+,2015-10-22,1018963,0,3350.0,Manuf,ATI,2.4367,0.3378,0.6502,6.2471,-2.2579,-2.2579,2.4385,-3.8284,3.8086,0.5861,-3.0454,-4.0233,-1.322,-2.0168,-0.217,-2.706
Egan-Jones Ratings Company,OMNICOM GROUP INC,A,2015-10-22,29989,1,7311.0,Other,OMC,0.9186,0.5776,1.3699,17.7291,12.6918,12.6918,14.5667,11.8163,7.0741,0.7148,37.127,-20.9344,5.7545,15.6815,-1.1636,-1.1838
Egan-Jones Ratings Company,UNITEDHEALTH GROUP,A,2015-10-22,731766,1,6324.0,Money,UNH,0.7692,0.3303,0.5363,25.3039,7.8744,7.8744,9.0072,7.4007,4.3066,1.5104,17.3137,-135.2346,6.5048,11.5949,1.3315,1.0625
Egan-Jones Ratings Company,LOCKHEED MARTIN CORPORATION,A-,2015-10-22,936468,1,3760.0,Manuf,LMT,1.1089,0.6437,1.8065,11.7233,12.5469,12.5469,15.0353,11.7083,9.0472,1.0783,95.6765,-41.7801,8.781,34.0914,-1.9321,-1.9926
Egan-Jones Ratings Company,"HARLEY-DAVIDSON, INC",A,2015-10-22,793952,1,3751.0,Durbl,HOG,1.5894,0.5317,1.7475,39.6358,19.5547,19.5547,24.0061,18.8869,12.4408,0.6273,24.3893,24.6386,7.8043,11.4219,0.8643,0.7591
Egan-Jones Ratings Company,LENNOX INTERNATIONAL INC.,A+,2015-10-21,1069202,1,3585.0,Manuf,LII,1.1864,0.9868,102.8444,26.8249,9.9394,9.9394,11.745,9.4316,6.1115,1.9086,2312.216,-103.8423,11.7951,30.424,-0.3536,-0.6499
Egan-Jones Ratings Company,"CROWN HOLDINGS, INC",BB,2015-10-21,1219601,0,3411.0,Manuf,CCK,1.2377,0.9274,13.4212,15.1918,8.959,8.959,11.0476,5.7272,4.2871,0.9434,123.5142,-18.8263,4.957,8.9664,0.2907,-0.2123
Egan-Jones Ratings Company,IDEX CORPORATION,A-,2015-10-21,832101,1,3561.0,Manuf,IEX,3.2532,0.3292,0.492,43.1476,19.5399,19.5399,23.5435,17.446,12.6086,0.701,16.2248,-291.0283,8.8384,10.8834,0.9678,1.0205
Egan-Jones Ratings Company,HALLIBURTON COMPANY,A-,2015-10-21,45012,1,1389.0,Enrgy,HAL,2.4969,0.3227,0.4773,16.8421,15.5065,15.5065,21.9745,14.3353,10.648,1.0219,21.0885,24.6062,10.6855,14.2833,-0.1626,-0.6336
Egan-Jones Ratings Company,"HASBRO, INC",BBB,2015-10-20,46080,1,3944.0,NoDur,HAS,1.8195,0.3633,0.8302,59.0192,11.4423,11.4423,17.0441,8.6185,7.011,0.9273,16.8769,39.8762,6.4496,10.7457,-1.01,-1.0104
Egan-Jones Ratings Company,"PPG INDUSTRIES, INC",A+,2015-10-20,79879,1,2851.0,Chems,PPG,1.3216,0.4016,0.7624,43.5603,12.2642,12.2642,15.3066,9.1001,14.2113,0.8435,21.0636,-117.1067,6.3245,12.6051,-0.7066,-1.0215
Egan-Jones Ratings Company,HONEYWELL INTERNATIONAL INC,AA,2015-10-20,773840,1,9997.0,Other,HON,1.5021,0.2537,0.4882,28.1571,14.4668,14.4668,16.7593,14.4346,10.517,0.8868,24.3421,155.2726,9.5245,18.1662,0.9512,0.767
Egan-Jones Ratings Company,INTEL CORPORATION,A,2015-10-19,50863,1,3674.0,BusEq,INTC,1.7319,0.1775,0.2444,63.7355,27.4691,27.4691,42.7707,28.2817,20.9486,0.6079,20.9505,28.8574,12.7356,17.231,-0.0377,0.0651
Egan-Jones Ratings Company,"DELTA AIR LINES, INC",AA,2015-10-19,27904,1,4512.0,Other,DAL,0.5436,0.4903,1.0962,20.2914,5.4655,5.4655,9.8533,2.656,1.6327,0.7474,7.4776,-11.8016,1.2203,3.8115,0.605,0.8817
Egan-Jones Ratings Company,"WYNN RESORTS, LIMITED",BB-,2015-10-16,1174922,0,7990.0,Other,WYNN,2.0397,0.9804,50.3489,38.1096,22.9515,22.9515,29.9344,17.5509,12.9632,0.671,758.7071,988.4937,11.987,14.8419,5.1218,2.5644
Egan-Jones Ratings Company,JOHNSON & JOHNSON,AA+,2015-10-15,200406,1,2834.0,Hlth,JNJ,2.227,0.1782,0.269,69.399,27.6641,28.4713,33.7114,27.6641,21.9599,0.5702,23.4015,78.8627,12.5217,19.232,0.4803,1.8907
Egan-Jones Ratings Company,DELUXE CORPORATION,BBB,2015-10-15,27996,1,2780.0,NoDur,DLX,0.6516,0.4116,1.1639,64.5944,20.0599,20.0599,25.2131,17.7344,11.7241,1.0097,33.9086,-43.8257,11.8922,19.9506,0.3478,0.3024
Standard & Poor's Ratings Services,Container Store Inc. (The),B,2015-10-15,1411688,0,5700.0,Shops,TCS,1.3173,0.6181,1.6592,58.5863,6.0076,6.0076,9.9738,3.8198,2.8999,1.0167,11.2319,-9.8413,2.9482,4.289,-1.4864,0.1835
Moody's Investors Service,Scotts Miracle-Gro Company (The),B+,2015-10-15,825542,0,2870.0,Chems,SMG,1.8092,0.6182,1.8285,34.1951,10.7039,10.7039,13.6139,8.6458,6.7395,0.9382,20.3285,-42.0863,5.0926,7.7619,0.1274,0.5619
Egan-Jones Ratings Company,"ANALOG DEVICES, INC",A+,2015-10-14,6281,1,3674.0,BusEq,ADI,5.376,0.155,0.1834,63.886,26.2668,26.2668,31.2225,25.4591,21.9675,0.4176,13.2269,25.749,9.1742,11.1766,-0.1645,-0.3321
Egan-Jones Ratings Company,INTERNATIONAL SPEEDWAY,A-,2015-10-14,1679049,1,4412.0,Other,INSW,7.6585,0.2996,0.4323,29.4497,8.2156,8.2156,25.0312,-22.8919,-23.0358,0.254,-8.5625,-8.5625,-5.852,-5.9969,-9.6823,-7.3828
Egan-Jones Ratings Company,"CONSTELLATION BRANDS, INC",BBB,2015-10-14,16918,1,2082.0,NoDur,STZ,2.5743,0.5465,1.2406,42.777,24.8872,24.8872,28.4406,19.5687,13.9234,0.3994,14.2179,-23.8376,5.5403,6.4485,1.0748,-1.1169
Egan-Jones Ratings Company,CSX CORPORATION,A,2015-10-14,277948,1,4011.0,Other,CSX,1.2207,0.4598,0.8717,64.2592,28.5184,28.5184,37.6036,24.0272,15.2104,0.3833,17.2423,17.2423,5.83,9.3137,0.0434,-0.0114
Standard & Poor's Ratings Services,Johnson (S.C.) & Son Inc.,A,2015-10-13,200406,1,2834.0,Hlth,JNJ,2.227,0.1782,0.269,69.399,27.6641,28.4713,33.7114,27.6641,21.9599,0.5702,23.4015,78.8627,12.5217,19.232,0.4803,1.8907
Egan-Jones Ratings Company,"PEPSICO, INC",A+,2015-10-09,77476,1,2080.0,NoDur,PEP,1.1421,0.5758,1.6467,53.1545,14.368,14.368,18.3045,13.1323,9.7521,0.9457,37.076,-57.0013,9.3009,15.8525,0.6699,0.5947
Egan-Jones Ratings Company,"MOTOROLA SOLUTIONS, INC",BBB,2015-10-09,68505,1,3663.0,BusEq,MSI,3.0573,0.5511,1.2292,48.1381,-17.1059,-17.1059,-14.1643,-19.7415,22.0881,0.5642,-25.1627,-29.2069,-6.6775,-11.295,-4.6454,-4.8673
Egan-Jones Ratings Company,MCCORMICK & COMPANY,A,2015-10-09,63754,1,2090.0,NoDur,MKC,1.2622,0.3592,0.7101,40.7758,14.211,14.211,16.6313,13.0656,10.32,0.9612,22.5766,-167.6929,9.254,14.4679,0.1811,0.0433
Fitch Ratings,Turkcell Iletisim Hizmetleri A.S,BBB-,2015-10-08,1071321,1,4812.0,Telcm,TKC,2.6663,0.0695,0.2213,38.7707,17.7317,17.7317,31.2938,18.233,12.1639,0.5395,13.0901,15.3361,9.2319,12.1805,-0.2212,-0.2617
Egan-Jones Ratings Company,THOMSON REUTERS CORPORATION,BBB,2015-10-07,1075124,1,7370.0,BusEq,TRI,0.8192,0.3126,0.4909,24.7835,11.9351,11.9351,26.3423,7.8964,1.0786,0.3916,1.0651,-1.7583,0.5395,0.7322,-0.7415,-0.7924
Egan-Jones Ratings Company,TARGET CORPORATION,A,2015-10-07,27419,1,5331.0,Shops,TGT,1.1609,0.4744,0.9091,29.3867,6.245,6.245,9.1768,5.0304,-2.2529,1.7638,17.4966,17.4966,5.9482,9.1961,-3.1834,-2.9957
Egan-Jones Ratings Company,WILLIAMS COMPANIES INC.,BB+,2015-10-07,107263,0,4922.0,Utils,WMB,0.7363,0.5074,1.0699,60.5081,20.5447,20.5447,36.6374,46.9294,27.681,0.1514,11.5755,27.1543,4.6279,5.7018,-0.3035,-0.6333
Egan-Jones Ratings Company,PPL CORPORATION,BBB-,2015-10-06,922224,1,4911.0,Utils,PPL,1.0491,0.6229,1.7334,75.8915,35.2609,35.2609,47.7764,23.7918,15.4757,0.157,10.9739,18.7551,2.9573,4.1382,-0.445,-0.5795
Egan-Jones Ratings Company,"AUTOZONE, INC",BBB+,2015-10-06,866787,1,5531.0,Shops,AZO,0.8424,1.582,-2.7183,52.2907,19.1714,19.1714,21.8821,17.6946,11.3891,1.2573,-68.1937,-55.427,14.3198,39.6869,9.2569,7.1956
Egan-Jones Ratings Company,COSTCO WHOLESALE CORPORATION,AA,2015-10-05,909832,1,5399.0,Shops,COST,1.0145,0.3091,0.5658,13.0242,3.1188,3.1188,4.0887,3.1016,2.0456,3.5194,22.2171,22.2171,7.2962,15.3488,0.6752,-0.226
Egan-Jones Ratings Company,PVH CORP,BB+,2015-10-05,78239,0,2300.0,NoDur,PVH,1.9507,0.4407,0.8126,52.5009,6.4299,6.4299,9.3991,4.7493,5.3269,0.7613,10.0566,-16.3989,4.0545,5.6248,4.4863,4.286
Egan-Jones Ratings Company,"PATTERSON COMPANIES, INC",A-,2015-10-05,891024,1,5047.0,Shops,PDCO,2.7233,0.323,0.4772,27.118,7.7882,7.7882,8.9266,7.0143,5.7087,1.3279,11.8936,16.5339,6.1144,8.0514,0.7083,0.4347
Egan-Jones Ratings Company,CAMPBELL SOUP COMPANY,A-,2015-10-02,16732,1,2030.0,NoDur,CPB,0.7459,0.6484,2.9644,34.4222,13.0413,13.0413,16.7904,11.7421,8.2405,1.0006,48.366,-30.663,8.2456,17.0072,1.0081,0.8704
Egan-Jones Ratings Company,"NORDSTROM, INC",A,2015-10-02,72333,1,5651.0,Shops,JWN,1.8657,0.5614,1.2832,37.761,9.7956,9.7956,12.9942,8.7739,5.331,1.4609,29.5082,35.9102,7.788,12.9427,-0.3751,-0.7608
Egan-Jones Ratings Company,DIAGEO PLC,A,2015-10-01,835403,1,2085.0,NoDur,DEO,1.4499,0.4746,1.1276,57.3661,25.867,25.867,29.9362,27.1248,22.0198,0.419,26.653,-124.9113,9.5605,14.0043,1.7634,1.7481
Egan-Jones Ratings Company,"DARDEN RESTAURANTS, INC",BB+,2015-10-01,940944,0,5812.0,Shops,DRI,0.8828,0.3836,0.6288,21.0305,5.4347,5.4347,10.2824,2.5917,10.4894,1.1283,8.4165,22.1545,3.2762,5.1878,2.5712,3.7649
Egan-Jones Ratings Company,CINTAS CORPORATION,A+,2015-10-01,723254,1,7200.0,Shops,CTAS,3.4124,0.4022,0.6727,43.3195,15.6451,15.6451,19.1941,14.6591,9.8547,1.0423,20.8312,57.9706,9.6018,12.4535,-0.045,-0.7003
Fitch Ratings,Hewlett Packard Enterprise,A-,2015-09-30,1645590,1,3571.0,BusEq,HPE,1.1149,0.0129,0.0371,28.3675,4.236,4.236,11.7537,4.0709,2.9897,0.8471,4.4334,18.0011,2.5326,4.3763,-0.9967,-1.4803
Egan-Jones Ratings Company,JABIL INC,BBB-,2015-09-30,898293,1,3672.0,BusEq,JBL,1.0338,0.3639,0.7104,8.3982,3.103,3.103,6.0594,2.4115,1.5868,1.8661,12.5989,18.5128,3.0671,8.0141,3.8617,1.3144
Standard & Poor's Ratings Services,Crown Castle GS III Corp.,BBB,2015-09-30,1051470,1,6798.0,Money,CCI,1.1802,0.6234,1.6704,65.4186,30.7321,30.7321,60.0642,8.7586,2.7479,0.1391,0.8644,-2.9512,0.2913,0.3255,1.2604,0.9888
Egan-Jones Ratings Company,CIENA CORPORATION,B,2015-09-30,936395,0,3661.0,BusEq,CIEN,2.1676,1.0578,-21.0422,41.4437,1.9973,1.9973,6.9253,-1.1656,-1.7759,1.1041,58.3737,20.4935,-1.9606,-3.3719,0.4126,0.3849
Egan-Jones Ratings Company,"GENERAL MILLS, INC",BBB+,2015-09-30,40704,1,2040.0,NoDur,GIS,0.7537,0.5842,1.7044,33.7442,11.7826,11.7826,15.1194,9.9936,6.9273,0.8075,23.3538,-15.4353,5.7686,9.7116,0.1739,0.0579
Egan-Jones Ratings Company,"ADVANCE AUTO PARTS, INC.",A-,2015-09-30,1158449,1,5531.0,Shops,AAP,1.2973,0.4496,0.8173,45.2425,8.6522,8.6522,11.5443,7.9379,5.0008,1.2363,24.6554,190.4006,6.202,13.5695,2.2303,1.5291
Egan-Jones Ratings Company,ORACLE CORPORATION,AA-,2015-09-30,1341439,1,7370.0,BusEq,ORCL,4.1115,0.4487,0.8546,80.2961,36.2868,36.2868,43.7713,33.574,25.998,0.3447,20.2412,115.491,8.961,11.1592,-0.0031,-0.186
Egan-Jones Ratings Company,"WORTHINGTON INDUSTRIES, INC",BB+,2015-09-30,108516,0,3310.0,Manuf,WOR,1.8921,0.4082,0.7985,13.6968,1.7894,1.7894,4.3037,3.3398,2.2689,1.623,10.387,18.1054,4.1847,6.1474,-0.0658,-0.4759
Egan-Jones Ratings Company,"TOLL BROTHERS, INC",BBB,2015-09-29,794170,1,1531.0,Other,TOL,7.8688,0.4669,0.8758,21.2129,10.1557,10.1557,10.7436,12.8996,8.6929,0.4658,8.8075,8.8075,4.0487,4.6954,4.8821,4.9503
Moody's Investors Service,Lattice Semiconductor Corporation,B,2015-09-29,855658,0,3674.0,BusEq,LSCC,5.559,0.0092,0.0093,53.6032,8.0553,8.0553,14.3126,7.9651,6.7126,0.7424,5.7874,6.7971,4.9837,5.7341,0.4461,0.4553
Egan-Jones Ratings Company,"PNM RESOURCES, INC.",A-,2015-09-28,1108426,1,4911.0,Utils,PNM,0.5772,0.4742,1.1447,54.2297,20.8724,20.8724,35.4886,13.9741,8.0965,0.248,7.2926,8.5655,2.2609,3.8098,0.3615,-1.0496
Egan-Jones Ratings Company,ENDO INTERNATIONAL PLC,B-,2015-09-28,1593034,0,2834.0,Hlth,ENDP,1.6147,0.63,1.7675,48.2713,13.7138,13.7138,28.8665,4.1952,-30.2988,0.2199,2.5582,-2.1833,0.5692,0.9465,-0.3361,-0.0584
Moody's Investors Service,SunOpta Inc.,B-,2015-09-28,351834,0,2086.0,NoDur,STKL,1.7924,0.0099,0.235,11.0728,3.8018,3.8018,5.2542,2.8595,1.188,1.7205,5.5161,6.2772,3.0408,5.4614,-0.08,0.1722
Egan-Jones Ratings Company,KOHL'S CORPORATION,BBB+,2015-09-25,885639,1,5311.0,Shops,KSS,1.9517,0.4364,0.7925,36.4033,8.8787,8.8787,13.5363,7.0914,4.5576,1.3272,14.4717,14.4717,6.049,8.1569,1.358,0.9375
Egan-Jones Ratings Company,HORMEL FOODS CORPORATION,AA-,2015-09-24,48465,1,2011.0,NoDur,HRL,2.234,0.0647,0.0692,16.7984,9.9999,10.1887,11.5846,9.8983,6.4691,1.7076,16.7779,33.1024,11.1083,15.6918,0.2019,0.1052
Egan-Jones Ratings Company,"BECTON, DICKINSON AND COMPANY",BBB,2015-09-24,10795,1,3841.0,Hlth,BDX,2.7432,0.4272,0.7859,50.9235,19.0149,19.0149,25.669,18.0204,14.0303,0.6786,23.4514,36.9966,9.5204,13.4339,0.2114,-0.1396
Egan-Jones Ratings Company,"CISCO SYSTEMS, INC",AA,2015-09-24,858877,1,3576.0,BusEq,CSCO,3.1338,0.2644,0.4246,60.3751,21.9076,21.9076,26.875,22.7843,18.2686,0.4336,15.0418,27.3294,7.9216,11.0653,0.104,0.0673
Egan-Jones Ratings Company,ATMOS ENERGY CORPORATION,A-,2015-09-24,731802,1,4924.0,Utils,ATO,0.852,0.4431,0.8595,32.027,12.3732,12.3732,17.5137,9.6504,5.8513,0.5749,9.3906,12.3631,3.372,5.2293,0.8223,-0.0786
Egan-Jones Ratings Company,"MOHAWK INDUSTRIES, INC.",BBB,2015-09-23,851968,1,2273.0,NoDur,MHK,2.3362,0.323,0.5056,26.1379,7.4425,7.4425,11.6455,6.0632,4.7462,0.8652,8.2139,19.0983,4.3228,5.5608,-1.2146,-3.279
Egan-Jones Ratings Company,"NRG ENERGY, INC.",B-,2015-09-22,1013871,0,4911.0,Utils,NRG,1.7304,0.6279,1.7279,25.5861,8.0098,8.0098,18.6476,0.8508,0.4916,0.3921,1.1305,2.0199,0.3262,0.4207,0.5224,4.5513
Egan-Jones Ratings Company,"AMERICAN WATER WORKS COMPANY,",BBB+,2015-09-22,1410636,1,4941.0,Utils,AWK,0.4633,0.5254,1.2112,100.0,33.3112,33.3112,47.3929,23.5802,14.0485,0.1877,8.7487,11.5997,2.6811,4.1518,1.0888,1.3248
Moody's Investors Service,Kirby Corporation,BBB,2015-09-22,56047,1,4400.0,Other,KEX,1.5723,0.2703,0.3705,35.3845,19.4533,19.4533,27.7081,18.2267,11.2052,0.6089,12.6746,17.9136,6.9599,9.2483,4.7773,5.9066
Egan-Jones Ratings Company,TELEFONICA SA,BB,2015-09-21,814052,0,4812.0,Telcm,TEF,0.7699,0.626,1.9737,69.8632,10.4413,10.4413,10.4413,7.2156,6.4553,0.4119,12.591,-22.205,3.1183,4.7096,-0.6709,-0.6656
Egan-Jones Ratings Company,ARCHER-DANIELS-MIDLAND COMPANY,A,2015-09-21,7084,1,2070.0,NoDur,ADM,1.6682,0.2197,0.2883,5.8718,3.4913,3.4913,4.5923,3.8546,2.7684,1.8456,11.4773,13.8749,5.1208,8.9554,-0.3473,-0.333
Egan-Jones Ratings Company,"PDL BIOPHARMA, INC.",A,2015-09-21,882104,1,2836.0,Hlth,PDLI,1.8932,0.375,0.9811,100.0,93.993,93.993,97.1866,86.2441,55.4422,0.604,69.9866,160.1666,33.4851,43.7436,-0.0045,-0.0047
Egan-Jones Ratings Company,MICROCHIP TECHNOLOGY,BBB+,2015-09-19,827054,1,3674.0,BusEq,MCHP,7.5278,0.4699,0.8864,57.268,19.8236,19.8236,34.0526,16.1109,17.1869,0.4491,17.7254,37.0761,7.6416,9.3965,0.0585,-0.0533
Egan-Jones Ratings Company,VULCAN MATERIALS COMPANY,BBB-,2015-09-18,1396009,1,1400.0,Other,VMC,3.1808,0.3904,0.6405,15.4069,6.872,6.872,17.9561,-0.1336,0.88,0.3355,0.5271,13.0536,0.2513,0.3213,0.8737,-0.9908
Egan-Jones Ratings Company,BOTTOMLINE TECHNOLOGIES,B-,2015-09-18,1073349,0,7370.0,BusEq,EPAY,2.1537,0.3143,0.4584,57.8587,-0.2306,-0.2306,15.9159,-4.931,-10.4809,0.4806,-9.9501,66.549,-5.0372,-6.8228,0.2408,-0.0351
Egan-Jones Ratings Company,RAYONIER INC.,BBB+,2015-09-18,52827,1,6798.0,Money,RYN,1.88,0.4544,0.8969,19.5456,16.4707,16.4707,37.7067,10.6345,56.372,0.179,6.0301,6.0301,2.8719,3.2901,0.738,1.4507
Egan-Jones Ratings Company,"MARTIN MARIETTA MATERIALS,",BBB+,2015-09-18,916076,1,1400.0,Other,MLM,3.5876,0.3927,0.6562,16.8846,10.1129,10.1129,18.174,7.6187,5.629,0.6612,7.6309,13.211,3.6867,4.634,1.8308,1.7621
Fitch Ratings,America Movil B.V.,A,2015-09-17,1129137,1,4812.0,Telcm,AMX,0.7611,0.6994,2.573,54.4843,18.4575,18.4575,32.0135,10.282,5.4394,0.6636,20.2409,-295.2425,3.7153,6.0844,1.3086,1.0362
Egan-Jones Ratings Company,EDISON INTERNATIONAL,AA-,2015-09-17,827052,1,4911.0,Utils,EIX,0.651,0.4408,0.9266,58.3017,18.4299,18.4299,31.9615,14.7543,12.0182,0.2697,11.8318,11.8318,3.0884,6.6161,0.8541,-0.6292
Fitch Ratings,Albemarle Corporation,BBB-,2015-09-16,915913,1,2810.0,Chems,ALB,3.3984,0.3769,0.619,35.5211,24.0856,24.0856,28.5701,22.4888,17.2567,0.6679,25.0018,31.7962,12.1548,15.5779,-0.3043,0.9782
Egan-Jones Ratings Company,ALBEMARLE CORPORATION,BB+,2015-09-15,915913,0,2810.0,Chems,ALB,3.3984,0.3769,0.619,35.5211,24.0856,24.0856,28.5701,22.4888,17.2567,0.6679,25.0018,31.7962,12.1548,15.5779,-0.3043,0.9782
Moody's Investors Service,Danaher Corporation,A,2015-09-15,313616,1,3826.0,BusEq,DHR,2.013,0.1328,0.1558,51.0964,17.0677,17.0677,21.7201,18.6856,14.7404,0.5273,11.5387,1565.336,7.4717,10.0069,0.2536,0.1395
Egan-Jones Ratings Company,EMERSON ELECTRIC CO.,A,2015-09-15,32604,1,3823.0,BusEq,EMR,1.2854,0.2593,0.5925,43.7715,20.2899,20.2899,23.4986,17.9947,12.1074,0.7335,22.0124,172.6852,9.2567,16.3048,0.1959,0.2092
Moody's Investors Service,Lamar Advertising Company,BB,2015-09-14,1090425,0,6798.0,Money,LAMR,1.2121,0.6575,1.9358,64.7826,21.6517,21.6517,42.1023,11.1437,19.6691,0.3878,25.8306,-28.2224,7.6388,8.8465,0.5834,0.5404
Egan-Jones Ratings Company,WEC ENERGY GROUP INC,A-,2015-09-14,783325,1,4931.0,Utils,WEC,1.0366,0.5058,1.2297,59.5685,23.9013,23.9013,32.6643,20.281,12.7772,0.306,13.6688,15.1407,3.9176,6.7072,0.3219,0.1751
Egan-Jones Ratings Company,SERVICE CORPORATION,BBB-,2015-09-11,89089,1,7200.0,Shops,SCI,0.7189,0.6827,2.2178,22.5679,20.2921,20.2921,28.5054,13.4469,5.7605,0.2511,12.8229,-40.7451,1.4813,4.0685,-0.2993,-0.4511
Egan-Jones Ratings Company,ENTERGY CORPORATION,BBB,2015-09-10,65984,1,4911.0,Utils,ETR,1.1405,0.5514,1.3777,63.6014,16.0616,16.0616,33.0917,12.4039,7.5288,0.2692,9.5952,9.8746,2.0689,4.2644,3.7133,4.0946
Egan-Jones Ratings Company,"MERITOR, INC",B,2015-09-10,1113256,0,3714.0,Durbl,MTOR,1.2447,2.6116,-1.6325,12.9315,5.7621,5.7621,7.5412,8.3643,6.6118,1.5155,-48.547,-27.9528,11.4286,78.2369,3.156,2.9359
Egan-Jones Ratings Company,BCE INC,BB+,2015-09-10,718940,0,4813.0,Telcm,BCE,0.6426,0.5014,1.1638,41.0833,21.0932,21.0932,37.6618,15.7647,11.7059,0.4495,16.7447,-127.899,4.7429,6.6047,0.9454,1.0103
Fitch Ratings,"Waste Connections, Inc.",BBB,2015-09-09,1057058,1,4953.0,Other,WCN,0.8947,0.5582,1.2679,45.2479,21.6081,21.6081,34.1627,18.5489,11.1836,0.6158,18.9883,185.8144,6.9105,8.3888,-2.5066,-0.7076
Moody's Investors Service,Berry Global Inc.,B-,2015-09-09,1378992,0,3080.0,Manuf,BERY,1.867,1.0306,-34.2281,15.4901,6.3735,6.3735,13.5942,1.3514,1.2505,0.944,-55.2632,-2.4523,1.1995,1.689,0.4793,0.7155
Egan-Jones Ratings Company,PINNACLE WEST CAPITAL,A,2015-09-09,764622,1,4911.0,Utils,PNW,0.6243,0.3995,0.7828,66.2098,23.2339,23.2339,38.6205,18.4556,11.3871,0.2444,9.3757,9.3757,2.9652,5.63,-0.5176,0.2756
Egan-Jones Ratings Company,PUBLIC SERVICE ENTERPRISE,A+,2015-09-08,788784,1,4931.0,Utils,PEG,1.1843,0.4027,0.7466,64.3028,24.0952,24.0952,37.8376,22.5611,13.9445,0.3085,12.4569,12.56,4.3019,7.4408,0.004,-0.0138
Egan-Jones Ratings Company,ALBANY INTERNATIONAL CORP.,BBB-,2015-09-02,819793,1,2221.0,NoDur,AIN,3.3102,0.354,0.5559,38.3613,6.8775,6.8775,15.2994,4.1029,2.3127,0.6726,3.232,3.7807,1.5721,2.088,0.8705,0.0281
Moody's Investors Service,"Michael Baker International, LLC",B,2015-09-02,9263,0,8711.0,Other,BKR,2.5976,0.1728,0.2207,19.5715,11.6452,11.6452,19.0339,10.7002,7.0018,0.8517,9.2419,14.6236,6.0048,7.6447,-0.3927,0.1942
Egan-Jones Ratings Company,"H&R BLOCK, INC",BBB+,2015-09-02,12659,1,7200.0,Shops,HRB,1.5713,0.2161,0.2761,72.31,25.8121,25.8121,31.0028,24.1276,15.3854,0.6818,26.5552,50.7566,10.7796,20.8166,-0.672,-0.5838
Egan-Jones Ratings Company,TENET HEALTHCARE CORPORATION,B-,2015-09-01,70318,0,8062.0,Hlth,THC,1.1937,0.9241,12.3565,35.465,5.98,6.1153,11.2023,-1.4251,-1.2086,0.674,-10.5923,2.4519,-0.5653,-0.8035,0.3504,-1.7838
Egan-Jones Ratings Company,FERRO CORPORATION,B+,2015-09-01,35214,0,2851.0,Chems,FOE,2.5918,0.4703,0.9127,25.6458,-0.9469,-0.9469,2.2362,-3.8535,7.7428,1.0184,-2.5621,-4.6542,-0.7887,-1.3572,0.4847,-0.0454
DBRS,Fair Isaac Corporation,BBB-,2015-09-01,814547,1,7373.0,BusEq,FICO,0.8451,0.4527,1.201,68.4049,20.516,20.516,24.6519,16.8737,12.0255,0.6617,20.8702,-25.4212,7.9577,11.4228,1.2698,1.5741
Egan-Jones Ratings Company,"EOG RESOURCES, INC",BBB+,2015-09-01,821189,1,1311.0,Enrgy,EOG,1.6003,0.25,0.3337,100.0,29.0642,29.0642,51.2264,27.6974,16.1654,0.5188,16.46,16.46,8.3868,12.3454,2.3493,-0.1131
Egan-Jones Ratings Company,AVISTA CORPORATION,A+,2015-09-01,104918,1,4931.0,Utils,AVA,1.0262,0.5081,1.1091,100.0,17.153,17.153,27.8076,13.0457,13.0413,0.3132,8.0814,8.4101,2.5498,3.975,0.2758,-0.0358
Egan-Jones Ratings Company,UGI CORPORATION,BBB+,2015-09-01,884614,1,4932.0,Utils,UGI,1.1622,0.4838,1.0159,37.4712,12.1489,12.1489,16.5332,9.276,4.0738,0.8201,14.5392,210.1812,5.2769,7.5048,1.1122,1.31
Standard & Poor's Ratings Services,Hanesbrands Inc.,BBB-,2015-08-31,1359841,1,2300.0,NoDur,HBI,1.7203,0.5379,1.4305,35.7652,10.5912,10.5912,12.5483,8.7322,7.597,1.0224,29.1698,-1468.358,7.767,13.4805,-0.2065,-0.2546
Moody's Investors Service,Timken Company (The),BBB-,2015-08-31,98362,1,3562.0,Manuf,TKR,2.7761,0.2473,0.3336,29.1919,6.7746,6.7746,11.2281,6.6316,5.5523,1.0249,9.3953,13.6998,4.9743,7.0718,-1.1221,-0.9891
Standard & Poor's Ratings Services,Wolverine World Wide Inc.,BBB,2015-08-31,110471,1,3140.0,NoDur,WWW,3.059,0.4766,0.9603,39.343,8.3264,8.3264,10.2568,6.5735,4.8205,1.1025,14.2751,-44.1332,5.3464,7.4717,1.0974,1.191
Egan-Jones Ratings Company,"MICRON TECHNOLOGY, INC",BB+,2015-08-28,827054,0,3674.0,BusEq,MCHP,7.5278,0.4699,0.8864,57.268,19.8236,19.8236,34.0526,16.1109,17.1869,0.4491,17.7254,37.0761,7.6416,9.3965,0.0585,-0.0533
Egan-Jones Ratings Company,"PERKINELMER, INC",BBB+,2015-08-27,31791,1,3826.0,BusEq,PKI,1.7333,0.3185,0.4687,45.2423,10.5578,10.5578,16.7492,7.5864,7.75,0.5467,8.7374,-28.6123,4.4155,5.9546,0.0724,0.558
Moody's Investors Service,"Valmont Industries, Inc.",BBB-,2015-08-26,102729,1,3440.0,Manuf,VMI,3.6599,0.2336,0.3173,28.6068,14.3172,14.3172,17.0288,13.6013,8.4283,1.1901,18.1546,27.3807,10.1012,13.9134,7.3739,8.2044
Moody's Investors Service,"Greif, Inc.",BB-,2015-08-25,43920,0,2650.0,Manuf,GEF,1.3378,0.4706,0.9427,19.1314,5.881,5.881,9.5563,3.7272,-0.1675,1.1559,3.6707,25.4391,1.2243,1.9432,0.2305,-0.6304
Egan-Jones Ratings Company,CENTRAL GARDEN & PET COMPANY,B+,2015-08-25,887733,0,5140.0,Shops,CENT,3.8796,0.4805,0.9256,28.2994,3.5038,3.5038,5.8653,0.8643,0.5488,1.3966,2.0189,5.1629,0.8549,1.0488,3.1483,3.5008
Fitch Ratings,Ingredion Incorporated,BBB,2015-08-25,1046257,1,2040.0,NoDur,INGR,2.7,0.4141,0.7452,17.873,9.6871,9.6871,12.7528,8.6441,6.2579,1.1806,16.5912,25.458,7.5187,9.7202,-1.4551,-1.3352
Egan-Jones Ratings Company,JOHNSON CONTROLS INTERNATIONAL,AA-,2015-08-25,788329,1,3690.0,BusEq,JOUT,3.2798,0.0361,0.0393,39.6354,3.9235,3.9235,6.477,4.0953,2.1445,1.4739,4.5969,5.3188,3.1608,4.431,0.297,0.7784
Egan-Jones Ratings Company,RIO TINTO PLC,A,2015-08-25,863064,1,1000.0,Other,RIO,1.7287,0.2922,0.4619,76.8295,26.0322,26.0322,36.2286,20.0403,13.6938,0.442,11.9042,13.6861,6.0272,8.4261,-0.4305,2.5771
Moody's Investors Service,Wendy's Company,B,2015-08-25,30697,0,5812.0,Shops,WEN,1.6522,0.4464,0.8373,32.1949,12.1385,12.1385,20.1375,9.6342,6.0763,0.483,6.7784,-25.5152,2.8138,3.7525,-0.15,-0.326
Moody's Investors Service,SS&C Technologies Holdings Europe S.a.r.l.,BB-,2015-08-21,1011661,0,7372.0,BusEq,SSNC,1.2274,0.308,0.4602,46.5097,26.0948,26.0948,39.8564,23.1362,17.0769,0.3388,9.7371,-20.8502,5.7863,6.7385,0.2295,0.2067
Egan-Jones Ratings Company,INTUIT INC,A,2015-08-21,896878,1,7372.0,BusEq,INTU,1.4679,0.1766,0.2144,82.7052,17.605,17.605,30.2004,16.9847,8.7071,0.8438,17.7101,42.1859,8.3132,14.5833,0.5868,0.3135
DBRS,Enbridge Inc.,BBB+,2015-08-20,895728,1,4924.0,Utils,ENB,0.8632,0.6136,1.709,21.6732,8.5014,8.5014,12.691,5.7729,4.1497,0.5166,11.2897,8.4581,2.2523,3.0124,-1.225,-2.7858
Moody's Investors Service,"FTI Consulting, Inc.",BB-,2015-08-17,887936,0,8721.0,Other,FCN,2.3341,0.3843,0.6342,34.8167,8.3946,8.3946,11.2784,5.7744,3.3485,0.7343,5.3328,-31.6206,2.4589,3.2832,-1.6075,-1.4857
Moody's Investors Service,"ONEOK, Inc.",BB+,2015-08-13,1039684,0,4923.0,Utils,OKE,0.5464,0.6409,2.051,17.2737,9.3773,9.3773,11.8868,6.723,2.5757,0.7991,16.6933,22.3565,4.3816,5.9942,-0.065,2.2135
Egan-Jones Ratings Company,NOVARTIS AG,AA,2015-08-12,1114448,1,2834.0,Hlth,NVS,1.3925,0.163,0.2881,67.6604,20.6753,20.6753,20.6753,22.881,19.0364,0.4277,15.1417,60.6011,8.5551,12.6732,0.4147,0.5093
Moody's Investors Service,Barrick Gold Corporation,BBB-,2015-08-12,756894,1,1040.0,Other,GOLD,2.154,0.4464,0.8174,41.4944,-69.5697,-69.5697,-55.7436,-75.5728,-82.7493,0.3345,-63.1023,-102.5493,-26.9627,-34.9353,-1.8293,-0.4147
Moody's Investors Service,"American Water Works Company, Inc.",A-,2015-08-07,1410636,1,4941.0,Utils,AWK,0.4633,0.5254,1.2112,100.0,33.3112,33.3112,47.3929,23.5802,14.0485,0.1877,8.7487,11.5997,2.6811,4.1518,1.0888,1.3248
Moody's Investors Service,"Motorola Solutions, Inc.",BBB-,2015-08-05,68505,1,3663.0,BusEq,MSI,3.0573,0.5511,1.2292,48.1381,-17.1059,-17.1059,-14.1643,-19.7415,22.0881,0.5642,-25.1627,-29.2069,-6.6775,-11.295,-4.6454,-4.8673
Moody's Investors Service,"Advance Auto Parts, Inc.",BBB,2015-08-05,1158449,1,5531.0,Shops,AAP,1.2973,0.4496,0.8173,45.2425,8.6522,8.6522,11.5443,7.9379,5.0008,1.2363,24.6554,190.4006,6.202,13.5695,2.2303,1.5291
Egan-Jones Ratings Company,"REPUBLIC SERVICES, INC",BBB-,2015-07-31,1060391,1,4953.0,Other,RSG,0.7618,0.4765,0.9114,35.8979,14.0073,14.0073,25.1951,10.0565,6.2204,0.4381,7.0717,-16.2005,2.7267,3.7024,0.0118,0.0609
Fitch Ratings,DXC Technology Company,BBB+,2015-07-30,1688568,1,7370.0,BusEq,DXC,1.3625,0.3554,0.8492,24.1222,-3.6836,-3.6836,8.3528,-8.2666,0.0246,0.7941,-6.9815,-19.1136,-2.0252,-4.5,-0.1278,0.7315
Moody's Investors Service,"Advanced Micro Devices, Inc.",CCC,2015-07-28,2488,0,3674.0,BusEq,AMD,1.9,0.9158,11.8289,33.3999,-2.8151,-2.8151,0.8718,-7.2285,-7.3193,1.4616,-215.508,203.5353,-10.6982,-18.1368,0.0687,-0.2593
Moody's Investors Service,CPI Card Group Inc.,B+,2015-07-28,1641614,0,3674.0,BusEq,PMTS,2.4248,0.8251,4.8914,31.3123,13.2074,13.2074,18.8735,10.0622,-11.9442,0.9812,-73.6241,-16.6465,6.0043,7.6406,0.3558,-0.5771
Moody's Investors Service,Sherwin-Williams Company (The),A,2015-07-28,89800,1,2851.0,Chems,SHW,0.9571,0.5283,1.8051,46.4034,11.7169,11.7169,13.5334,11.3053,7.7801,1.9528,86.8954,-191.9915,15.1928,40.9894,0.1454,0.0076
Moody's Investors Service,"Meritor, Inc.",B,2015-07-27,1113256,0,3714.0,Durbl,MTOR,1.2447,2.6116,-1.6325,12.9315,5.7621,5.7621,7.5412,8.3643,6.6118,1.5155,-48.547,-27.9528,11.4286,78.2369,3.156,2.9359
Egan-Jones Ratings Company,ENTERPRISE PRODUCTS PARTNERS,A-,2015-07-27,1061219,1,1311.0,Enrgy,EPD,0.6973,0.4931,1.0849,7.7802,7.874,7.874,10.7113,5.9573,5.813,1.0159,14.389,25.5503,6.0031,7.2935,0.0983,0.2692
Fitch Ratings,Anheuser-Busch InBev Finance Inc,A,2015-07-24,1668717,1,2082.0,NoDur,BUD,0.6815,0.4457,0.9422,60.147,31.938,31.938,39.0625,29.3245,19.5823,0.3302,20.8305,-24.3452,7.9284,11.546,0.0925,-0.1941
Fitch Ratings,"Harley-Davidson, Inc.",A,2015-07-24,793952,1,3751.0,Durbl,HOG,1.5894,0.5317,1.7475,39.6358,19.5547,19.5547,24.0061,18.8869,12.4408,0.6273,24.3893,24.6386,7.8043,11.4219,0.8643,0.7591
Moody's Investors Service,"Group 1 Automotive, Inc.",BB,2015-07-23,1031203,0,5500.0,Shops,GPI,1.0551,0.3907,2.0609,14.4927,3.0646,3.0646,3.6221,2.1516,1.2225,2.335,11.0119,-3137.739,2.9845,6.7099,5.3888,7.5349
Egan-Jones Ratings Company,"ASBURY AUTOMOTIVE GROUP, INC",BBB-,2015-07-22,1144980,1,5500.0,Shops,ABG,1.3289,0.5255,2.3724,16.4202,4.2381,4.2381,4.883,3.0985,2.045,2.8248,20.6074,23.1828,5.3532,9.7785,2.2873,1.6507
Moody's Investors Service,"OSI Restaurant Partners, LLC",BB+,2015-07-21,874691,0,5812.0,Shops,OSI,2.0552,0.0145,0.0195,33.9545,9.6126,9.6126,15.7675,9.2729,6.7993,1.0223,11.1986,15.0395,6.951,11.0363,-1.1538,0.7535
Fitch Ratings,eBay Inc.,BBB,2015-07-20,1065088,1,7370.0,BusEq,EBAY,1.5134,0.254,0.3832,81.0808,28.1684,28.1684,35.9272,28.6121,0.5233,0.1948,-4.3454,-5.7277,-1.9166,-3.2418,0.7337,0.7529
Moody's Investors Service,"Diamondback Energy, Inc.",B,2015-07-17,1539838,0,1311.0,Enrgy,FANG,0.9437,0.2533,0.3393,88.1642,42.9014,42.9014,77.6248,61.518,39.0857,0.1601,9.8715,9.8715,6.3309,7.3709,3.0002,-0.11
Moody's Investors Service,JetBlue Airways Corp.,BBB-,2015-07-15,1158463,1,4512.0,Other,JBLU,0.5635,0.4979,1.2113,49.2005,7.8662,7.8662,13.4902,5.1277,3.0877,0.7403,7.8725,7.8725,2.2857,3.9529,0.1782,0.5935
Moody's Investors Service,"Gap, Inc. (The)",BBB,2015-07-14,39911,1,5651.0,Shops,GPS,1.9324,0.3087,0.4536,38.2659,12.6742,12.6742,15.7165,12.2483,7.6787,2.1372,42.3064,42.3064,16.4109,29.2468,1.1876,1.2746
Moody's Investors Service,"Wendy's International, LLC",CCC+,2015-07-10,30697,0,5812.0,Shops,WEN,1.6522,0.4464,0.8373,32.1949,12.1385,12.1385,20.1375,9.6342,6.0763,0.483,6.7784,-25.5152,2.8138,3.7525,-0.15,-0.326
Egan-Jones Ratings Company,WPP PLC,A,2015-07-07,806968,1,7311.0,Other,WPP,0.9936,0.3457,0.6118,87.3006,13.0741,13.0741,16.4855,12.5936,9.3435,0.4309,14.7123,-53.4935,4.3041,9.6266,2.5821,2.8659
Egan-Jones Ratings Company,SHAW COMMUNICATIONS INC. CLASS,BBB,2015-07-02,932872,1,4841.0,Telcm,SJR,0.9549,0.4872,0.95,60.0841,27.4568,27.4568,42.1105,22.8009,16.9242,0.3955,16.0192,-26.7274,5.9688,8.2151,0.5096,0.3347
Moody's Investors Service,Ecolab Inc.,BBB+,2015-07-01,31462,1,2842.0,Chems,ECL,1.3467,0.4492,0.9319,45.9671,11.7751,11.7751,17.9335,9.796,7.3023,0.6749,13.1401,-22.9688,4.9581,7.2371,1.0893,0.9565
Standard & Poor's Ratings Services,Sysco Corp.,A,2015-07-01,96021,1,5140.0,Shops,SYY,1.2228,0.3016,1.3919,17.5665,2.5254,2.5254,3.7188,2.0709,1.4108,2.7061,13.056,21.8328,3.8177,9.118,0.0769,0.0512
Egan-Jones Ratings Company,NATIONAL GRID PLC,A-,2015-07-01,1004315,1,4911.0,Utils,NGG,0.8179,0.6565,2.1639,24.8668,24.8668,24.8668,34.6951,17.2883,13.282,0.2759,16.7947,33.3665,3.6505,5.7695,2.3471,2.0159
Moody's Investors Service,Murphy Oil USA Inc.,BB,2015-06-30,717423,0,1311.0,Enrgy,MUR,1.0883,0.2546,0.3447,100.0,31.1853,31.1853,61.4028,27.3221,20.8433,0.3078,10.3323,10.3809,5.0723,7.7013,2.0079,1.2404
Standard & Poor's Ratings Services,Compass Minerals International Inc.,BB+,2015-06-26,1227654,0,1400.0,Other,CMP,2.9562,0.4878,0.9584,32.8577,24.2495,24.2495,30.425,22.7524,16.8733,0.7833,33.3384,45.5001,13.3093,17.0755,7.2333,3.505
Moody's Investors Service,Baidu Inc.,A-,2015-06-22,1329099,1,7370.0,BusEq,BIDU,3.2481,0.3093,0.4918,61.4994,26.1023,26.1023,34.2004,29.5084,26.8837,0.4922,23.2715,38.723,12.285,16.0741,1.7102,0.8039
Standard & Poor's Ratings Services,Endo International PLC,B,2015-06-19,1593034,0,2834.0,Hlth,ENDP,1.6147,0.63,1.7675,48.2713,13.7138,13.7138,28.8665,4.1952,-30.2988,0.2199,2.5582,-2.1833,0.5692,0.9465,-0.3361,-0.0584
Fitch Ratings,Archer Daniels Midland Company,A,2015-06-17,7084,1,2070.0,NoDur,ADM,1.6682,0.2197,0.2883,5.8718,3.4913,3.4913,4.5923,3.8546,2.7684,1.8456,11.4773,13.8749,5.1208,8.9554,-0.3473,-0.333
Moody's Investors Service,"WEC Energy Group, Inc.",A-,2015-06-08,783325,1,4931.0,Utils,WEC,1.0366,0.5058,1.2297,59.5685,23.9013,23.9013,32.6643,20.281,12.7772,0.306,13.6688,15.1407,3.9176,6.7072,0.3219,0.1751
Moody's Investors Service,Colfax Corporation,BB,2015-06-05,1420800,0,3540.0,Manuf,CFX,1.6204,0.3129,0.4584,31.9787,8.8562,8.8562,12.6344,7.7468,8.0049,0.6413,12.5363,-74.4951,5.8278,8.6132,-0.4637,-0.44
Fitch Ratings,"Mohawk Industries, Inc.",BBB,2015-06-03,851968,1,2273.0,NoDur,MHK,2.3362,0.323,0.5056,26.1379,7.4425,7.4425,11.6455,6.0632,4.7462,0.8652,8.2139,19.0983,4.3228,5.5608,-1.2146,-3.279
Moody's Investors Service,TriMas Company LLC,BB-,2015-06-03,842633,0,3460.0,Manuf,TRS,1.7258,0.507,1.068,26.7114,9.7656,9.7656,14.2038,7.844,7.7167,0.5459,7.939,-28.0997,2.8848,3.9139,0.6095,-7.7711
Egan-Jones Ratings Company,DEVON ENERGY CORPORATION,BBB,2015-06-02,1090012,1,1311.0,Enrgy,DVN,1.0949,0.2718,0.4275,100.0,22.7638,22.7638,39.2771,19.6676,7.7866,0.4076,6.4197,8.439,3.3395,4.675,1.2712,-3.4269
Moody's Investors Service,Pinnacle West Capital Corporation,A-,2015-06-02,764622,1,4911.0,Utils,PNW,0.6243,0.3995,0.7828,66.2098,23.2339,23.2339,38.6205,18.4556,11.3871,0.2444,9.3757,9.3757,2.9652,5.63,-0.5176,0.2756
Fitch Ratings,Eli Lilly and Company,A,2015-05-26,59478,1,2834.0,Hlth,LLY,1.4697,0.1923,0.2955,78.7649,23.2353,23.2353,29.4898,25.4804,20.269,0.6557,26.5568,35.1987,13.2907,21.4496,0.539,0.562
Egan-Jones Ratings Company,APACHE CORPORATION,BBB,2015-05-26,6769,1,1311.0,Enrgy,APA,1.7508,0.2855,0.3997,97.6203,-59.5363,-59.5363,-20.0837,-59.5363,-72.8731,0.205,-22.4331,-22.4331,-11.2811,-16.0276,-3.5027,-8.0502
Fitch Ratings,Companhia de Saneamento Basico do Estado de Sao Paulo (SABESP),BB,2015-05-20,1170858,0,4941.0,Utils,SBS,0.9238,0.4186,0.8107,31.9054,17.0398,17.0398,25.9977,11.3691,8.0528,0.3694,6.7871,-7.1241,2.9747,3.9461,-0.3436,-0.3786
Moody's Investors Service,Emerson Electric Company,A,2015-05-18,32604,1,3823.0,BusEq,EMR,1.2854,0.2593,0.5925,43.7715,20.2899,20.2899,23.4986,17.9947,12.1074,0.7335,22.0124,172.6852,9.2567,16.3048,0.1959,0.2092
Egan-Jones Ratings Company,MOSAIC COMPANY,A,2015-05-15,1285785,1,2870.0,Chems,MOS,3.2664,0.2606,0.3575,21.2748,14.4857,14.4857,23.7837,13.4422,11.3585,0.4953,9.6114,11.5592,5.6358,7.1069,3.4881,2.9102
Egan-Jones Ratings Company,KRAFT HEINZ COMPANY,BBB-,2015-05-14,1637459,1,2030.0,NoDur,KHC,1.5896,0.4604,0.8532,30.0037,14.3564,14.3564,19.154,7.3521,-0.5768,0.2987,9.1603,-5.3799,1.8375,2.3161,1.373,1.5499
Moody's Investors Service,"Verisk Analytics, Inc.",BBB-,2015-05-11,1442145,1,6411.0,Money,VRSK,0.4985,0.8391,6.8087,63.9438,44.1828,44.1828,54.3917,39.3054,27.9505,0.6102,167.7383,-25.2392,15.0938,26.9834,-0.0489,-0.0696
Moody's Investors Service,Boston Scientific Corporation,BBB-,2015-05-07,885725,1,3845.0,Hlth,BSX,1.6508,0.3932,0.6484,69.5646,1.68,1.68,17.9896,-3.1219,-1.694,0.4311,-1.8504,2.3707,-0.7302,-1.1229,-0.0823,-0.0761
Standard & Poor's Ratings Services,Wendy's International Inc.,CCC+,2015-05-07,30697,0,5812.0,Shops,WEN,1.6522,0.4464,0.8373,32.1949,12.1385,12.1385,20.1375,9.6342,6.0763,0.483,6.7784,-25.5152,2.8138,3.7525,-0.15,-0.326
Moody's Investors Service,"National Air Cargo Holdings, Inc.",CCC,2015-05-07,1004315,0,4911.0,Utils,NGG,0.8179,0.6565,2.1639,24.8668,24.8668,24.8668,34.6951,17.2883,13.282,0.2759,16.7947,33.3665,3.6505,5.7695,2.3471,2.0159
Moody's Investors Service,"Becton, Dickinson and Company",BBB,2015-05-05,10795,1,3841.0,Hlth,BDX,2.7432,0.4272,0.7859,50.9235,19.0149,19.0149,25.669,18.0204,14.0303,0.6786,23.4514,36.9966,9.5204,13.4339,0.2114,-0.1396
Fitch Ratings,Bristol-Myers Squibb Company,A-,2015-04-30,14272,1,2834.0,Hlth,BMY,1.7265,0.3258,0.5227,75.2377,14.9947,14.9947,17.9356,14.9947,12.6204,0.4705,13.542,32.71,6.012,9.1294,-0.248,-0.2398
Egan-Jones Ratings Company,"INTREPID POTASH, INC.",BBB,2015-04-24,1421461,1,1400.0,Other,IPI,4.27,0.1367,0.1583,10.2352,3.8451,3.8451,23.5708,2.6343,2.3785,0.3517,1.0304,1.0304,0.8366,0.8896,8.2501,32.4954
Fitch Ratings,Anheuser Busch InBev NV/SA,A,2015-04-24,1668717,1,2082.0,NoDur,BUD,0.6815,0.4457,0.9422,60.147,31.938,31.938,39.0625,29.3245,19.5823,0.3302,20.8305,-24.3452,7.9284,11.546,0.0925,-0.1941
Moody's Investors Service,"TTM Technologies, Inc.",BB,2015-04-23,1116942,0,3672.0,BusEq,TTMI,1.7576,0.4037,0.8135,15.9217,5.0524,5.0524,13.0861,2.9069,1.5989,0.8175,3.3877,3.5902,1.4277,2.02,-1.3731,-0.1344
Moody's Investors Service,Southern Copper Corporation,BBB,2015-04-22,1001838,1,1000.0,Other,SCCO,2.0735,0.4055,0.7163,50.9218,38.5766,38.5766,46.2654,35.7413,23.0316,0.508,22.9226,23.4185,11.7423,13.6277,-0.5689,-0.3949
Standard & Poor's Ratings Services,Teva Pharmaceutical Industries Ltd.,BBB+,2015-04-21,818686,1,2834.0,Hlth,TEVA,1.1715,0.2684,0.4422,54.5383,22.6963,22.6963,30.1352,17.9459,15.0701,0.4367,13.0251,-538.4071,6.5532,9.5298,2.1673,2.3059
Standard & Poor's Ratings Services,Michael Baker International LLC,B+,2015-04-20,9263,0,8711.0,Other,BKR,2.5976,0.1728,0.2207,19.5715,11.6452,11.6452,19.0339,10.7002,7.0018,0.8517,9.2419,14.6236,6.0048,7.6447,-0.3927,0.1942
Moody's Investors Service,Gulfport Energy Corporation,B,2015-04-16,874499,0,1311.0,Enrgy,GPOR,0.8235,0.2345,0.3064,88.6402,33.6374,33.6374,73.4942,59.7446,36.8839,0.1853,10.774,10.774,6.8353,8.2476,2.3225,-2.7904
Standard & Poor's Ratings Services,Omnicom Group Inc.,BBB+,2015-04-15,29989,1,7311.0,Other,OMC,0.9186,0.5776,1.3699,17.7291,12.6918,12.6918,14.5667,11.8163,7.0741,0.7148,37.127,-20.9344,5.7545,15.6815,-1.1636,-1.1838
Fitch Ratings,Kosmos Energy Ltd.,B,2015-04-14,1509991,0,1311.0,Enrgy,KOS,2.2517,0.3585,0.5589,78.0636,38.9746,38.9746,62.6088,65.5085,31.6481,0.3016,20.8647,20.8647,9.545,13.3841,-0.2376,-0.3366
Moody's Investors Service,DaVita Inc.,B+,2015-04-14,927066,0,8090.0,Hlth,DVA,1.7409,0.6076,1.5706,28.7282,14.1862,14.1862,18.8047,10.2357,5.6515,0.7263,16.106,-14.5837,4.9004,6.3206,-1.5296,-1.8597
Moody's Investors Service,Axalta Coating Systems Ltd.,B+,2015-04-09,1616862,0,2851.0,Chems,AXTA,1.9783,0.7627,3.2503,34.0271,8.414,8.414,15.9217,0.838,0.6239,0.7117,3.1205,-2.9182,0.5623,0.7405,-0.5589,-0.6681
Standard & Poor's Ratings Services,Terex Corp.,BB,2015-03-30,97216,0,3530.0,Manuf,TEX,2.0426,0.4452,0.8772,19.174,7.2939,7.2939,10.3118,5.0802,5.8169,0.9251,12.3584,43.247,4.251,6.8564,1.9852,1.9644
Fitch Ratings,"Tenneco, Inc.",BB+,2015-03-27,1024725,0,3714.0,Durbl,TEN,1.3485,0.6623,2.0725,16.5677,5.9264,5.9264,8.3967,4.7625,2.6841,2.1071,50.1859,60.4027,6.7568,16.9492,-2.6471,-4.1244
Moody's Investors Service,"SeaWorld Parks & Entertainment, Inc.",B+,2015-03-26,1564902,0,7996.0,Other,SEAS,0.6432,0.7303,2.7323,39.2745,11.6559,11.6559,25.1319,5.7186,3.6231,0.5688,8.6136,90.4135,2.0607,2.323,-0.26,-0.1417
Standard & Poor's Ratings Services,Allegheny Technologies Inc.,BB,2015-03-24,1018963,0,3350.0,Manuf,ATI,2.4367,0.3378,0.6502,6.2471,-2.2579,-2.2579,2.4385,-3.8284,3.8086,0.5861,-3.0454,-4.0233,-1.322,-2.0168,-0.217,-2.706
Fitch Ratings,Rite Aid Corporation,B,2015-03-23,84129,0,5912.0,Shops,RAD,3.8418,0.1662,0.1995,54.1836,6.8957,6.8957,6.8957,6.0485,4.0847,0.651,4.0658,6.2108,2.659,3.3899,3.5303,3.0325
Standard & Poor's Ratings Services,York Water Co. (The),A-,2015-03-20,108985,1,4941.0,Utils,YORW,1.8943,0.4479,0.8118,100.0,48.098,48.098,61.0218,35.6449,25.0196,0.1508,10.9829,10.9829,3.7734,6.0632,0.0308,-0.278
Standard & Poor's Ratings Services,Johnson Controls Inc.,BBB+,2015-03-20,788329,1,3690.0,BusEq,JOUT,3.2798,0.0361,0.0393,39.6354,3.9235,3.9235,6.477,4.0953,2.1445,1.4739,4.5969,5.3188,3.1608,4.431,0.297,0.7784
Moody's Investors Service,Huntsman International LLC,B+,2015-03-19,1307954,0,2860.0,Chems,HUN,2.1608,0.7136,2.6279,16.5745,5.4673,5.4673,9.3108,3.4894,2.7898,1.06,18.0933,20.3576,3.2317,5.1828,0.1686,-0.3314
Moody's Investors Service,"Post Holdings, Inc.",B-,2015-03-19,1530950,0,2015.0,NoDur,POST,2.3447,0.6265,1.6889,25.7642,-8.6143,-8.6143,-1.518,-17.7056,-14.8729,0.3119,-15.0322,10.5714,-4.4392,-5.6136,1.0,-0.8071
Egan-Jones Ratings Company,ANDERSONS INC.,BBB+,2015-03-18,821026,1,5150.0,Shops,ANDE,1.2312,0.3412,0.5897,6.5166,1.5486,1.5486,2.5354,2.6677,1.5984,2.4651,13.2108,14.3725,4.2094,8.7031,0.2478,1.9249
Moody's Investors Service,Kinross Gold Corporation,BB+,2015-03-16,701818,0,1040.0,Other,KGC,3.3747,0.2527,0.3481,-58.8252,-69.7235,-69.7235,-47.7947,-77.7828,-99.0157,0.3674,3.7554,3.9554,2.2233,2.8063,-0.4463,0.1411
Moody's Investors Service,Campbell Soup Company,A-,2015-03-16,16732,1,2030.0,NoDur,CPB,0.7026,0.5833,2.5047,35.9337,15.3241,15.3241,19.0131,13.8849,10.4741,1.0191,48.2845,-38.6035,9.5402,20.1196,-0.3696,-0.3538
Fitch Ratings,Coca-Cola European Partners US LLC,BBB+,2015-03-13,1650107,1,2086.0,NoDur,CCEP,1.1699,0.6204,1.6829,34.8514,11.1301,11.1301,14.8807,9.8027,8.1223,0.8622,29.2544,-36.0931,7.0026,11.1056,-0.0949,-0.0142
Moody's Investors Service,Wabash National Corporation,BB-,2015-03-12,879526,0,3715.0,Manuf,WNC,2.0752,0.5315,1.1496,13.1519,6.3087,6.3087,8.6525,4.7456,2.8446,1.793,14.433,351.6677,5.1005,6.7618,0.7539,0.7013
Standard & Poor's Ratings Services,Brookfield Renewable Partners ULC,BBB,2015-03-06,1533232,1,4991.0,Other,BEP,0.6726,0.4476,0.8788,68.9332,35.8148,35.8148,67.1747,12.6612,4.0445,0.1005,3.1899,2.853,1.2664,1.576,1.7218,5.0045
Moody's Investors Service,"Titan International, Inc.",B-,2015-03-06,899751,0,3523.0,Manuf,TWI,2.7721,0.489,1.0075,7.4197,-5.1503,-5.1503,-0.4706,-8.0318,-6.8444,1.2673,-25.1366,-25.1366,-8.7199,-12.8451,0.2389,0.4927
Fitch Ratings,PG&E Corporation,BBB+,2015-03-06,1004980,1,4931.0,Utils,PCG,1.0792,0.4847,0.9802,61.5623,14.3359,14.3359,28.5723,10.5032,8.4026,0.2842,9.0625,9.0625,2.4116,4.6699,0.15,1.5681
Standard & Poor's Ratings Services,Pilgrim's Pride Corp.,BB,2015-03-04,802481,0,2015.0,NoDur,PPC,1.7805,0.2517,0.6112,10.0514,7.8332,7.8332,9.6228,6.8236,6.5336,2.6514,36.8292,37.6496,17.328,27.5601,2.5911,2.5071
Standard & Poor's Ratings Services,Peabody Energy Corp.,B,2015-03-03,1064728,0,1220.0,Enrgy,BTU,1.106,0.602,1.5204,18.3156,-4.6309,-4.6309,5.9241,-10.4695,-7.4839,0.4963,-7.2444,-7.2444,-2.0236,-2.8835,34.9309,12.989
Moody's Investors Service,"Sprouts Farmers Market Holdings, LLC",BB,2015-03-03,1575515,0,5411.0,Shops,SFM,1.513,0.3507,0.5939,29.8307,6.7301,6.7301,8.8146,5.8672,3.6291,2.1675,15.7125,87.4585,7.8661,10.2023,0.0252,-0.1776
Moody's Investors Service,Exxon Mobil Corporation,AAA,2015-03-03,34088,1,2911.0,Enrgy,XOM,0.8269,0.0368,0.1258,20.4801,13.1684,13.1704,17.091,13.1684,7.434,1.2637,18.5313,18.5313,9.6445,17.8498,-1.9732,-2.1872
Standard & Poor's Ratings Services,Flowserve Corp.,BBB,2015-02-27,30625,1,3561.0,Manuf,FLS,1.8984,0.362,0.5948,35.0597,16.101,16.3493,18.6101,14.9398,10.5245,0.9819,26.7495,71.3261,10.4555,17.0662,0.8881,0.9036
Moody's Investors Service,Capital Product Partners L.P.,B,2015-02-26,1392326,0,4412.0,Other,CPLP,1.8941,0.4251,0.7465,64.1894,24.0959,24.0959,62.7019,58.0085,45.7159,0.1223,16.0784,12.7307,7.0968,7.3183,0.6187,-25.1774
Standard & Poor's Ratings Services,Juniper Networks Inc.,BBB,2015-02-25,1043604,1,3576.0,BusEq,JNPR,1.8571,0.2152,0.2742,61.7709,-9.0705,-9.0705,13.3215,-1.8651,-7.2248,0.5587,-6.796,-17.8274,-4.0368,-5.3334,0.0113,0.0404
Moody's Investors Service,Mobile TeleSystems PJSC,BB+,2015-02-25,1115837,0,4812.0,Telcm,MBT,1.1068,0.5867,1.659,72.0804,24.9171,24.9171,42.797,16.7349,12.6162,0.6746,29.7814,67.915,8.6042,12.3092,-0.7813,-0.6371
Standard & Poor's Ratings Services,Macquarie Infrastructure Corporation,BBB-,2015-02-24,1289790,1,4581.0,Other,MIC,1.1451,0.4433,0.8055,45.2602,2.7281,2.7281,13.8974,75.1274,77.1348,0.2039,34.9907,7280.491,15.6868,19.4803,0.8573,1.1121
Standard & Poor's Ratings Services,AAR Corp.,B+,2015-02-24,1750,0,5080.0,Shops,AIR,1.112,0.3908,0.8135,26.9097,12.8279,12.8279,21.9944,13.0798,9.5,0.5872,13.2422,17.5714,5.6021,8.0675,2.8614,3.6719
Standard & Poor's Ratings Services,Amazon.com Inc.,A+,2015-02-23,1018724,1,5961.0,Shops,AMZN,1.1153,0.4349,0.7695,29.4826,0.2,0.2,5.5333,-0.1247,-0.2708,1.6327,-2.2437,-3.2471,-0.4422,-1.268,3.0353,-0.1491
Fitch Ratings,"iHeartCommunications, Inc.",CCC,2015-02-20,739708,0,4832.0,Telcm,CCU,1.8116,0.1049,0.174,53.4241,13.9864,13.9864,13.9864,12.8794,10.3932,0.715,11.4451,13.2363,7.4309,10.245,-0.6491,-1.3886
Fitch Ratings,JetBlue Airways Corporation,BB+,2015-02-19,1158463,0,4512.0,Other,JBLU,0.5635,0.4979,1.2113,49.2005,7.8662,7.8662,13.4902,5.1277,3.0877,0.7403,7.8725,7.8725,2.2857,3.9529,0.1782,0.5935
Moody's Investors Service,AmerisourceBergen Corporation,BBB,2015-02-17,1140859,1,5122.0,Shops,ABC,0.9739,0.5049,1.0198,2.4943,0.6541,0.6541,0.8185,0.5602,0.2293,5.553,14.3991,-18.479,1.3086,7.129,2.873,2.6098
Moody's Investors Service,Oshkosh Corporation,BB-,2015-02-17,775158,0,3711.0,Durbl,OSK,1.8179,0.3059,0.4509,17.3717,7.3926,7.3926,9.255,6.3438,4.5254,1.4843,15.5819,102.553,6.7434,10.8147,-2.9299,-3.6526
Moody's Investors Service,"Suburban Propane Partners, L.P.",BB-,2015-02-10,1005210,0,5900.0,Shops,SPH,1.3266,0.5489,1.2166,44.2411,9.8091,9.8091,16.8463,4.9156,4.876,0.7428,9.2524,-22.2234,3.6219,4.1742,0.0556,0.1336
Standard & Poor's Ratings Services,FMC Corp.,BBB+,2015-02-09,37785,1,2870.0,Chems,FMC,1.4824,0.4233,1.178,38.3588,18.8201,18.8201,21.631,16.0731,9.3366,0.598,23.6372,40.8172,7.0981,13.6307,-0.1768,-0.1163
Moody's Investors Service,Costco Wholesale Corporation,A+,2015-02-05,909832,1,5399.0,Shops,COST,1.2204,0.2892,0.407,12.5906,2.8587,2.8587,3.7722,2.8382,1.8271,3.4109,16.684,16.684,6.3227,11.8583,1.2014,1.4259
Standard & Poor's Ratings Services,D.R. Horton Inc.,BB,2015-02-04,882184,0,1531.0,Other,DHI,6.3209,0.4172,0.716,21.8856,9.8556,9.8556,10.6755,10.1459,6.6481,0.7879,10.4205,10.6171,5.2379,6.0726,1.5648,1.4503
Moody's Investors Service,Northrop Grumman Corporation,BBB,2015-02-03,1133421,1,3812.0,BusEq,NOC,1.3204,0.4502,0.8189,23.3579,13.3283,13.3283,15.255,12.2482,8.6284,0.9024,28.5971,-39.5527,7.7864,15.7219,1.6097,0.521
Standard & Poor's Ratings Services,"The Manitowoc Company, Inc.",BB-,2015-02-02,61986,0,3530.0,Manuf,MTW,1.1728,0.6365,1.8487,20.2672,4.646,4.646,7.0276,-0.885,6.2424,0.604,-0.3155,0.2388,-0.0681,-0.1147,-7.1488,-5.3824
Standard & Poor's Ratings Services,Lamar Advertising Co.,B-,2015-01-30,1090425,0,6798.0,Money,LAMR,1.2121,0.6575,1.9358,64.7826,21.6517,21.6517,42.1023,11.1437,19.6691,0.3878,25.8306,-28.2224,7.6388,8.8465,0.5834,0.5404
Standard & Poor's Ratings Services,Central Garden & Pet Co.,B,2015-01-29,887733,0,5140.0,Shops,CENT,3.8796,0.4805,0.9256,28.2994,3.5038,3.5038,5.8653,0.8643,0.5488,1.3966,2.0189,5.1629,0.8549,1.0488,3.1483,3.5008
Moody's Investors Service,Open Text Corp.,BBB-,2015-01-28,1002638,1,7370.0,BusEq,OTEX,1.2722,0.4335,0.8034,68.5639,18.4975,18.4975,30.849,17.0207,13.4256,0.4166,13.2797,-21.3123,5.5921,7.5226,0.3815,0.3041
Standard & Poor's Ratings Services,Acadia Healthcare Company Inc.,B-,2015-01-28,1520697,0,8060.0,Hlth,ACHC,1.6521,0.5444,1.2255,100.0,17.1972,17.1972,20.7673,12.5576,8.266,0.4552,9.4478,147.7236,3.7714,4.3044,0.7793,-0.1538
Moody's Investors Service,Hormel Foods Corporation,A+,2015-01-27,48465,1,2011.0,NoDur,HRL,2.234,0.0647,0.0692,16.7984,9.9999,10.1887,11.5846,9.8983,6.4691,1.7076,16.7779,33.1024,11.1083,15.6918,0.2019,0.1052
Standard & Poor's Ratings Services,Koppers Holdings Inc.,B+,2015-01-26,1315257,0,2860.0,Chems,KOP,1.8531,0.9058,10.1371,13.5884,2.1351,2.1351,4.9646,-0.3794,-2.0836,1.2018,-47.6758,12.0846,-3.0914,-4.4919,-3.915,-4.5079
Fitch Ratings,United States Cellular Corp.,BB+,2015-01-23,821130,0,4812.0,Telcm,USM,1.4928,0.2538,0.3402,49.5762,-3.6733,-3.6733,11.8931,-1.5155,-1.1045,0.6024,-1.4188,-3.1354,-0.7273,-1.0587,-1.3856,-0.1157
Moody's Investors Service,"Netflix, Inc.",B+,2015-01-22,1065280,0,7841.0,Other,NFLX,1.4746,0.3229,0.4769,31.8257,7.3147,7.3147,57.8501,6.3468,4.8468,0.7816,14.3617,14.3617,3.7884,9.7246,-0.1918,-0.226
Standard & Poor's Ratings Services,Apache Corp.,A,2015-01-20,6769,1,1311.0,Enrgy,APA,1.7508,0.2855,0.3997,97.6203,-59.5363,-59.5363,-20.0837,-59.5363,-72.8731,0.205,-22.4331,-22.4331,-11.2811,-16.0276,-3.5027,-8.0502
Standard & Poor's Ratings Services,General Cable Corp.,B+,2015-01-16,886035,0,3350.0,Manuf,BGC,1.3998,0.5484,1.2144,98.9188,-0.9653,-0.9653,3.3197,-0.769,-0.1704,0.6505,-2.4768,-8.9315,-0.5239,-1.1185,0.1289,0.151
Standard & Poor's Ratings Services,Southwestern Energy Co.,BBB-,2015-01-12,7332,1,4923.0,Utils,SWN,0.2054,0.346,1.4944,75.7306,34.002,34.002,57.578,35.8841,22.8826,0.2706,19.8198,19.8198,6.191,12.963,1.1886,1.6057
Standard & Poor's Ratings Services,Open Text Corporation,BB,2015-01-05,1002638,0,7370.0,BusEq,OTEX,1.2722,0.4335,0.8034,68.5639,18.4975,18.4975,30.849,17.0207,13.4256,0.4166,13.2797,-21.3123,5.5921,7.5226,0.3815,0.3041
Fitch Ratings,"Hovnanian Enterprises, Inc.",B-,2014-12-31,357294,0,1531.0,Other,HOV,1.8857,1.1112,-15.7472,17.7185,5.1112,5.1112,5.7769,0.978,14.5411,0.9011,-121.3538,-260.7355,13.4128,28.9873,-30.7587,-32.1013
Standard & Poor's Ratings Services,"Information Resources, Inc.",B,2014-12-22,1371489,0,7374.0,BusEq,III,2.43,0.0379,0.133,34.0472,7.614,7.614,8.41,7.1136,4.5023,2.0679,14.6365,20.5725,9.1951,14.0819,0.6837,0.2683
Standard & Poor's Ratings Services,Occidental Petroleum Corp.,A,2014-12-18,797468,1,1311.0,Enrgy,OXY,1.3425,0.1379,0.16,67.7888,38.4284,39.6133,60.4512,38.4284,29.2018,0.2905,11.3714,11.3714,7.1022,9.803,1.9318,2.5091
Moody's Investors Service,Iron Mountain Incorporated,B,2014-12-18,1020569,0,6798.0,Money,IRM,0.9634,0.7966,3.9665,57.3872,16.1755,16.1755,27.0626,5.2857,3.1892,0.4546,9.4283,-4.916,1.4905,1.9177,0.1631,0.0489
Standard & Poor's Ratings Services,Martin Midstream Partners L.P.,B-,2014-12-18,1176334,0,5172.0,Shops,MMLP,1.6846,0.7167,2.5294,20.5025,5.0513,5.0513,8.4596,-0.8562,-0.809,1.4689,-5.5918,-6.1543,-1.3263,-1.5844,2.8255,3.568
Fitch Ratings,"Caesars Entertainment Operating Company, Inc.",CCC,2014-12-16,1590895,0,7990.0,Other,CZR,1.5679,0.6898,2.2595,43.8536,9.1356,9.1356,16.3711,7.6449,7.6449,0.9149,25.0043,34.3576,6.9942,7.7571,-0.2071,-0.1309
Standard & Poor's Ratings Services,Sony Corp.,BBB-,2014-12-15,313838,1,3600.0,Manuf,SONY,0.879,0.2478,0.7212,33.8242,0.3411,0.3411,5.1909,0.3314,-1.6527,0.5065,-2.4735,-4.8628,-0.449,-1.8607,1.6829,0.6959
Moody's Investors Service,"Cummins, Inc.",A,2014-12-08,26172,1,3510.0,Manuf,CMI,2.565,0.1752,0.2211,24.7385,12.1438,12.1438,14.4963,12.2479,8.5718,1.1747,20.1779,22.5184,10.7822,16.6422,3.069,3.1
Moody's Investors Service,Atmos Energy Corporation,A,2014-12-05,731802,1,4924.0,Utils,ATO,0.852,0.4431,0.8595,32.027,12.3732,12.3732,17.5137,9.6504,5.8513,0.5749,9.3906,12.3631,3.372,5.2293,0.8223,-0.0786
Standard & Poor's Ratings Services,Becton Dickinson & Co.,BBB,2014-12-04,10795,1,3841.0,Hlth,BDX,2.7432,0.4272,0.7859,50.9235,19.0149,19.0149,25.669,18.0204,14.0303,0.6786,23.4514,36.9966,9.5204,13.4339,0.2114,-0.1396
Standard & Poor's Ratings Services,NextEra Energy Inc.,BBB+,2014-12-04,753308,1,4911.0,Utils,NEE,0.5898,0.5906,1.7027,64.0783,22.9798,22.9798,35.4447,18.259,13.4049,0.2212,11.8932,11.8932,2.9656,4.8694,-0.0501,-2.4561
Moody's Investors Service,"Amazon.com, Inc.",BBB+,2014-12-04,1018724,1,5961.0,Shops,AMZN,1.0716,0.2467,0.3274,27.2269,1.0006,1.0006,5.3699,0.6796,0.368,1.8539,2.8114,3.8641,0.6823,2.118,2.5468,3.4957
Moody's Investors Service,Takeda Pharmaceutical Company Limited,A+,2014-12-03,1395064,1,2834.0,Hlth,TAK,1.9838,0.2171,0.3385,71.0193,8.2328,8.2328,20.9859,9.3901,6.3048,0.3702,4.3123,18.5578,2.3978,3.376,-1.4192,-1.1143
Egan-Jones Ratings Company,AMERICAN STATES WATER COMPANY,AA-,2014-12-01,1056903,1,4941.0,Utils,AWR,1.899,0.3984,0.675,79.3718,25.223,25.223,33.901,20.8587,13.2021,0.3603,12.7306,12.7595,4.7845,7.6588,0.8389,0.1121
Moody's Investors Service,GlaxoSmithKline Capital Plc,A,2014-11-28,1131399,1,2834.0,Hlth,GSK,0.9911,0.685,2.7126,70.1336,27.9672,27.9672,32.0722,25.3187,17.9486,0.6373,82.0514,-71.2209,13.3478,25.8474,-1.1095,-1.226
Standard & Poor's Ratings Services,GlaxoSmithKline Capital PLC,A+,2014-11-25,1131399,1,2834.0,Hlth,GSK,0.9911,0.685,2.7126,70.1336,27.9672,27.9672,32.0722,25.3187,17.9486,0.6373,82.0514,-71.2209,13.3478,25.8474,-1.1095,-1.226
Moody's Investors Service,Scientific Games Corporation,CCC+,2014-11-25,750004,0,3570.0,BusEq,SGMS,2.12,0.894,8.5136,45.7604,-1.6775,-1.6775,16.931,-13.1359,-2.7684,0.2575,-6.8267,1.6382,-0.6043,-0.7237,0.2719,-0.4229
Moody's Investors Service,Seagate Technology HDD Holdings,BBB-,2014-11-24,1137789,1,3572.0,BusEq,STX,2.4091,0.5806,1.3842,28.0239,12.9408,12.9408,19.3457,11.3378,11.4398,1.4458,55.4379,81.095,16.5403,23.2524,-0.6046,-0.2253
Standard & Poor's Ratings Services,Telephone and Data Systems Inc.,BB,2014-11-24,1051512,0,4812.0,Telcm,TDS,1.7515,0.2692,0.3687,54.5968,4.802,4.802,25.5739,5.9753,2.8947,0.5504,3.5727,7.1351,1.8735,2.6106,-5.6129,-4.5728
Standard & Poor's Ratings Services,GameStop Corp.,BB+,2014-11-21,1326380,0,5734.0,Shops,GME,1.1295,0.0007,0.0018,29.4386,6.3444,6.3444,8.2162,6.2924,3.9184,2.2094,15.7324,55.137,8.6572,15.7213,1.6142,1.6578
Moody's Investors Service,Trimble Inc.,BBB,2014-11-19,864749,1,3829.0,BusEq,TRMB,1.741,0.3133,0.4762,51.2803,10.4194,10.4194,17.7425,11.2457,9.3652,0.5881,9.9145,-34.7088,5.4687,6.8082,0.369,0.2507
Moody's Investors Service,"Penske Automotive Group, Inc.",B+,2014-11-18,1019849,0,5500.0,Shops,PAG,1.0329,0.4106,2.3193,15.3116,2.8297,2.8297,3.2342,2.2538,1.4377,2.3987,14.9054,288.5294,3.6475,8.7848,2.1064,1.8967
Standard & Poor's Ratings Services,Meritor Inc.,B,2014-11-18,1113256,0,3714.0,Durbl,MTOR,1.2447,2.6116,-1.6325,12.9315,5.7621,5.7621,7.5412,8.3643,6.6118,1.5155,-48.547,-27.9528,11.4286,78.2369,3.156,2.9359
Standard & Poor's Ratings Services,Equinix Inc.,BB,2014-11-17,1101239,0,6798.0,Money,EQIX,1.1658,0.5599,1.3014,49.9508,20.8171,20.8171,43.1732,9.9939,7.4192,0.3076,5.6218,12.1627,2.1197,2.4741,-0.0644,-0.3992
Standard & Poor's Ratings Services,Albemarle Corp.,BBB-,2014-11-14,915913,1,2810.0,Chems,ALB,3.6553,0.2622,0.3619,35.6804,15.8697,15.8697,19.8004,14.6165,12.3667,0.7329,16.8657,20.8798,9.4797,12.4435,0.1127,-0.9299
Standard & Poor's Ratings Services,Kohl's Corp.,BBB,2014-11-13,885639,1,5311.0,Shops,KSS,1.9268,0.4413,0.8131,36.4878,9.1535,9.1535,13.8248,7.3774,4.6713,1.3256,14.8712,14.8712,6.1921,8.3084,3.226,3.6156
Moody's Investors Service,Methanex Corporation,BBB-,2014-11-12,886977,1,2860.0,Chems,MEOH,3.3021,0.4465,0.8427,18.1694,11.7488,11.7488,18.1698,-4.4254,-1.2933,0.7541,11.2264,11.2263,4.6802,6.2142,-0.1957,-0.2812
Fitch Ratings,Bio-Rad Laboratories Inc.,BBB-,2014-11-10,12208,1,3826.0,BusEq,BIO,3.6053,0.1661,0.2,55.2577,7.9456,7.9456,7.9456,5.2696,3.6475,0.6293,3.5583,5.547,2.2961,2.9672,-3.4526,-2.3332
Moody's Investors Service,Eastman Chemical Company,BBB,2014-11-10,915389,1,2821.0,Chems,EMN,1.9787,0.6121,1.5796,21.7477,9.8741,9.8741,14.3175,8.0104,5.3937,0.6919,14.6301,-30.2389,3.7831,5.6744,3.1978,3.302
Standard & Poor's Ratings Services,Methanex Corp.,BBB-,2014-11-07,886977,1,2860.0,Chems,MEOH,3.3021,0.4465,0.8427,18.1694,11.7488,11.7488,18.1698,-4.4254,-1.2933,0.7541,11.2264,11.2263,4.6802,6.2142,-0.1957,-0.2812
Moody's Investors Service,"Cardinal Health, Inc.",BBB,2014-11-07,721371,1,5122.0,Shops,CAH,1.1868,0.3313,0.6205,5.6662,2.0695,2.0695,2.5734,1.974,1.2801,3.4988,18.169,219.0207,4.4674,12.15,2.2956,2.1407
Moody's Investors Service,"Texas Gas Transmission, LLC",BBB,2014-11-05,97476,1,3674.0,BusEq,TXN,2.9192,0.2778,0.4773,52.1426,23.2036,23.2036,33.8304,22.5645,17.4109,0.6445,20.0056,51.208,11.4162,14.447,0.0613,0.142
Moody's Investors Service,"Charter Communications, Inc.",B+,2014-10-31,1091667,0,4841.0,Telcm,CHTR,0.2195,0.9895,93.9139,34.4574,11.1465,11.1465,33.8811,-0.6009,-2.0723,0.4715,-111.9205,2.0062,-0.9772,-1.1792,2.5946,2.1591
Standard & Poor's Ratings Services,Charter Communications Inc.,B+,2014-10-29,1091667,0,4841.0,Telcm,CHTR,0.2195,0.9895,93.9139,34.4574,11.1465,11.1465,33.8811,-0.6009,-2.0723,0.4715,-111.9205,2.0062,-0.9772,-1.1792,2.5946,2.1591
Standard & Poor's Ratings Services,Constellation Brands Inc.,BB+,2014-10-14,16918,0,2082.0,NoDur,STZ,1.3562,0.5613,1.4094,40.9167,50.0791,50.0791,59.6894,45.2431,39.9182,0.3403,39.0079,-44.1955,13.5861,17.1129,1.1363,0.4156
Moody's Investors Service,"Crown Holdings, Inc.",BB,2014-10-07,1219601,0,3411.0,Manuf,CCK,1.089,0.9231,13.2941,15.5037,9.8313,9.8313,11.3794,6.6543,3.7431,1.078,148.0969,-24.4432,5.33,11.389,2.1076,2.5216
Moody's Investors Service,LyondellBasell Investment LLC,BBB+,2014-10-07,1489393,1,2820.0,Chems,LYB,2.4109,0.278,0.3936,12.694,10.3105,10.3105,12.6058,9.2278,6.2732,1.8725,25.5658,29.9267,11.8002,18.459,3.2964,3.1708
Moody's Investors Service,FMC Corporation,BBB,2014-10-06,37785,1,2870.0,Chems,FMC,1.9215,0.3689,0.6203,37.1946,19.549,19.549,22.9479,17.5284,12.147,0.7796,29.7916,43.2291,10.5901,18.8018,-0.0694,-0.2407
Fitch Ratings,"Johnson (S.C.) & Son, Inc.",A-,2014-10-01,200406,1,2834.0,Hlth,JNJ,2.197,0.1525,0.2455,68.6701,21.6948,22.4745,28.2295,21.6948,19.3951,0.5375,18.6772,59.3401,10.4241,15.8284,0.5789,-0.0048
Moody's Investors Service,"Asbury Automotive Group, Inc.",B+,2014-09-26,1144980,0,5500.0,Shops,ABG,1.2649,0.5339,2.539,16.4548,4.0049,4.0049,4.6921,2.8717,1.7709,2.7939,20.6802,22.2489,5.0138,9.639,4.9012,1.3658
Moody's Investors Service,"Mueller Water Products, Inc.",BB-,2014-09-22,1350593,0,3490.0,Manuf,MWA,3.1098,0.6462,1.8306,27.9443,8.6813,8.6813,13.9632,3.9436,3.6403,0.8743,10.7861,-15.7403,2.7615,3.8159,0.2211,0.1952
Egan-Jones Ratings Company,"CONAGRA BRANDS, INC",BBB,2014-09-22,23217,1,2000.0,NoDur,CAG,1.6011,0.6195,1.6706,24.7284,9.7016,9.7016,12.697,6.5128,2.5604,0.6128,11.6746,-11.0105,3.2361,4.4417,0.2875,0.2714
Fitch Ratings,Sanofi SA,AA-,2014-09-22,1121404,1,2834.0,Hlth,SNY,1.7133,0.1544,0.2559,67.0029,18.5522,18.5522,35.2729,13.8203,11.1602,0.3467,6.7966,86.3991,4.0337,5.7469,-0.5028,-0.3868
"Japan Credit Rating Agency,Ltd.",SONY CORPORATION,A,2014-09-17,313838,1,3600.0,Manuf,SONY,0.879,0.2478,0.7212,33.8242,0.3411,0.3411,5.1909,0.3314,-1.6527,0.5065,-2.4735,-4.8628,-0.449,-1.8607,1.6829,0.6959
Moody's Investors Service,Humana Inc.,BBB-,2014-09-16,49071,1,6324.0,Money,HUM,1.9453,0.2182,0.3223,21.1774,4.9887,4.9887,6.0199,4.6499,2.9797,1.9924,13.2138,22.0491,5.9368,10.3307,-0.9824,-1.2199
Standard & Poor's Ratings Services,Ross Stores Inc.,A-,2014-09-15,745732,1,5651.0,Shops,ROST,1.3403,0.0695,0.0747,28.0482,13.1282,13.1282,15.1429,13.1306,8.1845,2.6253,41.7129,41.7129,21.487,38.8126,0.1693,-0.1537
Moody's Investors Service,Amphenol Corporation,BBB+,2014-09-09,820313,1,3678.0,BusEq,APH,1.9614,0.332,0.7405,31.4387,19.4336,19.4336,22.3915,18.3457,13.7755,0.7482,22.1763,158.841,10.3551,14.8139,0.1563,0.1074
"Japan Credit Rating Agency,Ltd.",Global One Real Estate Investment Corporation,AA-,2014-09-04,1512077,1,4899.0,Telcm,ENT,3.1561,0.0507,0.1027,54.548,-100.1952,-100.1952,-97.3789,-102.4427,-102.4427,0.8524,23.9751,-129.8805,-87.3259,-123.2902,3.0903,4.185
Standard & Poor's Ratings Services,Steel Dynamics Inc.,BB+,2014-09-04,1022671,0,3312.0,Manuf,STLD,3.7663,0.4774,0.9261,9.8748,5.3656,5.3656,8.4549,2.7992,2.2434,1.2536,5.9836,11.637,2.4466,3.1267,-0.1773,-0.4143
Moody's Investors Service,Consolidated Communications Finance II Co.,B-,2014-09-04,1304421,0,4813.0,Telcm,CNSL,0.7453,0.8884,8.0208,63.0219,17.2315,17.2315,40.7502,7.8919,5.1217,0.3443,19.6693,-6.1003,1.7148,2.196,0.5775,0.0812
Standard & Poor's Ratings Services,Scientific Games International Inc.,B-,2014-09-03,750004,0,3570.0,BusEq,SGMS,2.12,0.894,8.5136,45.7604,-1.6775,-1.6775,16.931,-13.1359,-2.7684,0.2575,-6.8267,1.6382,-0.6043,-0.7237,0.2719,-0.4229
Standard & Poor's Ratings Services,Hess Corp,BBB,2014-08-26,4447,1,1311.0,Enrgy,HES,1.0006,0.2567,0.3825,89.1139,25.0388,25.0388,48.4443,27.2519,16.5374,0.2819,8.5271,9.5183,4.162,6.3379,1.9693,0.8514
Moody's Investors Service,"EMCOR Group, Inc.",BB+,2014-08-26,105634,0,1731.0,Other,EME,1.4861,0.1848,0.2397,12.973,3.7949,3.7949,4.8581,3.6742,1.9546,1.8274,10.1663,145.6119,4.3401,8.288,-0.518,-0.4826
Standard & Poor's Ratings Services,Quest Diagnostics Inc.,BBB+,2014-08-22,1022079,1,8071.0,Hlth,DGX,1.4895,0.4448,0.8036,40.8777,16.2671,16.2671,20.1544,14.4657,7.5308,0.7952,15.9102,-29.973,7.1736,8.8329,1.825,1.6938
Standard & Poor's Ratings Services,Edgewell Personal Care,BBB-,2014-08-18,1096752,1,3420.0,Manuf,ENR,2.2268,0.4489,0.912,44.8216,11.5893,11.5893,14.3674,8.0509,5.7102,0.2996,4.6829,-13.3963,1.7105,2.5806,-4.3144,-3.1888
Egan-Jones Ratings Company,ENERGIZER HOLDINGS INC,BBB,2014-08-12,1632790,1,3690.0,BusEq,ENR,2.2268,0.4489,0.912,44.8216,11.5893,11.5893,14.3674,8.0509,5.7102,0.2996,4.6829,-13.3963,1.7105,2.5806,-4.3144,-3.1888
Standard & Poor's Ratings Services,Darden Restaurants Inc.,BBB,2014-08-08,940944,1,5812.0,Shops,DRI,1.2208,0.5332,1.2453,20.6042,4.9144,4.9144,9.9768,2.7778,4.5533,0.8875,8.4937,25.8101,2.5866,3.9651,-0.347,0.4457
Moody's Investors Service,"Jazz Pharmaceuticals, Inc.",BB,2014-08-07,1232524,0,2834.0,Hlth,JAZZ,4.2377,0.2959,0.4245,88.2917,39.0077,39.0077,48.9433,35.2982,24.7944,0.3898,16.6967,661.8713,9.6645,11.7565,0.5357,0.4728
Standard & Poor's Ratings Services,Tyson Foods Inc.,BBB-,2014-07-31,100493,1,2011.0,NoDur,TSN,1.8618,0.2331,0.3863,6.8598,4.0001,4.0001,5.51,3.6568,2.2633,2.8229,13.605,20.2242,6.9639,10.4331,0.3723,0.7167
Moody's Investors Service,Clearwater Paper Corporation,BB,2014-07-24,1441236,0,2670.0,Manuf,CLW,2.8853,0.5179,1.0742,11.5597,5.2559,5.2559,10.0327,2.0231,5.6595,1.0831,17.6758,31.9476,6.1298,8.5217,-2.2896,2.2269
Standard & Poor's Ratings Services,Analog Devices Inc.,A-,2014-07-22,6281,1,3674.0,BusEq,ADI,9.5921,0.1554,0.184,64.2601,28.5939,28.5939,32.7864,30.9575,25.572,0.4127,14.2099,15.2135,10.5533,12.0012,0.245,0.2847
Standard & Poor's Ratings Services,NetApp Inc.,BBB+,2014-07-21,1002047,1,3572.0,BusEq,NTAP,2.4016,0.2073,0.2615,61.9605,11.6047,11.6047,16.8854,11.7154,10.087,0.6865,16.8493,23.8335,6.9244,13.3568,0.1122,0.3014
Standard & Poor's Ratings Services,American States Water Co.,A+,2014-07-21,1056903,1,4941.0,Utils,AWR,1.899,0.3984,0.675,79.3718,25.223,25.223,33.901,20.8587,13.2021,0.3603,12.7306,12.7595,4.7845,7.6588,0.8389,0.1121
Moody's Investors Service,"Avis Budget Group, Inc",BB-,2014-07-18,723612,0,7510.0,Other,CAR,1.2398,0.9324,13.9183,48.6708,8.9202,12.2464,35.8196,1.2221,0.2016,0.4874,2.0752,-1.898,0.0983,0.1402,4.6899,4.411
Moody's Investors Service,"Bio-Rad Laboratories, Inc.",BBB-,2014-07-17,12208,1,3826.0,BusEq,BIO,3.6053,0.1661,0.2,55.2577,7.9456,7.9456,7.9456,5.2696,3.6475,0.6293,3.5583,5.547,2.2961,2.9672,-3.4526,-2.3332
Moody's Investors Service,General Cable Corporation,CCC+,2014-07-15,886035,0,3350.0,Manuf,BGC,1.2192,0.3675,0.584,98.7089,15.7191,15.7191,29.8915,15.2392,4.0645,0.8392,24.7251,33.3357,8.3562,15.6381,0.0173,0.055
Fitch Ratings,"Telephone and Data Systems, Inc.",BB+,2014-07-14,1051512,0,4812.0,Telcm,TDS,1.7515,0.2692,0.3687,54.5968,4.802,4.802,25.5739,5.9753,2.8947,0.5504,3.5727,7.1351,1.8735,2.6106,-5.6129,-4.5728
Moody's Investors Service,Wausau Paper Corp.,B,2014-07-02,105076,0,2621.0,Manuf,WPP,0.9981,0.3097,0.5687,91.4396,12.7983,12.7983,16.7713,11.7593,8.4986,0.4407,12.8987,-62.2333,4.0475,8.9038,2.5818,2.2167
Fitch Ratings,"Martin Marietta Materials, Inc.",BBB-,2014-07-01,916076,1,1400.0,Other,MLM,4.0407,0.4181,0.7225,16.0999,7.6859,7.6859,16.4074,5.1248,4.1574,0.6428,5.978,11.0633,2.7428,3.4784,-0.8137,-0.7062
Standard & Poor's Ratings Services,American Axle & Manufacturing Holdings Inc.,B,2014-07-01,1062231,0,3714.0,Durbl,AXL,1.5125,0.9747,38.4963,14.9253,7.4923,7.4923,13.0109,2.6907,2.8872,1.0594,233.3334,-81.5358,3.1214,5.9077,5.3046,4.8755
"Japan Credit Rating Agency,Ltd.",SONY CORP.,A,2014-06-20,313838,1,3600.0,Manuf,SONY,0.879,0.2478,0.7212,33.8242,0.3411,0.3411,5.1909,0.3314,-1.6527,0.5065,-2.4735,-4.8628,-0.449,-1.8607,1.6829,0.6959
Standard & Poor's Ratings Services,Verint Systems Inc.,BBB-,2014-06-19,1166388,1,7373.0,BusEq,VRNT,1.6794,0.5011,1.0146,66.227,13.4781,13.4781,19.6468,6.9785,5.9058,0.5118,9.2836,-16.6449,3.3152,4.6319,0.2482,0.3278
Fitch Ratings,"MDU Resources Group, Inc.",A-,2014-06-18,67716,1,4932.0,Utils,MDU,1.327,0.3782,0.6696,87.7903,0.4713,0.4713,9.2852,-1.1156,-0.0353,0.6099,-0.5439,-0.7178,-0.2143,-0.3362,-0.2206,-2.2123
Moody's Investors Service,"SBA Telecommunications, Inc.",B-,2014-06-17,1034054,0,6798.0,Money,SBAC,0.4596,0.9379,16.4627,68.713,17.5991,17.5991,61.4897,-4.385,-4.2847,0.1924,-15.6623,1.845,-0.8242,-0.972,1.0601,0.6799
Moody's Investors Service,Louisiana-Pacific Corporation,BB-,2014-06-03,60519,0,2400.0,Other,LPX,6.2226,0.3835,0.6238,21.4991,9.7257,9.7257,14.1042,9.9079,8.4932,0.8363,14.4663,14.5816,7.1151,8.9191,0.8965,0.6426
Standard & Poor's Ratings Services,California Water Service Co.,A-,2014-06-02,1035201,1,4941.0,Utils,CWT,0.8374,0.4158,0.8031,61.2978,12.6699,12.6699,23.1699,8.09,8.09,0.298,7.892,7.9267,2.4111,4.6106,-0.4737,-0.0776
Moody's Investors Service,"NetApp, Inc.",BBB+,2014-06-02,1002047,1,3572.0,BusEq,NTAP,2.4016,0.2073,0.2615,61.9605,11.6047,11.6047,16.8854,11.7154,10.087,0.6865,16.8493,23.8335,6.9244,13.3568,0.1122,0.3014
Moody's Investors Service,"Cedar Fair, L.P.",B+,2014-05-29,811532,0,7996.0,Other,FUN,1.1744,0.9162,10.9295,91.9113,26.5969,26.5969,37.3928,11.3212,9.5369,0.5632,77.7713,-78.1657,5.3709,6.5192,0.6965,0.2605
Standard & Poor's Ratings Services,Trinity Industries Inc.,BB+,2014-05-29,99780,0,3743.0,Manuf,TRN,2.2529,0.521,1.0876,23.893,17.7055,17.7055,22.5506,13.5271,8.6019,0.5969,14.0446,15.6259,5.2794,6.7278,0.9305,-0.9094
Moody's Investors Service,"Scientific Games International, Inc.",B-,2014-05-20,750004,0,3570.0,BusEq,SGMS,2.12,0.894,8.5136,45.7604,-1.6775,-1.6775,16.931,-13.1359,-2.7684,0.2575,-6.8267,1.6382,-0.6043,-0.7237,0.2719,-0.4229
Moody's Investors Service,"Hanesbrands, Inc.",BB,2014-05-20,1359841,0,2300.0,NoDur,HBI,2.2453,0.5438,1.3692,34.8263,11.1324,11.1324,13.246,8.5527,7.1415,1.1315,26.8558,145.9264,8.0804,12.2513,0.0714,0.0804
Egan-Jones Ratings Company,SUNPOWER CORPORATION,B-,2014-05-16,867773,0,3674.0,BusEq,SPWR,2.0156,0.4505,0.8345,10.1923,-11.9011,-11.9011,-7.0295,-13.6365,-14.5613,0.7236,-35.4376,-35.7107,-10.5365,-19.474,1.2118,0.4952
Standard & Poor's Ratings Services,Gap Inc. (The),BBB-,2014-05-16,39911,1,5651.0,Shops,GPS,1.8119,0.309,0.4553,38.9708,13.3082,13.3082,16.2187,12.9614,7.9267,2.0573,41.8027,41.8027,16.3078,28.8874,-0.3162,-0.4005
Egan-Jones Ratings Company,TRANSALTA CORP,BB+,2014-05-15,1144800,0,4911.0,Utils,TAC,0.8768,0.5468,1.2699,59.5987,13.0019,13.0019,38.5252,-0.5233,-0.1743,0.2343,4.2249,4.2281,1.141,1.4779,0.6028,1.5679
Standard & Poor's Ratings Services,Nokia Corp.,BB,2014-05-15,924613,0,3663.0,BusEq,NOK,1.4255,0.35,0.5874,27.8035,-7.6319,-7.6319,-7.6319,-8.7619,-12.5563,1.0076,-7.1022,-17.0985,-2.2403,-4.6164,-0.5496,-0.4065
Fitch Ratings,Corning Inc.,BBB+,2014-05-14,24741,1,3679.0,BusEq,GLW,5.0922,0.1336,0.1552,42.5118,17.5342,17.5342,30.3492,31.6281,25.0799,0.2746,9.2452,9.97,6.886,8.0096,-0.2225,0.2764
Moody's Investors Service,"Sonic Automotive, Inc.",B,2014-05-14,1043509,0,5500.0,Shops,SAH,1.057,0.537,3.4349,14.7649,2.8737,2.8737,3.511,1.6883,1.0486,3.0127,17.332,5070.262,3.2866,8.0241,-3.4622,-2.6189
Standard & Poor's Ratings Services,"Autodesk, Inc.",BBB,2014-05-13,769397,1,7370.0,BusEq,ADSK,2.6458,0.2481,0.33,87.937,12.5247,12.5247,18.1934,12.3093,10.062,0.4949,10.1172,19.2512,4.9793,7.6066,0.0413,0.0051
Fitch Ratings,Nokia Corporation,BB,2014-05-13,924613,0,3663.0,BusEq,NOK,1.4255,0.35,0.5874,27.8035,-7.6319,-7.6319,-7.6319,-8.7619,-12.5563,1.0076,-7.1022,-17.0985,-2.2403,-4.6164,-0.5496,-0.4065
Egan-Jones Ratings Company,"STEEL DYNAMICS, INC",B+,2014-05-12,1022671,0,3312.0,Manuf,STLD,3.7663,0.4774,0.9261,9.8748,5.3656,5.3656,8.4549,2.7992,2.2434,1.2536,5.9836,11.637,2.4466,3.1267,-0.1773,-0.4143
Moody's Investors Service,"Hasbro, Inc.",BBB,2014-05-08,46080,1,3944.0,NoDur,HAS,2.6115,0.4809,1.0752,59.1101,13.4944,13.4944,18.1921,11.0884,8.2172,0.9453,22.2903,54.5634,7.7681,11.571,1.0942,0.9872
Moody's Investors Service,Green Plains Inc.,B,2014-05-07,1309402,0,2860.0,Chems,GPRE,1.3137,0.425,1.3522,2.7833,1.8662,1.8662,3.4776,0.7235,0.3388,2.576,2.3982,2.6162,0.8715,1.3789,-3.055,0.9462
Fitch Ratings,ABB Ltd,A-,2014-05-02,1091587,1,3613.0,Manuf,ABB,1.4758,0.3016,0.5773,28.9252,10.3163,10.3163,13.3211,9.757,6.8741,0.8016,16.0954,75.5042,5.7224,11.241,0.07,-0.0551
Standard & Poor's Ratings Services,Great Plains Energy Inc.,BBB,2014-05-01,1143068,1,4911.0,Utils,GXP,0.9964,0.5002,1.0533,70.625,23.2678,23.2678,38.3927,15.5173,10.1623,0.2497,7.2012,7.4812,2.5543,3.5595,0.5445,0.3373
Moody's Investors Service,Express LLC,B+,2014-04-25,1483510,0,5600.0,Shops,EXPR,1.95,0.2956,0.4197,32.3419,9.6551,9.6551,12.801,8.7046,5.2516,1.8764,24.5568,42.1088,9.8539,17.2974,-0.7956,-0.8914
Egan-Jones Ratings Company,TRANSALTA CORPORATION,BB+,2014-04-24,1144800,0,4911.0,Utils,TAC,0.8768,0.5468,1.2699,59.5987,13.0019,13.0019,38.5252,-0.5233,-0.1743,0.2343,4.2249,4.2281,1.141,1.4779,0.6028,1.5679
Fitch Ratings,"BorgWarner, Inc.",BBB+,2014-04-15,908255,1,3714.0,Durbl,BWA,1.7233,0.2194,0.3366,20.9437,11.4999,11.4999,15.5259,11.6895,8.395,1.0751,17.922,26.7307,9.4116,13.9898,-0.5125,-0.6404
Standard & Poor's Ratings Services,Worthington Industries Inc.,BBB,2014-04-10,108516,1,3310.0,Manuf,WOR,1.9311,0.3178,0.5974,15.184,4.9437,4.9437,7.4882,7.706,5.2232,1.339,15.6878,26.7656,7.0141,10.703,1.356,1.1822
Standard & Poor's Ratings Services,Caesars Entertainment Resort Properties Finance Inc.,CCC+,2014-04-08,1590895,0,7990.0,Other,CZR,1.5679,0.6898,2.2595,43.8536,9.1356,9.1356,16.3711,7.6449,7.6449,0.9149,25.0043,34.3576,6.9942,7.7571,-0.2071,-0.1309
Fitch Ratings,Amcor Limited,BBB+,2014-04-07,1748790,1,2670.0,Manuf,AMCR,2.4996,0.4576,0.8525,19.555,7.8229,7.8229,12.0739,6.4714,4.7491,1.0891,11.4257,43.552,4.6835,6.1973,-0.0908,-0.0802
Egan-Jones Ratings Company,"SINCLAIR BROADCAST GROUP, INC.",BB,2014-04-04,912752,0,4833.0,Telcm,SBGI,2.0324,0.8804,7.4785,65.9611,23.7703,23.7703,40.0783,7.7401,5.3897,0.3287,15.8389,-2.9167,1.5494,1.895,-1.2095,2.641
Moody's Investors Service,"Cogent Communications Finance, Inc.",CCC+,2014-04-01,1158324,0,4813.0,Telcm,CCOI,2.4655,0.6728,2.5638,56.8293,13.2634,13.2634,33.5072,2.0079,16.2909,0.4608,29.2979,29.2979,7.5075,9.5849,-0.0148,-0.084
Moody's Investors Service,GlaxoSmithKline plc,A+,2014-03-26,1131399,1,2834.0,Hlth,GSK,0.9911,0.685,2.7126,70.1336,27.9672,27.9672,32.0722,25.3187,17.9486,0.6373,82.0514,-71.2209,13.3478,25.8474,-1.1095,-1.226
Standard & Poor's Ratings Services,Mosaic Co. (The),BBB,2014-03-25,1285785,1,2870.0,Chems,MOS,2.482,0.21,0.2678,17.3797,8.7476,8.7476,17.3042,10.1597,7.134,0.2437,3.0255,3.5953,1.7516,2.3902,-2.2432,-0.4184
Standard & Poor's Ratings Services,IDEX Corp.,BBB-,2014-03-21,832101,1,3561.0,Manuf,IEX,3.026,0.3472,0.5369,41.1256,6.561,6.561,10.6544,4.4111,1.9255,0.7016,2.5686,-18.9953,1.351,1.6767,1.2995,1.141
Moody's Investors Service,"Lee Enterprises, Incorporated",B,2014-03-18,58361,0,2711.0,NoDur,LEE,0.9751,1.2609,-4.9181,55.9865,-8.457,-8.457,25.7503,-20.5412,-11.555,0.8189,45.0692,11.6653,-9.2398,-11.7569,1.1289,2.0724
Standard & Poor's Ratings Services,Dana Incorporated,BB+,2014-03-13,26780,0,3714.0,Durbl,DAN,2.4961,0.5258,1.1493,13.5914,6.4411,6.4411,10.3856,5.4365,-0.1921,1.3198,25.0721,24.1667,5.0887,8.7584,2.3624,1.7054
Moody's Investors Service,"KAR Auction Services, Inc",BB-,2014-03-13,1395942,0,7389.0,Other,KAR,1.2288,0.5514,1.2595,44.6318,13.5989,13.5989,23.6478,7.7213,4.6857,0.3989,6.3725,-7.931,1.869,2.8587,-0.1314,-0.2037
Moody's Investors Service,Phibro Animal Health Corporation,B-,2014-03-11,1069899,0,2833.0,Hlth,PAHC,2.5682,1.2324,-5.3034,27.4001,8.6857,8.6857,11.8931,2.7326,3.8109,1.3775,-36.1064,-23.9123,5.2497,8.3921,-1.003,-1.1712
Egan-Jones Ratings Company,"CORECIVIC, INC.",BBB,2014-03-07,1070985,1,6798.0,Money,CXW,2.1071,0.4221,0.7305,29.3914,17.6722,17.6722,24.5325,14.1837,9.0947,0.5794,10.3157,10.3919,5.2766,5.9611,-0.5116,-0.5415
DBRS,McKesson Canada,A-,2014-03-05,927653,1,5122.0,Shops,MCK,1.0849,0.39,0.6893,5.6311,1.9207,1.9207,2.3962,1.5958,1.095,3.5128,19.2786,-84.9221,3.9182,11.7591,-1.3639,-1.4518
Standard & Poor's Ratings Services,NVR Inc.,BBB,2014-03-04,906163,1,1531.0,Other,NVR,4.8434,0.288,0.4046,19.1233,8.874,9.0154,9.2698,8.6376,5.6706,1.2226,12.198,12.6966,6.9328,8.6843,51.1565,50.7553
Egan-Jones Ratings Company,GENERAL CABLE CORPORATION,BB,2014-03-03,886035,0,3350.0,Manuf,BGC,1.2192,0.3675,0.584,98.7089,15.7191,15.7191,29.8915,15.2392,4.0645,0.8392,24.7251,33.3357,8.3562,15.6381,0.0173,0.055
Standard & Poor's Ratings Services,Hormel Foods Corp.,A,2014-02-27,48465,1,2011.0,NoDur,HRL,2.6115,0.0701,0.0754,16.1434,9.2096,9.444,10.8706,9.1241,6.0127,1.7803,15.9826,26.4507,10.7829,14.8623,0.2173,0.2761
Egan-Jones Ratings Company,PACCAR INC,A+,2014-02-24,75362,1,3711.0,Durbl,PCAR,2.1495,0.4248,1.3477,18.4288,10.4038,10.4038,14.5145,9.5534,6.5195,0.9153,19.0118,19.0118,5.9674,10.9363,-0.1012,-0.6675
Moody's Investors Service,Google Inc.,AA,2014-02-20,1288776,1,7370.0,BusEq,GOOG,4.5817,0.025,0.0601,60.3865,27.7437,27.7437,34.8385,28.637,22.9345,0.5005,15.0729,18.8671,11.8644,14.6965,0.3136,-4.7462
Standard & Poor's Ratings Services,Mueller Water Products Inc.,BB-,2014-02-20,1350593,0,3490.0,Manuf,MWA,3.1098,0.6462,1.8306,27.9443,8.6813,8.6813,13.9632,3.9436,3.6403,0.8743,10.7861,-15.7403,2.7615,3.8159,0.2211,0.1952
Standard & Poor's Ratings Services,Toll Brothers Inc.,BB,2014-02-20,794170,0,1531.0,Other,TOL,7.432,0.4285,0.7498,20.2296,7.5185,7.5185,8.4612,10.01,6.3795,0.3917,5.1092,5.1092,2.4988,2.9199,-2.189,-2.2682
Moody's Investors Service,"D.R. Horton, Inc.",BB+,2014-02-19,882184,0,1531.0,Other,DHI,5.9469,0.4635,0.864,22.4594,10.2168,10.2168,11.2137,10.5092,7.3922,0.7068,11.3926,11.5028,5.2245,6.112,-2.555,-2.6203
Egan-Jones Ratings Company,VERTEX PHARMACEUTICALS,BBB,2014-02-10,875320,1,2834.0,Hlth,VRTX,3.9931,0.2653,0.3735,89.2509,-50.3317,-50.3317,-46.3411,-51.6549,-36.7192,0.5226,-37.1292,-37.9974,-21.7168,-27.2804,-1.514,-1.412
Fitch Ratings,McKesson Corp.,BBB+,2014-02-06,927653,1,5122.0,Shops,MCK,1.0849,0.39,0.6893,5.6311,1.9207,1.9207,2.3962,1.5958,1.095,3.5128,19.2786,-84.9221,3.9182,11.7591,-1.3639,-1.4518
Moody's Investors Service,"Rent-A-Center, Inc.",B+,2014-02-04,933036,0,7350.0,Other,RCII,2.9141,0.4068,0.6859,69.6018,7.9834,7.9834,31.7507,6.729,4.1615,1.0251,9.6384,-341.9938,4.2661,5.7171,-1.2326,-1.1943
Moody's Investors Service,"American Electric Power Company, Inc.",BBB+,2014-01-31,4904,1,4911.0,Utils,AEP,0.7052,0.5113,1.1895,62.4728,19.0536,19.0536,31.4956,14.131,9.9943,0.2626,9.1626,9.2148,2.6126,4.478,0.5685,-0.5298
Moody's Investors Service,OGE Energy Corp.,A-,2014-01-31,1021635,1,4931.0,Utils,OGE,0.635,0.431,0.935,50.1726,19.3012,19.3012,29.7137,18.276,13.5161,0.3139,12.9663,12.9663,4.311,7.3784,-2.1553,-0.8826
Moody's Investors Service,Great Plains Energy Incorporated,BBB,2014-01-31,1143068,1,4911.0,Utils,GXP,0.9964,0.5002,1.0533,70.625,23.2678,23.2678,38.3927,15.5173,10.1623,0.2497,7.2012,7.4812,2.5543,3.5595,0.5445,0.3373
Moody's Investors Service,Portland General Electric Company,A+,2014-01-30,784977,1,4911.0,Utils,POR,1.5038,0.5128,1.0527,45.7459,11.3812,11.3812,25.0829,6.9061,5.8011,0.2967,5.7143,5.7143,1.7046,2.7837,0.4992,-4.1044
Moody's Investors Service,"PNM Resources, Inc.",BBB-,2014-01-30,1108426,1,4911.0,Utils,PNM,0.815,0.4866,1.0752,56.1838,20.667,20.667,35.6659,12.6137,7.2415,0.2523,6.6009,7.7877,2.1009,3.3665,1.3078,0.822
Moody's Investors Service,"IDACORP, Inc.",BBB+,2014-01-30,1057877,1,4911.0,Utils,IDA,1.9036,0.4655,0.901,68.262,23.4103,23.4103,34.1449,20.4235,14.6377,0.2323,9.8285,9.8285,3.3981,5.2534,1.1112,0.9849
Moody's Investors Service,Avista Corp.,A,2014-01-30,104918,1,4931.0,Utils,AVA,0.879,0.5099,1.1827,100.0,16.0284,16.0284,26.4926,11.2605,7.7044,0.3305,7.9144,8.6768,2.3919,3.879,-1.3043,-1.6947
Moody's Investors Service,"ALLETE, Inc.",A+,2014-01-30,66756,1,4931.0,Utils,ALE,1.3336,0.4464,0.8267,60.1335,15.1316,15.1316,26.6791,13.099,10.2808,0.2929,7.7966,7.7966,3.0114,4.3159,-0.3572,2.2142
Moody's Investors Service,China State Construction Int'l Holdings Ltd,BBB,2014-01-29,1443979,1,9995.0,Other,CNR,1.5533,0.4822,0.9431,21.0979,1.4665,1.4665,4.4683,-1.6615,-0.9848,1.6769,-5.0978,-10.0228,-1.6514,-2.6396,-1.0877,-0.3029
Egan-Jones Ratings Company,TERADYNE INC,A-,2014-01-28,97210,1,3825.0,BusEq,TER,4.1503,0.0877,0.0975,53.4804,17.3453,17.3453,26.1284,16.0541,13.1009,0.682,12.205,19.5502,8.9345,11.1341,0.5383,0.4007
Moody's Investors Service,Sony Corporation,BB+,2014-01-27,313838,0,3600.0,Manuf,SONY,0.8451,0.259,0.6537,34.0461,0.0276,0.0276,7.9476,3.613,1.5315,0.4787,1.6039,2.8447,0.303,1.1884,-1.53,2.0411
Moody's Investors Service,Snap-on Incorporated,A-,2014-01-17,91440,1,3420.0,Manuf,SNA,2.5108,0.2873,0.4563,48.1891,19.1788,19.1788,21.6882,17.2158,11.4608,0.7437,16.8842,32.6673,8.7518,12.0329,1.0522,1.3036
Moody's Investors Service,Steelcase Inc.,BBB-,2014-01-14,1050825,1,2522.0,Manuf,SCS,1.606,0.3001,0.4326,30.1879,2.0671,2.0671,6.1875,1.9138,1.3525,1.6979,5.8084,7.3568,2.2964,4.0654,0.6866,0.6376
Moody's Investors Service,"ONE Gas, Inc",A,2014-01-13,1587732,1,4924.0,Utils,OGS,0.783,0.4537,1.1896,48.1084,13.0387,13.0387,21.6045,9.5545,5.8697,0.4394,8.0059,9.1756,2.5789,4.3737,-0.81,-1.1962
Egan-Jones Ratings Company,EDISON MISSION ENERGY,D,2014-01-09,930835,0,4911.0,Utils,EME,1.4861,0.1848,0.2397,12.973,3.7949,3.7949,4.8581,3.6742,1.9546,1.8274,10.1663,145.6119,4.3401,8.288,-0.518,-0.4826
Standard & Poor's Ratings Services,Community Health Systems Inc.,B-,2014-01-07,1108109,0,8062.0,Hlth,CYH,1.5244,0.7478,3.0182,84.5932,7.1534,7.1534,13.2616,2.6991,1.0999,0.7489,7.7267,-18.7307,1.4138,1.9488,-2.6448,-0.619
Standard & Poor's Ratings Services,Harsco Corp.,BB+,2013-12-20,45876,0,3390.0,Manuf,HSC,1.6727,0.5263,1.1249,22.866,-5.7383,-5.7383,3.1952,-7.1731,-8.3588,1.0235,-29.3843,-71.3792,-8.5075,-13.9184,-1.2342,-0.5539
Moody's Investors Service,Pilgrim's Pride Corporation,B-,2013-12-19,802481,0,2015.0,NoDur,PPC,2.0416,0.7231,2.6388,-1.8782,-4.9576,-4.9576,-2.1773,-6.4642,-6.5922,2.617,-88.7649,-96.3727,-17.2142,-24.5825,-0.6382,-0.3817
Standard & Poor's Ratings Services,Delta Air Lines Inc.,BB+,2013-12-18,27904,0,4512.0,Other,DAL,0.6234,1.2381,-5.9639,20.1091,5.9313,5.9313,10.7254,2.7952,2.7516,0.8231,-47.3487,-6.0768,2.2649,11.2725,-0.4449,-1.2744
Standard & Poor's Ratings Services,SeaWorld Parks & Entertainment Inc.,BB+,2013-12-18,1564902,0,7996.0,Other,SEAS,0.6441,0.8003,4.0546,40.3589,15.6429,15.6429,28.3467,7.8427,5.2131,0.5647,16.4991,-91.0798,2.944,3.2951,0.3135,0.7656
Standard & Poor's Ratings Services,ACI Worldwide Inc.,BB,2013-12-18,935036,0,7370.0,BusEq,ACIW,1.3358,0.4003,0.7004,66.149,11.1573,11.1573,19.143,9.7915,7.3279,0.5329,9.1411,-51.5884,3.9049,5.4815,-0.891,-0.8452
Standard & Poor's Ratings Services,Cisco Systems Inc.,AA-,2013-12-16,858877,1,3576.0,BusEq,CSCO,2.9788,0.1794,0.2742,60.5674,23.0337,23.0337,28.0947,23.0975,20.5382,0.4803,16.8837,29.5303,9.8655,13.8545,0.2703,0.2799
Standard & Poor's Ratings Services,Republic Services Inc.,BBB+,2013-12-12,1060391,1,4953.0,Other,RSG,0.7264,0.4778,0.9176,38.3405,16.267,16.267,27.6844,10.1487,7.0433,0.4138,7.4244,-17.1134,2.9164,3.8769,-0.5651,-0.5538
Egan-Jones Ratings Company,BOYD GAMING CORPORATION,CCC,2013-12-12,906553,0,7990.0,Other,BYD,0.7264,0.7204,2.6079,44.8821,10.1243,10.1243,19.1526,-0.4462,-0.1653,0.3962,-0.7771,-1.8207,-0.1815,-0.2173,-0.2278,-0.3513
Standard & Poor's Ratings Services,Union Pacific Corp.,A,2013-12-11,100885,1,4011.0,Other,UNP,1.1587,0.3069,0.4526,50.129,32.2326,32.2326,40.6432,30.1921,18.8426,0.4438,19.837,19.837,8.3621,13.7492,0.4702,-0.1499
Standard & Poor's Ratings Services,MDU Resources Group Inc.,BBB+,2013-12-11,67716,1,4932.0,Utils,MDU,1.3292,0.3165,0.5133,84.2816,10.0325,10.0325,18.5104,8.3009,5.2424,0.6178,8.185,10.6592,3.4464,5.564,0.3867,0.3548
Fitch Ratings,"Teva Pharmaceuticals USA, Inc.",BBB+,2013-12-11,818686,1,2834.0,Hlth,TEVA,1.269,0.3387,0.6436,52.429,17.0498,17.0498,25.4565,8.9531,9.6619,0.4015,8.3526,-51.1516,3.774,5.5236,0.6078,0.5123
Moody's Investors Service,Darling Ingredients Inc.,B+,2013-12-10,916540,0,2070.0,NoDur,DAR,2.2042,0.1906,0.2355,26.4492,13.0739,13.0739,17.8901,11.666,7.3775,1.1418,12.3085,38.0516,8.4236,9.9628,0.0281,-0.4089
Standard & Poor's Ratings Services,Canadian National Railway Co.,A,2013-12-09,16868,1,4011.0,Other,CNI,0.8484,0.3646,0.6262,52.379,37.1473,37.1473,46.4618,36.875,27.0161,0.3721,22.066,22.5762,9.1197,14.0201,0.1837,-0.0408
Standard & Poor's Ratings Services,United Rentals Inc.,B,2013-12-09,1067701,0,7350.0,Other,URI,0.9941,0.8105,4.6785,38.5475,14.3551,14.3551,36.7015,2.1375,1.8217,0.3734,4.7649,-2.8891,0.6802,0.9027,-0.7421,-2.612
Standard & Poor's Ratings Services,Triumph Group Inc.,BB-,2013-12-05,1021162,0,3728.0,Manuf,TGI,2.1948,0.369,0.6502,25.3656,14.3466,14.3466,17.2499,12.5059,8.0305,0.7067,14.5391,-44.2427,5.6755,9.1743,1.7279,1.0273
Standard & Poor's Ratings Services,Ameren Corp.,BBB-,2013-12-04,1002910,1,4931.0,Utils,AEE,1.2857,0.4528,0.8681,61.1581,16.8022,16.8022,27.8465,11.2394,8.4418,0.26,5.4165,5.7124,1.8482,2.9637,0.1231,0.7632
Moody's Investors Service,Microsoft Corporation,AAA,2013-12-03,789019,1,7372.0,BusEq,MSFT,2.7118,0.1376,0.1976,73.8147,34.3794,34.3794,39.2028,34.7493,28.0839,0.5466,27.6943,35.7204,15.3499,23.8822,-0.314,-0.5456
Moody's Investors Service,"ARC Document Solutions, Inc",B+,2013-12-03,1305168,0,7389.0,Other,ARC,1.6394,0.6537,2.0077,30.4146,-0.1517,-0.1517,14.6425,-7.0622,-7.8716,0.9766,-28.3885,23.0904,-7.5666,-9.8298,-0.2607,-0.3637
Standard & Poor's Ratings Services,Vector Ltd.,BBB+,2013-11-26,59440,1,6531.0,Money,VGR,3.2745,1.1166,-10.042,24.0253,14.1423,14.1423,15.1105,4.9033,2.7397,1.0081,-38.6388,-16.3962,2.8178,4.5044,0.3963,0.235
Standard & Poor's Ratings Services,3M Co.,AA-,2013-11-26,66740,1,2670.0,Manuf,MMM,2.1984,0.2141,0.3326,47.5488,21.6794,21.6794,25.9865,21.238,14.8609,0.8827,25.0055,51.6724,13.3162,19.6506,0.1868,-0.0235
Moody's Investors Service,Kronos Incorporated,B+,2013-11-22,1176236,0,2810.0,Chems,KRO,3.7253,0.2629,0.3767,28.356,18.1956,18.1956,20.6143,16.7384,11.056,0.975,20.5725,20.5725,10.7795,15.1631,-1.887,-1.9405
Moody's Investors Service,"Container Store Group, Inc. (The)",B,2013-11-18,1411688,0,5700.0,Shops,TCS,1.2548,0.5422,1.2806,58.8054,3.4159,3.4159,7.5969,-0.6479,-12.802,0.9388,-0.0557,0.0615,-0.0173,-0.0255,15.6471,-1.044
Standard & Poor's Ratings Services,American Axle & Manufacturing Inc.,B+,2013-11-05,1062231,0,3714.0,Durbl,AXL,1.4516,1.0906,-12.0373,13.6375,5.3362,5.3362,10.5292,1.0748,12.5456,1.0226,-303.5596,-132.2871,12.7948,27.5032,-1.5964,-1.8489
Fitch Ratings,Universal Corporation,BBB-,2013-10-31,102037,1,5150.0,Shops,UVV,2.8043,0.1234,0.3866,18.7845,9.0592,9.0592,10.8919,8.4204,4.7894,1.0674,13.1132,11.8558,6.1106,9.5935,1.1833,0.9255
Egan-Jones Ratings Company,CROWN CASTLE INTERNATIONAL,BB,2013-10-21,1051470,0,6798.0,Money,CCI,1.49,0.718,2.5579,71.0544,34.0579,34.0579,66.3246,8.8456,7.2876,0.1928,7.1835,-11.2678,1.626,1.7963,0.146,-0.2755
Moody's Investors Service,"Gray Television, Inc.",CCC+,2013-10-15,43196,0,4833.0,Telcm,GTN,2.0199,0.8526,5.7864,47.5618,37.9025,37.9025,47.5403,11.6881,5.9368,0.3239,19.5429,-3.3233,2.2507,2.8797,0.8925,0.8892
Moody's Investors Service,"Burlington Stores, Inc.",B,2013-10-09,1579298,0,5600.0,Shops,BURL,1.1886,1.0639,-16.648,39.2601,3.4885,3.4885,7.6318,0.7002,-2.9197,1.6809,-31.5203,-3.6806,1.021,2.0156,0.3874,0.3681
Standard & Poor's Ratings Services,Avnet Inc.,BBB-,2013-10-01,8858,1,5065.0,Shops,AVT,1.7333,0.2196,0.4768,11.7044,2.4588,2.4588,2.9328,2.1575,1.7678,2.4305,10.4934,15.7609,4.2968,8.1889,1.4374,1.6021
Standard & Poor's Ratings Services,Greenbrier Companies Inc. (The),B-,2013-09-27,923120,0,3743.0,Manuf,GBX,1.5869,0.4501,0.924,11.7497,2.3714,2.3714,9.2491,1.1098,-0.629,1.3618,-1.1779,-1.6248,-0.4172,-0.6478,0.4785,3.5234
DBRS,Murphy Oil Company Ltd.,BBB+,2013-09-23,717423,1,1311.0,Enrgy,MUR,1.2204,0.0276,0.0683,100.0,29.0375,29.0375,54.5244,27.2952,20.3965,0.3026,6.1423,6.1718,3.8138,5.9725,-5.1673,-5.9246
Standard & Poor's Ratings Services,Sinclair Broadcast Group Inc.,B,2013-09-20,912752,0,4833.0,Telcm,SBGI,0.9898,1.0471,-22.7218,68.4095,31.0155,31.0155,45.0956,20.0004,13.6262,0.3889,-144.4114,-7.6749,5.2932,6.8026,1.0765,-12.9446
Fitch Ratings,"American Axle & Manufacturing, Inc.",BB+,2013-09-16,1062231,0,3714.0,Durbl,AXL,1.4516,1.0906,-12.0373,13.6375,5.3362,5.3362,10.5292,1.0748,12.5456,1.0226,-303.5596,-132.2871,12.7948,27.5032,-1.5964,-1.8489
Moody's Investors Service,Silgan Holdings Inc.,BB,2013-09-04,849869,0,3411.0,Manuf,SLGN,2.2397,0.662,2.0916,14.7779,10.0911,10.0911,14.7257,8.2687,5.5047,1.178,29.3579,112.5521,6.4843,9.9242,1.3303,0.79
Standard & Poor's Ratings Services,SBA Communications Corp.,B,2013-08-28,1034054,0,6798.0,Money,SBAC,0.4502,0.882,8.2024,70.7042,15.4228,15.4228,60.2532,-18.5615,-18.975,0.1442,-28.13,7.4033,-2.7764,-3.3194,0.6025,0.7984
Moody's Investors Service,Great Lakes Dredge & Dock Corporation,CCC+,2013-08-26,1372020,0,1600.0,Other,GLDD,1.6867,0.4776,0.962,13.2825,5.5458,5.5458,12.1184,1.9907,-0.458,0.712,2.3023,3.2953,0.7617,1.2027,-0.4459,-1.2469
Moody's Investors Service,CDW Corporation,B-,2013-08-20,1402057,0,5045.0,Shops,CDW,1.3958,1.0019,-556.9863,16.4907,4.9019,4.9019,7.1992,0.2947,0.1781,1.6091,-234.2403,-0.444,0.2865,0.4433,-1.4525,-1.4805
Moody's Investors Service,"Sportsman's Warehouse, Inc.",B,2013-08-16,1132105,0,5940.0,Shops,SPWH,2.2196,1.5269,-2.9827,30.8603,10.1474,10.1474,11.142,8.9479,5.3277,3.1636,-67.0921,-67.0921,16.8549,35.3506,1.3944,2.7549
Moody's Investors Service,"McCormick & Company, Incorporated",A,2013-08-14,63754,1,2090.0,NoDur,MKC,1.0824,0.3143,0.6892,40.3019,14.4064,14.4064,16.9673,13.106,10.1589,0.9637,22.7209,-121.2492,9.274,15.5804,0.4282,0.3802
Fitch Ratings,Aluminum Corporation of China Limited,BBB+,2013-08-13,1161611,1,3334.0,Manuf,ACH,0.5845,0.4052,1.9446,-0.2166,-3.1875,-3.1875,1.0333,-6.0825,-5.5083,0.8541,-16.0748,-18.4232,-4.9387,-9.5608,-0.4985,-0.3263
Moody's Investors Service,"ACI Worldwide, Inc.",B,2013-08-12,935036,0,7370.0,BusEq,ACIW,1.3358,0.4003,0.7004,66.149,11.1573,11.1573,19.143,9.7915,7.3279,0.5329,9.1411,-51.5884,3.9049,5.4815,-0.891,-0.8452
Moody's Investors Service,"Carter's, Inc.",BB+,2013-08-05,1060822,0,2300.0,NoDur,CRI,3.9212,0.1588,0.1887,39.3809,10.9998,10.9998,12.7097,10.7229,6.6781,1.4611,16.3525,32.9107,9.8858,13.7561,3.3241,2.6938
Egan-Jones Ratings Company,BALL CORPORATION,BB+,2013-07-26,9389,0,3411.0,Manuf,BLL,1.3877,0.7052,2.5621,17.8772,9.0491,9.0491,12.2875,6.818,4.5366,1.1637,32.7209,-26.3648,5.6227,9.6473,-0.1141,0.2374
Moody's Investors Service,Nucor Corporation,BBB+,2013-07-19,73309,1,3312.0,Manuf,NUE,2.7996,0.3202,0.5556,9.396,7.1313,7.1313,10.0799,6.2517,3.8731,1.3743,11.1721,16.911,5.9092,7.5946,0.5123,0.1994
Moody's Investors Service,Grifols S.A.,BB+,2013-07-15,1438569,0,2836.0,Hlth,GRFS,3.2631,0.5886,1.5361,50.7297,25.1855,25.1855,30.1119,14.8016,9.7437,0.4657,16.366,-32.121,5.4696,6.7329,0.4004,0.2186
Fitch Ratings,Oracle Corporation,A+,2013-07-11,1341439,1,7370.0,BusEq,ORCL,3.239,0.2906,0.4097,80.1533,39.4944,39.4944,47.3776,37.3803,29.3841,0.4545,24.1998,97.8767,13.3538,17.1672,0.239,0.232
Standard & Poor's Ratings Services,Braskem S.A.,BBB-,2013-07-11,1071438,1,2860.0,Chems,BAK,0.5361,0.3032,2.5437,0.5927,-26.1415,-26.1415,-17.1305,-30.8554,-32.0202,0.4594,-91.6594,-167.0071,-14.7094,-63.8666,-2.3959,-1.5279
Moody's Investors Service,"Lions Gate Entertainment, Inc.",BB-,2013-06-20,929351,0,7812.0,Other,LGF,0.7932,0.6479,4.0023,48.6523,10.0836,10.0836,46.7352,5.7741,8.5715,0.9809,65.108,699.2224,8.4078,22.9213,6.9357,6.9297
Moody's Investors Service,Endo Health Solutions Inc.,B+,2013-06-17,1100962,0,2834.0,Hlth,ENDP,1.2638,0.7281,2.7949,59.6666,-19.1756,-19.1756,-7.732,-25.9408,-26.2928,0.4287,-61.2429,25.0757,-10.5656,-16.6499,0.5478,0.1741
Standard & Poor's Ratings Services,Service Corp. International,B+,2013-06-10,89089,0,7200.0,Shops,SCI,0.6855,0.5844,1.4294,21.742,16.6098,16.6098,24.6614,10.2013,6.3984,0.2483,11.386,-792.3857,1.6024,4.7317,0.0456,0.0194
Standard & Poor's Ratings Services,Freeport-McMoRan Oil & Gas LLC,BBB,2013-06-04,831259,1,1000.0,Other,FCX,3.0802,0.1419,0.1655,35.8079,32.2821,32.2821,38.8284,30.4664,16.8851,0.5082,18.6758,18.6758,11.2303,16.0251,-2.9759,-3.985
Standard & Poor's Ratings Services,Ferro Corp.,B,2013-05-23,35214,0,2851.0,Chems,FOE,1.5764,0.5587,1.6779,18.4111,-20.8381,-20.8381,-16.3115,-22.7568,-29.5235,1.1748,-186.8179,-298.6364,-35.7801,-82.4484,-0.3392,-0.1462
Fitch Ratings,"Rogers Communications, Inc.",BBB+,2013-05-15,733099,1,4812.0,Telcm,RCI,0.7501,0.7375,2.8091,86.619,23.4069,23.4069,37.4317,16.8812,12.5764,0.6768,48.5122,-71.3398,9.4371,12.7359,0.924,0.0822
Moody's Investors Service,Merck Sharp & Dohme Corp.,A+,2013-05-14,64978,1,2834.0,Hlth,MRK,2.0425,0.2142,0.3076,64.8865,18.6817,18.6817,34.1395,15.2642,13.0227,0.457,11.2253,60.9575,6.0802,8.8204,0.5337,0.5146
Moody's Investors Service,Commercial Metals Company,BB,2013-05-06,22444,0,3312.0,Manuf,CMC,5.0284,0.3634,0.6094,47.7081,15.5555,15.5555,21.061,14.7791,9.2838,0.8259,14.138,17.6605,7.7428,9.0001,-1.0213,-0.6683
Standard & Poor's Ratings Services,Archer Daniels Midland Co.,A,2013-05-03,7084,1,2070.0,NoDur,ADM,1.7514,0.2523,0.4987,4.0007,2.1621,2.1621,3.1217,2.1875,1.5183,2.0064,7.2761,7.5767,3.084,5.4403,-0.8241,0.2338
Standard & Poor's Ratings Services,MasTec Inc.,BB-,2013-04-30,15615,0,1623.0,Other,MTZ,1.4698,0.388,0.6949,13.0835,6.3892,6.3892,8.8567,5.1712,2.8825,1.5423,13.5332,-114.606,4.8272,8.2829,1.8626,1.7369
Standard & Poor's Ratings Services,T-Mobile US Inc.,B,2013-04-23,1283699,0,4812.0,Telcm,TMUS,0.9909,0.7249,2.6355,58.933,-32.4408,-32.4408,-16.6895,-35.4278,-37.2027,0.5865,-119.9673,-121.5374,-21.8191,-32.999,-2.0886,-2.3184
Fitch Ratings,PetroChina Company Limited,A+,2013-04-10,1108329,1,2911.0,Enrgy,PTR,0.7209,0.1992,0.3769,35.7246,7.9497,7.9497,14.8724,7.5986,5.2533,1.0122,11.0625,11.4657,6.0224,8.8585,-3.9473,-8.1946
Moody's Investors Service,AAR CORP.,BB-,2013-04-10,1750,0,5080.0,Shops,AIR,1.2699,0.409,0.799,26.6321,13.3421,13.3421,22.0898,13.6552,12.1446,0.5673,15.4787,24.0471,6.0513,9.1474,0.3609,-0.8368
Moody's Investors Service,Alliance Laundry Systems LLC,B,2013-04-04,1101215,0,7374.0,BusEq,ADS,1.9623,0.7014,2.7731,59.0116,18.1151,18.1151,32.8659,16.1891,11.1541,0.1263,5.6779,5.6779,1.1633,1.6955,0.8953,-2.5213
Moody's Investors Service,Avery Dennison Corporation,BBB,2013-04-03,8818,1,2670.0,Manuf,AVY,1.3471,0.3652,0.7123,25.2408,3.6476,4.8641,9.0814,3.6476,3.2524,1.1754,8.5439,19.2005,2.8496,5.4235,-0.5992,-0.809
Standard & Poor's Ratings Services,Hasbro Inc.,BBB-,2013-03-29,46080,1,3944.0,NoDur,HAS,2.3916,0.497,1.1155,57.1526,13.86,13.86,18.4396,11.3495,8.9922,1.0375,27.1861,81.0565,9.3292,13.6733,0.4335,0.4637
Moody's Investors Service,"MoneyGram International, Inc.",B,2013-03-19,1273931,0,6099.0,Money,MGI,1.0064,1.2489,-5.018,28.7802,3.9069,3.9069,10.1402,-0.6636,-3.6758,0.2604,11.1211,8.3545,-0.9572,-7.6022,-2.8033,-2.7689
Moody's Investors Service,Cooper-Standard Holdings Inc.,CCC+,2013-03-19,1320461,0,3714.0,Durbl,CPS,2.0819,0.4311,0.8128,15.7907,4.3884,4.3884,8.7365,3.4085,2.6375,1.4241,12.7242,22.9651,3.8177,7.2389,3.8662,2.0631
Moody's Investors Service,Taiwan Semiconductor Manufacturing Co Ltd,A+,2013-03-15,1046179,1,3674.0,BusEq,TSM,1.7712,0.1016,0.1611,48.1198,35.7663,35.7663,61.7145,35.8644,32.823,0.5301,22.8676,23.2182,17.3777,20.5435,0.2954,0.0609
Moody's Investors Service,"Steel Dynamics, Inc.",BB,2013-03-12,1022671,0,3312.0,Manuf,STLD,2.2312,0.457,1.0349,11.6476,7.3125,7.3125,10.096,5.3056,3.4776,1.3375,11.5523,24.0676,4.4436,6.2724,1.3396,1.2002
Moody's Investors Service,British American Tobacco p.l.c.,A-,2013-03-12,1303523,1,2111.0,NoDur,BTI,1.0826,0.5011,1.2127,77.2258,30.1319,30.1319,35.4374,32.0215,21.917,0.5678,45.5158,-109.6363,14.2225,22.7096,0.1949,0.1585
Moody's Investors Service,"MasTec, Inc.",BB-,2013-03-06,15615,0,1623.0,Other,MTZ,1.4698,0.388,0.6949,13.0835,6.3892,6.3892,8.8567,5.1712,2.8825,1.5423,13.5332,-114.606,4.8272,8.2829,1.8626,1.7369
Moody's Investors Service,"DTE Energy Center, LLC",BB+,2013-03-05,936340,0,4931.0,Utils,DTE,1.0531,0.4862,1.0891,62.5071,14.549,14.549,26.4589,10.9203,6.9389,0.3338,9.0946,12.8186,2.5589,4.6724,1.0312,-0.7056
Moody's Investors Service,McKesson Corporation,BBB,2013-03-05,927653,1,5122.0,Shops,MCK,1.0884,0.3102,0.5826,5.2338,1.7364,1.7364,2.1395,1.5476,1.147,3.6963,20.1874,2814.286,4.167,13.9251,2.8633,2.7529
Moody's Investors Service,"Armstrong World Industries, Inc.",B+,2013-03-01,7431,0,3290.0,Manuf,AWI,2.6512,0.5907,1.4894,24.4534,11.7306,11.7306,16.3709,9.6595,5.4062,0.8509,22.0554,82.8631,5.5565,9.0262,0.3012,-0.2933
Fitch Ratings,National Grid Gas plc,A,2013-03-01,1004315,1,4911.0,Utils,NGG,0.9412,0.6895,2.4903,75.6001,25.5856,25.5856,34.854,18.5006,14.7339,0.2922,19.6082,46.202,3.8301,6.0881,-2.2136,-2.2657
Moody's Investors Service,"Equinix, Inc.",BB-,2013-02-28,1101239,0,6798.0,Money,EQIX,1.7039,0.5852,1.5875,47.0484,19.5399,19.5399,43.8015,8.2855,6.0536,0.2706,4.7317,9.8575,1.5967,1.9629,3.4944,1.8609
Moody's Investors Service,National Grid Gas Plc,A-,2013-02-25,1004315,1,4911.0,Utils,NGG,0.9412,0.6895,2.4903,75.6001,25.5856,25.5856,34.854,18.5006,14.7339,0.2922,19.6082,46.202,3.8301,6.0881,-2.2136,-2.2657
Standard & Poor's Ratings Services,New York Times Co. (The),BB-,2013-02-13,71691,0,2711.0,NoDur,NYT,2.4591,0.5781,1.5174,79.1351,8.1525,8.1525,15.6435,4.2464,-2.4218,0.5391,8.7527,11.497,1.5466,3.6926,-0.5185,-0.5352
Fitch Ratings,"SK Telecom Co., Ltd",A-,2013-02-04,1015650,1,4812.0,Telcm,SKM,0.8574,0.2938,0.5322,85.6418,9.6001,9.6001,9.6001,9.5143,7.6992,0.6368,10.0433,15.3319,5.044,7.0924,-4.3382,2.0082
Moody's Investors Service,"Conagra Brands, Inc.",BBB,2013-02-01,23217,1,2000.0,NoDur,CAG,1.4465,0.3866,0.6474,20.996,6.1413,6.1413,8.9235,4.611,3.4986,1.1651,10.3153,-69.7422,4.0894,6.3276,-0.5988,-0.3482
Standard & Poor's Ratings Services,Scientific Games Corp.,BB-,2013-01-31,750004,0,3570.0,BusEq,SGMS,1.8908,0.7992,4.0247,44.1848,6.7736,6.7736,25.4469,-2.4984,-6.7413,0.4246,-12.034,7.2192,-2.0074,-2.4167,-0.1156,-0.2016
Moody's Investors Service,"FairPoint Communications, Inc.",B,2013-01-30,1062613,0,4813.0,Telcm,FRP,1.3349,0.2464,0.357,11.0584,11.0584,11.0584,21.2486,9.8185,6.1232,0.4625,4.4134,4.441,2.7968,3.3259,-0.0177,-0.1915
Moody's Investors Service,Berry Global Group Inc.,CCC+,2013-01-30,1378992,0,3080.0,Manuf,BERY,1.9087,1.1136,-9.8916,16.4079,6.8191,6.8191,14.2677,0.0839,0.042,0.9334,-0.4211,-0.0648,0.0392,0.0503,1.6411,1.1754
Fitch Ratings,Teva Pharmaceutical Industries Limited,A-,2013-01-23,818686,1,2834.0,Hlth,TEVA,1.269,0.3387,0.6436,52.429,17.0498,17.0498,25.4565,8.9531,9.6619,0.4015,8.3526,-51.1516,3.774,5.5236,0.6078,0.5123
Moody's Investors Service,"SK Telecom Co., Ltd.",A-,2013-01-16,1015650,1,4812.0,Telcm,SKM,0.8574,0.2938,0.5322,85.6418,9.6001,9.6001,9.6001,9.5143,7.6992,0.6368,10.0433,15.3319,5.044,7.0924,-4.3382,2.0082
Moody's Investors Service,"DigitalGlobe, Inc.",B+,2013-01-15,1208208,0,4899.0,Telcm,DGI,3.3173,0.4701,0.8966,80.636,18.0351,18.0351,50.356,15.6384,9.2549,0.2671,7.2303,7.5831,2.4723,3.831,2.5893,3.5302
Standard & Poor's Ratings Services,Advanced Micro Devices Inc.,B,2013-01-08,2488,0,3674.0,BusEq,AMD,1.6213,0.7911,3.7955,22.7776,-19.4762,-19.4762,-14.6809,-22.4456,-21.8185,1.3555,-219.8885,1065.766,-29.575,-45.9418,-0.9709,-0.8351
Standard & Poor's Ratings Services,Telefonica Chile S.A.,BBB,2012-12-20,814052,1,4812.0,Telcm,TEF,0.6392,0.6703,2.4216,70.9471,37.1676,37.1676,37.1676,10.3251,9.8461,0.4848,19.0002,-20.1754,4.0138,6.2653,0.4986,0.4797
Standard & Poor's Ratings Services,NRG Energy Inc.,BB-,2012-12-19,1013871,0,4911.0,Utils,NRG,1.3221,0.5517,1.2417,25.7077,6.9942,6.9942,19.7929,-7.1153,2.0707,0.3375,2.5688,4.2705,0.7323,1.1153,-1.5516,-8.4973
Moody's Investors Service,"Oil States International, Inc.",BB-,2012-12-18,1121484,0,3533.0,Manuf,OIS,1.9849,0.31,0.5604,22.2924,10.5963,10.5963,16.1169,9.9764,6.966,0.7997,10.3506,16.623,5.5904,7.1423,-4.6459,-5.629
Moody's Investors Service,STMicroelectronics Finance B.V.,BBB,2012-12-13,932787,1,3674.0,BusEq,STM,2.114,0.11,0.2083,38.8073,4.6008,4.6008,16.5861,6.6789,8.0224,0.775,6.3787,8.0751,4.0602,5.6772,1.0385,1.0704
Moody's Investors Service,Gold Fields Limited,BB+,2012-12-06,1172724,0,1040.0,Other,GFI,1.1477,0.1886,0.326,49.1629,30.4374,30.4374,43.2872,25.9961,16.4308,0.5756,17.3846,21.2983,10.0959,14.1051,1.5435,0.8655
Moody's Investors Service,Novo Nordisk A/S,A+,2012-12-05,353278,1,2834.0,Hlth,NVO,1.9053,0.0132,0.0228,81.0253,33.7233,33.7233,33.7233,33.0465,25.7694,1.0255,43.2939,45.0866,25.0591,42.7212,0.2028,0.2074
Standard & Poor's Ratings Services,Oshkosh Corp.,BB,2012-12-04,775158,0,3711.0,Durbl,OSK,1.5808,0.34,0.5152,12.3681,4.7623,4.7623,6.3701,3.798,2.8276,1.6454,13.2884,555.9859,4.978,8.7698,-1.3132,-1.1858
Moody's Investors Service,Phillips 66 Company,BBB+,2012-11-26,1534701,1,2911.0,Enrgy,PSX,1.176,0.0147,0.016,14.6485,-0.2456,-0.2456,0.3698,0.9,0.5015,3.2602,2.8433,3.4234,1.6461,2.8015,3.2963,1.4843
Standard & Poor's Ratings Services,Google LLC,AA,2012-11-19,1288776,1,7370.0,BusEq,GOOG,5.9192,0.0488,0.0723,65.2078,30.9774,30.9774,35.8607,32.5181,25.6879,0.5223,16.7461,19.7822,13.4167,15.9281,5.1162,6.0776
Moody's Investors Service,Carlisle Companies Incorporated,BBB,2012-11-15,790051,1,2950.0,Enrgy,CSL,2.034,0.2872,0.5082,23.4352,10.6724,10.6724,14.2032,9.8299,7.234,0.7943,11.4659,97.8942,5.4814,8.1734,1.3157,0.9991
Standard & Poor's Ratings Services,Casella Waste Systems Inc.,B-,2012-11-12,911177,0,4953.0,Other,CWST,0.829,0.9631,26.1513,32.0295,-2.3577,-2.3577,12.144,-16.2646,-16.58,0.7384,-426.2137,89.8872,-12.261,-15.7475,0.5523,0.5001
Standard & Poor's Ratings Services,"Big Lots Canada, Inc.",BBB-,2012-11-09,768835,1,5331.0,Shops,BIG,1.7213,0.0741,0.0838,39.9874,6.6618,6.6618,8.4703,6.59,4.0135,3.1434,25.0425,25.4218,12.5606,23.1864,0.5758,0.0492
Moody's Investors Service,Deluxe Corporation,BB,2012-11-09,27996,0,2780.0,NoDur,DLX,0.8096,0.7678,3.3383,65.1686,20.0782,20.0782,26.7575,16.8266,10.827,1.0715,67.459,-23.3016,11.6598,15.6613,0.0887,0.1021
Fitch Ratings,British American Tobacco plc.,A-,2012-11-08,1303523,1,2111.0,NoDur,BTI,1.1278,0.4829,1.0735,75.173,29.0131,29.0131,35.0401,29.4833,21.0979,0.5342,36.5999,-120.0879,12.5433,18.9263,0.6806,0.6395
Fitch Ratings,"Baidu, Inc.",A,2012-11-06,1329099,1,7370.0,BusEq,BIDU,3.5965,0.1239,0.1544,73.1262,52.2508,52.2508,58.3533,53.8534,45.6545,0.6213,41.6923,52.4479,29.1615,36.5282,1.5828,1.192
Standard & Poor's Ratings Services,Hovnanian Enterprises Inc.,C,2012-11-05,357294,0,1531.0,Other,HOV,1.5881,1.7392,-3.5166,15.3072,1.6506,1.6506,2.5702,-6.8164,-4.4567,0.8819,10.6659,13.6392,-3.9304,-10.082,38.3681,37.8733
Moody's Investors Service,"CSG Systems International, Inc.",BB+,2012-10-22,1005757,0,7374.0,BusEq,CSGS,1.6327,0.5628,1.5804,47.2488,13.532,13.532,22.4073,6.1293,4.0826,0.6245,9.4606,-18.764,2.5496,4.1364,-0.8073,-0.0649
Moody's Investors Service,Texas Eastern Transmission L.P.,BBB+,2012-10-19,97476,1,3674.0,BusEq,TXN,2.2372,0.2777,0.5106,49.3047,21.7838,21.7838,29.8508,21.5144,16.0248,0.6701,20.4164,62.1111,10.9089,14.7464,-0.3687,-0.1854
Moody's Investors Service,"Alon USA Energy, Inc.",B,2012-10-17,1325955,0,2911.0,Enrgy,ALJ,2.7884,2.0358,-2.266,13.9816,7.9859,7.9859,8.2882,7.3876,8.3575,3.2524,-99.7448,-99.7445,27.1938,103.3152,0.0942,0.0942
Moody's Investors Service,"Penn National Gaming, Inc. (Old)",BB,2012-10-17,921738,0,7990.0,Other,PENN,0.6738,0.5049,1.2213,40.4298,6.231,6.231,15.3793,0.1837,-2.4182,0.551,-3.4684,-34.8642,-1.3816,-1.7171,1.9867,1.0317
Moody's Investors Service,"Delta Air Lines, Inc. (Old)",BB+,2012-10-01,27904,0,4512.0,Other,DAL,0.6085,1.1336,-9.8789,20.0769,5.6244,5.6244,10.5112,2.1899,2.432,0.8073,-61.1748,-5.3573,1.9633,8.1715,-0.0016,0.1045
Standard & Poor's Ratings Services,United Parcel Service Inc.,AA,2012-09-21,1090727,1,4210.0,Other,UPS,1.9602,0.5659,1.3478,78.3167,11.3856,11.3856,15.0025,10.6772,6.7373,1.4747,41.4813,62.1949,9.9354,18.0063,-1.4404,-0.9863
Moody's Investors Service,"Fiserv, Inc.",BBB,2012-09-18,798354,1,7374.0,BusEq,FISV,1.5903,0.5094,1.0393,42.2695,24.3649,24.3649,32.5671,19.187,12.001,0.4991,15.6705,-16.7162,6.1104,7.6876,0.2114,0.2415
Moody's Investors Service,"FMC Technologies, Inc.",BBB,2012-09-18,1135152,1,3533.0,Manuf,FTI,1.5486,0.3678,0.7204,38.9247,13.1128,13.1128,16.3649,9.7734,6.6317,0.6498,9.3928,-32.2635,4.3094,5.9381,-0.0938,-0.3348
Moody's Investors Service,NCR Corporation,BB,2012-09-07,70866,0,7370.0,BusEq,NCR,1.75,0.0108,0.012,21.0147,3.1628,3.1628,5.5827,2.8869,2.8444,1.0803,16.048,18.7023,3.3708,15.8747,0.1068,0.579
Standard & Poor's Ratings Services,Baker Hughes Inc.,A-,2012-08-31,1701605,1,1389.0,Enrgy,BKR,2.7975,0.1941,0.2549,23.0296,13.1108,13.1108,19.7721,11.7947,8.7691,0.7981,10.9183,19.6616,7.0149,8.799,1.2735,-0.387
Standard & Poor's Ratings Services,Costco Wholesale Corp.,A+,2012-08-28,909832,1,5399.0,Shops,COST,1.1374,0.0906,0.1712,12.5693,2.7431,2.7431,3.7047,2.6801,1.6443,3.3226,12.2644,12.2644,5.7621,11.1529,0.9838,0.4292
Moody's Investors Service,Edison Mission Energy,CC,2012-08-10,930835,0,4911.0,Utils,EME,1.4551,0.1096,0.1244,13.0748,3.7551,3.7551,4.7131,3.587,2.3306,1.8624,10.006,40.4568,4.1335,8.9089,1.1381,1.0021
Moody's Investors Service,Olin Corporation,BB+,2012-08-09,74303,0,2810.0,Chems,OLN,2.2578,0.335,0.5974,14.8811,4.4076,4.4076,9.8871,4.849,4.086,0.7741,7.8044,12.2264,3.163,5.1902,-1.1112,-0.4874
Standard & Poor's Ratings Services,Iron Mountain Inc.,B+,2012-08-07,1020569,0,6798.0,Money,IRM,1.0771,0.7234,2.6738,58.6958,18.9471,18.9471,31.2971,11.706,13.1203,0.499,19.6461,-17.474,4.0788,5.4341,0.0461,0.1701
Standard & Poor's Ratings Services,"Walgreens Boots Alliance, Inc",A,2012-08-02,1618921,1,5912.0,Shops,WBA,1.5244,0.139,0.1623,28.3886,6.047,6.047,7.5515,5.9487,3.7598,2.6293,18.2798,21.1536,9.8856,15.7397,0.1506,-0.135
Standard & Poor's Ratings Services,Suburban Propane Partners L.P.,BB-,2012-08-02,1005210,0,5900.0,Shops,SPH,1.9656,0.4929,0.9719,42.9912,12.0304,12.0304,15.023,9.7308,9.6565,1.2448,32.0939,178.2724,12.02,16.2752,-0.6576,-0.6759
Standard & Poor's Ratings Services,Duke Energy Corp.,A,2012-07-25,1326160,1,4931.0,Utils,DUK,1.5969,0.4419,0.8134,65.4919,17.2436,17.2436,31.215,15.4849,9.2489,0.2415,5.827,7.2021,2.2339,3.2522,2.2229,1.4673
Moody's Investors Service,KB Home,B,2012-07-24,795266,0,1531.0,Other,KBH,4.7561,0.7815,3.5774,12.0518,-7.0501,-7.0501,-6.7324,-13.768,-13.5856,0.5237,-40.3852,-40.3852,-7.115,-8.8227,-2.7688,-1.7202
Standard & Poor's Ratings Services,Alaska Air Group Inc.,B,2012-07-20,766421,0,4512.0,Other,ALK,1.057,0.4835,1.1133,100.0,10.3983,10.3983,16.1186,9.1246,5.6739,0.8357,20.8688,20.8688,4.7416,10.7787,0.9815,-0.3216
Fitch Ratings,"Houghton Mifflin Harcourt Publishers, Inc.",BB+,2012-06-28,1580156,0,2731.0,NoDur,HMHC,1.8387,1.2941,-4.4646,28.9687,-157.2715,-157.2715,-112.5523,-176.2164,-168.4844,0.3969,323.5288,86.8932,-66.8638,-95.1531,-0.0156,-0.0264
Standard & Poor's Ratings Services,Otter Tail Corporation,BB+,2012-06-21,1466593,0,4911.0,Utils,OTTR,2.4671,0.4457,0.8043,36.4273,8.5574,8.5574,15.5007,4.6456,-1.7022,0.4941,6.109,6.5553,2.0529,3.2969,-0.0233,-0.2418
Moody's Investors Service,Norfolk Southern Corporation,BBB+,2012-06-15,702165,1,4011.0,Other,NSC,1.0294,0.4271,0.7608,63.0952,28.7594,28.7594,36.5378,26.1189,17.0695,0.3915,19.3321,19.3321,6.7139,11.0745,1.8863,-0.3304
Moody's Investors Service,Columbus McKinnon Corporation,B+,2012-06-15,1005229,0,3530.0,Manuf,CMCO,2.8546,0.4863,0.9541,26.644,7.6264,7.6264,9.695,5.5429,4.5557,1.1485,16.1498,67.7694,5.0281,8.2967,1.0366,1.0287
Moody's Investors Service,"Trinity Industries, Inc.",BB,2012-06-15,99780,0,3743.0,Manuf,TRN,2.0385,0.604,1.5255,19.7665,14.5254,14.5254,20.9135,8.134,4.8395,0.48,7.5348,8.4914,2.3983,2.9834,-0.3944,-0.7507
Moody's Investors Service,"Commercial Vehicle Group, Inc.",B,2012-06-15,1290900,0,3714.0,Durbl,CVGI,2.7119,0.9514,19.5695,13.8929,5.896,5.896,7.5167,2.6063,2.2361,2.0449,145.5185,340.4766,4.5689,7.0745,-0.3741,-0.758
Fitch Ratings,"Community Health Systems, Inc.",B,2012-06-15,1108109,0,8062.0,Hlth,CYH,1.4892,0.7809,3.5897,84.5954,9.5285,9.5285,15.0522,3.9773,1.6962,0.7828,13.6296,-18.6566,2.2085,2.9865,1.1287,-0.2251
Moody's Investors Service,TriMas Corporation,B+,2012-06-15,842633,0,3460.0,Manuf,TRS,1.916,0.7269,2.7038,29.3092,12.1148,12.1148,16.1168,7.3564,5.5685,1.0928,29.2364,-25.7605,5.1225,7.984,-0.003,-0.3049
Moody's Investors Service,Enel Americas S.A.,BBB,2012-06-15,912505,1,4911.0,Utils,ENIA,1.0266,0.3217,0.5718,45.8531,33.5583,33.5583,39.9611,20.404,13.352,0.4758,6.6253,11.56,3.3268,4.4937,2.6804,1.7675
Fitch Ratings,Nielsen Holdings plc,B+,2012-06-15,1492633,0,8700.0,Other,NLSN,0.984,0.5878,1.4572,58.9339,13.6261,13.6261,23.5548,1.2012,1.5766,0.3673,1.3144,-0.8622,0.4206,0.5417,-0.1487,-0.0073
Moody's Investors Service,Century Aluminum Company,CCC+,2012-06-15,949157,0,3350.0,Manuf,CENX,2.5254,0.1938,0.2478,6.5999,3.4868,3.4868,8.2089,1.6395,0.8349,0.749,1.0908,1.0907,0.6253,0.8794,-1.4413,-1.5208
Moody's Investors Service,"Carriage Services, Inc.",B+,2012-06-15,1016281,0,7200.0,Shops,CSV,0.9661,0.6436,1.8107,27.7565,15.3623,15.3623,20.9565,5.8851,3.7948,0.2728,4.8983,-9.2433,0.923,1.7458,0.262,0.2309
Moody's Investors Service,Northwest Natural Gas Company,A+,2012-06-15,73020,1,4924.0,Utils,NWN,0.8413,0.4732,1.1523,44.6283,17.4922,17.4922,25.9462,12.7853,7.6135,0.3015,8.8237,8.8237,2.2954,4.6486,3.9852,9.5484
Moody's Investors Service,Dentsply Sirona Inc.,BBB,2012-06-15,818479,1,3843.0,Hlth,XRAY,1.3989,0.4416,0.9377,50.1805,11.8503,11.8503,15.5173,10.0922,9.6354,0.5337,13.133,-22.5564,5.2035,7.3336,0.1553,-0.0585
Moody's Investors Service,"Douglas Dynamics, L.L.C.",B+,2012-06-15,1287213,0,3531.0,Manuf,PLOW,3.1726,0.4064,0.7524,34.3954,19.244,19.244,23.5582,14.5461,9.0073,0.5816,11.6532,-29.0332,5.3034,6.9172,1.3699,1.4084
Moody's Investors Service,EOG Resources Canada Inc.,A-,2012-06-15,821189,1,1311.0,Enrgy,EOG,1.2901,0.2838,0.3963,100.0,20.8699,20.8699,45.7203,18.8601,10.7753,0.4077,8.6317,8.6317,4.3928,6.182,3.276,2.5588
Moody's Investors Service,Eastman Kodak Company (DIP),BB+,2012-06-15,31235,0,3577.0,BusEq,KODK,1.2684,-1.381,-0.6447,13.6681,-17.1827,-17.1827,-8.9819,-21.1158,-21.311,0.7664,31.4468,28.131,-15.7974,74.8734,-2.9934,-2.9329
Moody's Investors Service,Consolidated Communications Finance Co.,B-,2012-06-15,1304421,0,4813.0,Telcm,CNSL,1.8988,0.9482,18.504,65.1261,16.8563,16.8563,42.5011,10.7246,7.5673,0.2923,50.799,-4.4737,2.0341,2.6299,0.4367,0.4724
Fitch Ratings,The AES Corporation,BB,2012-06-15,874761,0,4991.0,Other,AES,1.0937,0.6682,2.2633,25.0963,14.5484,14.5484,22.3879,14.039,0.3603,0.355,16.4662,29.8658,3.5328,5.4637,-0.7934,-0.7928
Moody's Investors Service,New York Times Company (The),B+,2012-06-15,71691,0,2711.0,NoDur,NYT,1.6996,0.6001,1.5005,80.5421,7.3361,7.3361,13.4425,4.4635,5.4376,0.6028,8.296,-348.6165,1.6767,3.3178,-0.6845,-0.7221
Moody's Investors Service,"Worthington Industries, Inc.",BBB-,2012-06-15,108516,1,3310.0,Manuf,WOR,1.3889,0.2562,0.7141,13.1324,4.0088,4.0088,6.2131,6.9932,4.5605,1.3498,16.7711,25.5602,6.6755,12.4742,1.5184,1.3591
Moody's Investors Service,"Amkor Technology, Inc.",BB-,2012-06-15,1047127,0,3674.0,BusEq,AMKR,1.3754,0.656,2.1428,22.5807,12.7165,12.7165,23.8771,8.5443,7.8756,1.0741,36.4621,37.2534,8.4824,12.5424,0.9263,0.1768
Fitch Ratings,WPP plc,BBB+,2012-06-15,806968,1,7311.0,Other,WPP,0.9585,0.3609,0.706,92.184,11.8961,11.8961,15.7227,10.062,9.1451,0.3985,12.0755,-18.9365,3.3102,7.7176,-4.2343,-4.3983
Moody's Investors Service,"WESCO International, Inc.",BB-,2012-06-15,929008,0,5063.0,Shops,WCC,2.0541,0.3233,0.5177,20.1865,5.4358,5.4358,6.0649,4.5607,3.2037,1.9899,14.5805,108.4745,6.3746,9.8671,0.6159,0.2538
Moody's Investors Service,Pacific Life Insurance Company,A-,2012-06-15,1299130,1,3826.0,BusEq,PACB,10.3015,0.0158,0.0161,38.4904,-324.1178,-324.1178,-306.9811,-323.0311,-323.031,0.1551,-57.1327,-57.1327,-50.1054,-56.2296,10.3643,10.7212
Moody's Investors Service,PRA International,BB,2012-06-15,1185348,0,6153.0,Money,PRAA,22.5338,0.2709,0.3715,100.0,38.7909,38.7909,43.3018,36.4895,21.9619,0.4285,16.9851,19.4802,9.4428,12.384,0.5129,0.5395
Moody's Investors Service,PPL Corporation,BB,2012-06-15,922224,0,4911.0,Utils,PPL,1.1868,0.5892,1.5755,56.3197,21.8988,21.8988,31.0527,14.5406,10.9612,0.2595,11.5122,16.971,2.9723,4.7289,-0.2095,-0.6555
Moody's Investors Service,"AllScripts Healthcare Solutions, Inc.",BB,2012-06-15,1124804,0,7370.0,BusEq,MDRX,1.3234,0.1793,0.2493,46.0893,9.4554,9.4554,18.6239,8.1352,5.0973,0.5768,4.9846,-140.2288,2.9401,4.0908,0.956,0.8766
Fitch Ratings,"YUM! Brands, Inc.",BBB,2012-06-15,1041061,1,5812.0,Shops,YUM,0.9449,0.6359,2.1498,47.5624,15.5955,15.5955,20.7882,14.0527,10.2089,1.364,70.5812,220.1869,14.1655,25.6981,1.1426,1.0844
Moody's Investors Service,"PPG Industries Securities, Inc.",BBB+,2012-06-15,79879,1,2851.0,Chems,PPG,1.8082,0.5091,1.0685,40.2038,9.9825,9.9825,13.2137,9.2907,8.3251,0.9145,27.9164,-283.7758,6.6889,13.7037,0.559,0.4674
Moody's Investors Service,"Benchmark Electronics, Inc.",BB,2012-06-15,863436,0,3672.0,BusEq,BHE,3.765,0.0097,0.0102,7.802,3.682,3.682,5.3401,3.6224,3.3203,1.6263,7.1262,7.376,5.3998,7.0567,-1.8153,-2.047
Fitch Ratings,Braskem International Ltd,BBB-,2012-06-15,1071438,1,2860.0,Chems,BAK,0.6518,0.1142,1.3353,12.0136,-6.4729,-6.4729,2.035,-10.612,-11.2067,0.4607,-18.139,-18.1787,-5.1631,-16.0683,3.3026,2.7118
Moody's Investors Service,"Vail Resorts, Inc.",BB-,2012-06-15,812011,0,7990.0,Other,MTN,1.01,0.3677,0.5828,18.4693,8.095,8.095,18.2023,4.7573,2.9552,0.5996,4.0798,7.1037,1.7686,2.5796,6.2936,5.326
Moody's Investors Service,CVR Energy Inc.,BB-,2012-06-15,1376139,0,2911.0,Enrgy,CVI,2.3092,0.3965,0.6646,21.5864,11.2664,11.2664,13.1614,11.6939,6.876,1.6123,29.1297,30.0853,12.1374,17.5798,0.5757,-0.0889
Moody's Investors Service,"Arrow Electronics, Inc.",BBB-,2012-06-15,7536,1,5065.0,Shops,ARW,1.7744,0.3441,0.5337,13.7848,4.2489,4.2489,4.916,3.7858,2.7995,2.1762,16.3068,33.1267,6.0974,10.6962,-0.8036,-0.9895
Moody's Investors Service,PACCAR Inc,A+,2012-06-15,75362,1,3711.0,Durbl,PCAR,2.2829,0.3497,0.9847,20.3451,8.9625,8.9625,10.8075,6.4151,4.4458,0.7231,8.5408,8.5408,3.2148,5.5543,0.473,0.0212
Moody's Investors Service,"Oxford Industries, Inc.",BB-,2012-06-15,75288,0,2300.0,NoDur,OXM,1.821,0.3363,0.5193,54.4159,9.0665,9.0665,12.8635,5.735,3.8713,1.4904,14.33,130.6599,5.7429,9.5107,0.5205,-0.8105
Moody's Investors Service,"Baker Hughes, a GE company, LLC",A,2012-06-15,1701605,1,1389.0,Enrgy,BKR,2.7975,0.1941,0.2549,23.0296,13.1108,13.1108,19.7721,11.7947,8.7691,0.7981,10.9183,19.6616,7.0149,8.799,1.2735,-0.387
Moody's Investors Service,Hexcel Corporation,B+,2012-06-15,717605,0,2821.0,Chems,HXL,2.1184,0.229,0.3128,24.5691,13.7891,13.7891,18.2706,12.6041,9.7314,1.0118,16.8911,18.1928,9.8467,13.0226,0.4268,-0.6537
Moody's Investors Service,"Holly Energy Partners, L.P.",B+,2012-06-15,1283140,0,4610.0,Other,HEP,1.1589,0.451,0.8213,69.8877,49.5702,49.5702,68.3583,33.9869,29.3992,0.1531,9.8402,19.1206,5.1879,5.4027,-0.2063,-2.3111
Fitch Ratings,"Honda Motor Co., Ltd",A,2012-06-15,715153,1,3711.0,Durbl,HMC,1.3239,0.3305,0.9138,25.5214,2.911,2.911,9.5887,3.2385,2.794,0.6747,4.4741,4.4741,1.7197,2.9956,-1.9172,0.1068
Moody's Investors Service,Scholastic Corporation,BB,2012-06-15,866729,0,2731.0,NoDur,SCHL,1.8507,0.2013,0.261,53.9713,8.6625,8.6625,14.6697,7.9332,4.7871,1.2807,13.0194,20.3885,6.4719,10.3992,1.4106,1.2047
Moody's Investors Service,Sonoco Products Company,BBB,2012-06-15,91767,1,2650.0,Manuf,SON,1.4828,0.286,0.4118,18.6108,8.2,8.2,12.3139,6.1699,4.8751,1.257,13.3631,37.4804,6.1406,9.5411,-0.2118,-0.6038
Moody's Investors Service,"Great Atlantic & Pacific Tea Co., Inc.(The)",B-,2012-06-15,43300,0,5411.0,Shops,GAP,2.0249,0.3683,0.6044,36.2499,9.8838,9.8838,13.3617,9.4096,5.7255,1.9603,30.2359,30.2359,11.2234,19.1011,-0.1635,-0.3227
Moody's Investors Service,Griffon Corporation,B+,2012-06-15,50725,0,3420.0,Manuf,GFF,2.8559,0.5136,1.0943,21.4912,3.0341,3.0341,6.718,-0.7838,-0.4059,0.9815,-1.1399,-10.4912,-0.3984,-0.5545,-0.785,-1.5718
Moody's Investors Service,"H&E Equipment Services, Inc.",B-,2012-06-15,1339605,0,5084.0,Shops,HEES,1.124,0.4888,1.0169,26.7438,5.571,5.571,19.5584,1.685,1.2388,0.9565,3.3784,3.8788,1.1849,1.7271,1.2135,-0.2504
Moody's Investors Service,Kaiser Aluminum Corporation,BB-,2012-06-15,811596,0,3350.0,Manuf,KALU,2.9005,0.1478,0.175,13.2406,4.2266,4.2266,6.7317,3.1737,1.9288,0.9854,2.8758,3.1438,1.9007,2.4507,-0.1127,-0.0284
Moody's Investors Service,Select Medical Holdings Corporation,B-,2012-06-15,1320414,0,8060.0,Hlth,SEM,1.2591,0.6209,1.67,17.6836,11.0793,11.0793,13.9149,6.5512,3.8025,1.0117,13.3235,-13.1501,4.0677,5.0514,0.5341,0.6021
Moody's Investors Service,Huntsman Corporation,BB-,2012-06-15,1307954,0,2860.0,Chems,HUN,2.161,0.6777,2.2218,16.3978,5.4006,5.4006,9.3129,3.2083,2.2012,1.2962,14.1329,15.9771,2.8994,4.5554,1.7559,1.3906
Moody's Investors Service,IDEX Corporation,BBB,2012-06-15,832101,1,3561.0,Manuf,IEX,1.9588,0.2289,0.3837,40.876,16.4642,16.4642,20.3408,15.3247,10.3828,0.6353,11.42,-139.3561,6.5961,8.8055,-0.3825,-0.4949
Moody's Investors Service,"Ingles Markets, Incorporated",B+,2012-06-15,50493,0,5411.0,Shops,IMKTA,1.3403,0.6552,1.9797,22.2394,3.3207,3.3207,5.7138,1.701,1.0944,2.2053,9.0427,9.0427,2.4135,3.1181,-0.7698,-0.8816
Moody's Investors Service,"Sinclair Broadcast Group, Inc.",B,2012-06-15,912752,0,4833.0,Telcm,SBGI,1.0723,1.1057,-10.8298,68.0703,29.4841,29.4841,43.0033,15.8598,9.9045,0.487,-68.7739,-7.7064,4.8738,7.2702,-0.0094,-0.3539
Moody's Investors Service,"Interface, Inc.",B+,2012-06-15,715787,0,2273.0,NoDur,TILE,2.7966,0.5117,1.0479,35.1234,8.9922,8.9922,12.6979,6.1812,4.0629,1.2341,13.6173,18.5343,4.9555,6.6493,-0.3653,-0.4528
Fitch Ratings,"Interpublic Group of Companies, Inc.",BBB,2012-06-15,51644,1,7311.0,Other,IPG,1.0921,0.3815,0.6767,8.4321,8.4321,8.4321,11.4133,6.9245,4.1676,0.4979,11.9894,-35.0798,2.1514,6.7756,0.4433,0.3977
Moody's Investors Service,"Rockwell Automation, Inc.",A-,2012-06-15,1024478,1,3620.0,Manuf,ROK,2.3123,0.3411,0.5177,39.8373,14.459,15.4506,17.6388,14.459,11.6292,1.1354,39.8799,120.7309,13.1904,26.2759,1.0026,0.8287
Moody's Investors Service,McKesson Canada Corporation,BBB+,2012-06-15,927653,1,5122.0,Shops,MCK,1.0884,0.3102,0.5826,5.2338,1.7364,1.7364,2.1395,1.5476,1.147,3.6963,20.1874,2814.286,4.167,13.9251,2.8633,2.7529
Moody's Investors Service,"Stoneridge, Inc.",B,2012-06-15,1043337,0,3679.0,BusEq,SRI,1.51,0.5042,1.4789,19.1772,1.7672,1.7672,5.0212,9.3604,6.4488,1.1005,25.2088,423.4041,6.5474,12.4982,-0.5318,-0.6808
Moody's Investors Service,Madison Gas and Electric Company,A+,2012-06-15,61339,1,4931.0,Utils,MGEE,2.9986,0.3958,0.6599,60.7657,19.7422,19.7422,27.2355,17.7385,11.1512,0.3745,11.0587,11.0587,4.1763,6.6818,0.1947,-0.0493
Moody's Investors Service,Ferro Corporation,B+,2012-06-15,35214,0,2851.0,Chems,FOE,1.9434,0.3385,0.531,18.9035,2.5964,2.5964,5.5761,0.9897,0.1989,1.4791,0.5078,0.8313,0.2053,0.3359,-1.6846,-2.0055
Moody's Investors Service,ManTech International Corporation,BB,2012-06-15,892537,0,7373.0,BusEq,MANT,1.7747,0.1551,0.1836,14.5054,7.9218,7.9218,9.8448,7.5088,4.6448,1.6305,12.2383,129.3755,7.5733,10.3398,1.3138,0.0557
Moody's Investors Service,"Fiesta Restaurant Group, Inc.",B,2012-06-15,1534992,0,5812.0,Shops,FRGI,0.7528,1.0146,-69.3551,67.8482,8.0462,8.0462,12.2796,2.9846,2.0088,1.2831,-204.2166,-7.4274,2.5775,2.9881,0.4593,0.4823
Moody's Investors Service,ProAssurance Casualty Company,A-,2012-06-15,1127703,1,6331.0,Money,PRA,22.5338,0.2709,0.3715,100.0,38.7909,38.7909,43.3018,36.4895,21.9619,0.4285,16.9851,19.4802,9.4428,12.384,0.5129,0.5395
Moody's Investors Service,Ryerson Holding Corporation,CCC-,2012-06-15,1481582,0,5051.0,Shops,RYI,2.4727,1.2685,-4.9185,13.9287,2.0868,2.0868,2.9959,-0.4186,-0.1713,2.2978,3.2885,2.0652,-0.4275,-0.883,42.2987,44.9226
Moody's Investors Service,Entravision Communications Corporation,B,2012-06-15,1109116,0,4833.0,Telcm,EVC,2.7322,1.0015,-676.7593,54.4281,17.9906,17.9906,29.4836,-1.2397,-4.2182,0.416,1461.743,2.9026,-1.7547,-2.163,-0.2323,-0.2302
Moody's Investors Service,"General Mills Canada, Inc.",BBB+,2012-06-15,40704,1,2040.0,NoDur,GIS,0.9605,0.4724,1.0795,36.2873,15.3825,15.3825,18.6332,13.27,9.4087,0.7896,23.0883,-26.4643,7.5324,12.1821,1.3075,1.2668
Standard & Poor's Ratings Services,Martin Marietta Materials Inc.,A,2012-06-11,916076,1,1400.0,Other,MLM,1.806,0.3475,0.7035,19.4609,11.9982,11.9982,22.9818,7.8454,5.8695,0.5375,6.7261,11.9823,3.2118,4.3886,-1.2953,-1.1214
Standard & Poor's Ratings Services,Hologic Inc.,BB,2012-06-11,859737,0,3844.0,Hlth,HOLX,2.636,0.3364,0.5069,51.5931,20.9263,20.9263,37.9569,12.7078,8.7825,0.2978,5.3509,-10.8811,2.6153,3.551,-0.0397,-0.07
Standard & Poor's Ratings Services,Vulcan Materials Co.,BB,2012-06-11,1396009,0,1400.0,Other,VMC,1.3287,0.3803,0.6872,11.7523,-0.5682,-0.5682,14.3639,-7.5114,-3.7708,0.3068,-2.5922,-61.3702,-1.2296,-1.6064,-2.2103,-2.0081
Standard & Poor's Ratings Services,ABB Ltd.,A,2012-05-17,1091587,1,3613.0,Manuf,ABB,1.5144,0.0686,0.1412,30.1656,12.0865,12.0865,14.3088,11.8396,8.1073,0.8703,17.609,25.506,7.4997,16.4006,0.0689,0.1098
Standard & Poor's Ratings Services,Oracle Corp.,A+,2012-04-24,1341439,1,7370.0,BusEq,ORCL,2.7603,0.2685,0.3956,76.4247,33.7797,33.7797,41.6288,32.0336,23.9936,0.4844,21.2374,78.9051,11.623,15.5352,0.4756,0.4536
Standard & Poor's Ratings Services,Vail Resorts Inc.,BB-,2012-04-23,812011,0,7990.0,Other,MTN,1.01,0.3677,0.5828,18.4693,8.095,8.095,18.2023,4.7573,2.9552,0.5996,4.0798,7.1037,1.7686,2.5796,6.2936,5.326
Standard & Poor's Ratings Services,Scholastic Corp.,BB-,2012-04-18,866729,0,2731.0,NoDur,SCHL,1.7935,0.225,0.3499,53.7175,5.523,5.523,11.4455,4.4791,2.0984,1.2627,6.1216,10.1048,3.0464,4.744,-0.697,-0.6823
Standard & Poor's Ratings Services,SK Telecom Co. Ltd.,A-,2012-02-14,1015650,1,4812.0,Telcm,SKM,0.918,0.2181,0.4644,84.7164,13.3897,13.3897,13.3897,13.7171,9.9253,0.6524,12.022,19.1593,6.2659,9.4003,4.6381,2.9022
Standard & Poor's Ratings Services,Precision Drilling Corp.,BB+,2012-02-14,1013605,0,1381.0,Enrgy,PDS,3.1253,0.2378,0.3121,37.9746,17.6734,17.6734,40.4973,3.7805,4.3431,0.3327,5.6829,7.9851,3.4095,4.3312,-14.7515,-13.3985
Standard & Poor's Ratings Services,Cedar Fair L.P.,B,2012-02-09,811532,0,7996.0,Other,FUN,0.4842,0.9187,11.4146,91.0492,22.1636,22.1636,35.3712,7.1147,6.3487,0.5024,47.8885,-44.2946,3.1896,3.8941,0.6117,0.2941
Standard & Poor's Ratings Services,Roper Technologies Inc.,BBB-,2012-02-07,882835,1,3823.0,BusEq,ROP,1.8495,0.312,0.4875,53.4395,21.5537,21.5537,26.8084,18.7918,13.5191,0.4707,11.7263,-29.8302,6.3631,8.0673,1.2091,1.1922
Standard & Poor's Ratings Services,Harley-Davidson Inc.,BBB+,2012-01-25,793952,1,3751.0,Durbl,HOG,2.0194,0.672,2.6066,37.8164,11.5372,11.5372,18.987,8.0354,3.0157,0.5153,11.7664,11.9263,2.7534,3.8598,2.3478,2.12
Standard & Poor's Ratings Services,Eastman Kodak Co.,D,2012-01-19,31235,0,3577.0,BusEq,KODK,1.2684,-1.381,-0.6447,13.6681,-17.1827,-17.1827,-8.9819,-21.1158,-21.311,0.7664,31.4468,28.131,-15.7974,74.8734,-2.9934,-2.9329
Standard & Poor's Ratings Services,Olin Corp.,BB,2011-11-04,74303,0,2810.0,Chems,OLN,2.7671,0.3264,0.4845,20.1632,11.923,11.923,16.6046,13.7055,8.8606,0.7927,16.5025,25.9962,7.0238,11.1166,2.5568,0.9042
Standard & Poor's Ratings Services,"Ryman Hospitality Properties, Inc.",B,2011-11-03,1040829,0,6798.0,Money,RHP,0.8626,0.5296,1.1257,38.3593,-8.57,-8.57,7.3479,-17.2627,-11.5757,0.2938,-8.9534,-8.9534,-3.5178,-4.2119,0.072,-2.8052
Standard & Poor's Ratings Services,Canadian Natural Resources Ltd.,BBB+,2011-11-01,1017413,1,1311.0,Enrgy,CNQ,0.6882,0.2883,0.405,63.4828,31.0362,31.0362,59.101,20.095,11.8489,0.3357,12.2173,12.2173,6.0086,8.6956,0.8872,-1.4713
Standard & Poor's Ratings Services,Newmont USA Ltd.,BBB+,2011-10-21,1164727,1,1040.0,Other,NEM,2.6403,0.2102,0.2826,63.4801,43.6792,43.6792,53.5849,41.8973,23.8679,0.3717,20.0051,20.0051,12.2511,15.8006,0.2827,1.1111
Standard & Poor's Ratings Services,PerkinElmer Inc.,BBB,2011-10-17,31791,1,3826.0,BusEq,PKI,1.778,0.2552,0.3428,45.2193,7.4767,7.4767,12.9219,6.4587,5.2929,0.5069,4.5097,-31.5009,2.4014,3.3587,1.2756,1.0567
Standard & Poor's Ratings Services,Iridium Communications Inc.,B,2011-09-28,1418819,0,4899.0,Telcm,IRDM,1.5595,0.1711,0.2403,61.4445,10.7303,10.7303,36.7711,9.941,5.7273,0.3324,3.0448,4.2313,1.9038,2.524,1.6464,-1.4721
Standard & Poor's Ratings Services,PNM Resources Inc,BB,2011-09-26,1108426,0,4911.0,Utils,PNM,1.0457,0.4742,1.0314,46.4215,14.3083,14.3083,21.9436,-3.7872,-2.7018,0.3203,-1.919,-2.2461,-0.5957,-0.944,2.1818,2.2493
Standard & Poor's Ratings Services,DENTSPLY SIRONA Inc.,A,2011-08-25,818479,1,3843.0,Hlth,XRAY,3.652,0.2403,0.3203,50.8848,17.1216,17.1216,20.1085,16.1033,11.9634,0.6817,13.9972,50.6207,8.2056,10.6342,0.1706,0.2293
Standard & Poor's Ratings Services,Murphy Oil Corp.,BBB-,2011-07-01,717423,1,1311.0,Enrgy,MUR,1.5473,0.1556,0.1842,24.1128,7.6114,7.6114,13.3027,7.3122,4.9577,1.3245,9.7176,9.7716,5.5961,8.206,9.688,-0.0993
Standard & Poor's Ratings Services,Interpublic Group of Cos. Inc.,BB+,2011-05-18,51644,0,7311.0,Other,IPG,1.106,0.3924,0.7675,5.7579,5.6813,5.6813,9.5349,3.8686,1.5581,0.4899,7.1297,-18.2745,1.1694,3.4353,1.0644,0.9323
Standard & Poor's Ratings Services,Unisys Corp.,B,2011-04-28,746838,0,7373.0,BusEq,UIS,1.403,-7.443,-0.8824,26.6619,9.3467,9.3467,15.5812,5.5453,5.8737,1.3306,-17.5734,-12.8655,5.4322,-148.3726,-2.3395,-4.5691
Standard & Poor's Ratings Services,Northrop Grumman Corp.,BBB,2011-03-29,1133421,1,3812.0,BusEq,NOC,1.3737,0.2267,0.3516,18.8111,10.0451,10.0451,12.0172,8.4071,7.2949,0.896,14.1709,219.3548,6.0618,10.9576,1.5492,1.0693
Standard & Poor's Ratings Services,Seagate Technology plc,BB+,2011-03-07,1137789,0,3572.0,BusEq,STX,1.8078,0.4437,0.9185,28.1176,15.2699,15.2699,22.6152,13.7692,14.1202,1.3817,59.0676,59.0676,19.5101,32.8569,2.0723,2.1527
Standard & Poor's Ratings Services,Air Products and Chemicals Inc.,A,2011-02-16,2969,1,2810.0,Chems,APD,1.3519,0.3911,0.7246,27.0099,14.7131,14.7131,24.3091,14.7712,11.9439,0.638,16.9721,21.5018,7.1598,10.3341,0.6135,1.5522
Standard & Poor's Ratings Services,Ciena Corp.,CCC+,2011-01-21,936395,0,3661.0,BusEq,CIEN,3.0675,0.9006,9.0569,40.2302,-26.0237,-26.0237,-12.2924,-26.8125,-26.9695,0.5838,-209.3715,124.856,-15.746,-20.8186,-2.5411,-2.8267
Standard & Poor's Ratings Services,ITT Corp.,BBB+,2011-01-12,216228,1,3561.0,Manuf,ITT,1.614,0.2323,0.3049,31.9406,-9.552,-9.552,-6.1565,-14.4179,42.5398,0.1499,-2.9231,-3.3739,-1.0337,-2.244,-3.6652,-4.0303
Standard & Poor's Ratings Services,Motorola Solutions Inc.,BBB-,2011-01-04,68505,1,3663.0,BusEq,MSI,1.9695,0.1603,0.246,50.046,9.8595,9.8595,14.4939,8.7173,8.3104,0.2978,2.3755,2.7307,1.0204,1.9947,0.4744,0.3956
Standard & Poor's Ratings Services,National Grid USA,A,2010-12-16,1004315,1,4911.0,Utils,NGG,0.7722,0.8416,5.9833,23.5097,23.5097,23.5097,31.9912,15.6564,9.9165,0.3216,31.2247,-101.48,3.0104,4.9445,13.2046,5.0787
Standard & Poor's Ratings Services,Universal Health Services Inc.,BB+,2010-06-25,352915,0,8062.0,Hlth,UHS,1.3661,0.3479,0.535,86.5591,10.0057,10.0057,13.9404,9.1251,4.9829,1.3123,16.9743,28.7104,7.6744,11.0683,5.5076,1.6435
Standard & Poor's Ratings Services,Fresh Del Monte Produce Inc.,B,2010-06-01,1047340,0,100.0,NoDur,FDP,2.543,0.1589,0.1918,8.8891,4.2386,4.2386,6.7269,3.7696,4.1157,1.3468,8.53,11.2424,5.5701,7.1744,4.0444,2.9936
