Rating Agency,Company,Rating,Date,CIK,Binary Rating,SIC Code,Sector_x,Ticker,Current Ratio,Long-term Debt / Capital,Debt/Equity Ratio,Gross Margin,Operating Margin,EBIT Margin,EBITDA Margin,Pre-Tax Profit Margin,Net Profit Margin,Asset Turnover,ROE - Return On Equity,Return On Tangible Equity,ROA - Return On Assets,ROI - Return On Investment,Operating Cash Flow Per Share,Free Cash Flow Per Share,Name,Symbol,Address,Sector_y,Industry,Full Time Employees,Description,Total ESG Risk score,Environment Risk Score,Governance Risk Score,Social Risk Score,Controversy Level,Controversy Score,ESG Risk Percentile,ESG Risk Level
Standard & Poor's Ratings Services,northrop grumman corp.,BBB,2011-03-29,1133421,1,3812.0,BusEq,NOC,1.3737,0.2267,0.3516,18.8111,10.0451,10.0451,12.0172,8.4071,7.2949,0.896,14.1709,219.3548,6.0618,10.9576,1.5492,1.0693,northrop grumman corp.,NOC,"2980 Fairview Park Drive
Falls Church, VA 22042
United States",Industrials,Aerospace & Defense,"101,000","Northrop Grumman Corporation operates as an aerospace and defense technology company in the United States, Asia/Pacific, Europe, and internationally. The company's Aeronautics Systems segment designs, develops, manufactures, integrates, and sustains aircraft systems. This segment also offers unmanned autonomous aircraft systems, including high-altitude long-endurance strategic ISR systems and vertical take-off and landing tactical ISR systems; and strategic long-range strike aircraft, tactical fighter and air dominance aircraft, and airborne battle management and command and control systems. Its Defense Systems segment designs, develops, integrates, and produces tactical weapons and missile defense solutions, and provides sustainment, modernization, and training services for manned and unmanned aircraft and electronics systems. It also offers integrated, all-domain command, and control battle management systems, precision strike weapons; high speed air-breathing and hypersonic systems; high-performance gun systems, ammunition, precision munitions and advanced fuzes; aircraft and mission systems logistics support, sustainment, operations and modernization; and warfighter training services. The company's Mission Systems segment offers command, control, communications and computers, intelligence, surveillance, and reconnaissance systems; radar, electro-optical/infrared and acoustic sensors; electronic warfare systems; advanced communications and network systems; cyber solutions; intelligence processing systems; navigation; and maritime power, propulsion, and payload launch systems. Its Space Systems segment offers satellites, spacecraft systems, subsystems, sensors, and payloads; ground systems; missile defense systems and interceptors; launch vehicles and related propulsion systems; and strategic missiles. Northrop Grumman Corporation was founded in 1939 and is based in Falls Church, Virginia.",27.5,7.8,5.4,14.4,Moderate Controversy Level,2.0,59th percentile,Medium
Standard & Poor's Ratings Services,oracle corp.,A+,2012-04-24,1341439,1,7370.0,BusEq,ORCL,2.7603,0.2685,0.3956,76.4247,33.7797,33.7797,41.6288,32.0336,23.9936,0.4844,21.2374,78.9051,11.623,15.5352,0.4756,0.4536,oracle corp,ORCL,"2300 Oracle Way
Austin, TX 78741
United States",Technology,Software - Infrastructure,"164,000","Oracle Corporation offers products and services that address enterprise information technology environments worldwide. Its Oracle cloud software as a service offering include various cloud software applications, including Oracle Fusion cloud enterprise resource planning (ERP), Oracle Fusion cloud enterprise performance management, Oracle Fusion cloud supply chain and manufacturing management, Oracle Fusion cloud human capital management, Oracle Cerner healthcare, Oracle Advertising, and NetSuite applications suite, as well as Oracle Fusion Sales, Service, and Marketing. The company also offers cloud-based industry solutions for various industries; Oracle application licenses; and Oracle license support services. In addition, it provides cloud and license business' infrastructure technologies, such as the Oracle Database and MySQL Database; Java, a software development language; and middleware, including development tools and others. The company's cloud and license business' infrastructure technologies also comprise cloud-based compute, storage, and networking capabilities; and Oracle autonomous database, MySQL HeatWave, Internet-of-Things, digital assistant, and blockchain. Further, it provides hardware products and other hardware-related software offerings, including Oracle engineered systems, enterprise servers, storage solutions, industry-specific hardware, virtualization software, operating systems, management software, and related hardware services; and consulting and customer services. The company markets and sells its cloud, license, hardware, support, and services offerings directly to businesses in various industries, government agencies, and educational institutions, as well as through indirect channels. The company has a collaboration with Amdocs Limited to empower customers on their journey towards cloud and digital adoption. Oracle Corporation was founded in 1977 and is headquartered in Austin, Texas.",13.9,0.5,5.6,7.8,Moderate Controversy Level,2.0,9th percentile,Low
Fitch Ratings,"interpublic group of companies, inc.",BBB,2012-06-15,51644,1,7311.0,Other,IPG,1.0921,0.3815,0.6767,8.4321,8.4321,8.4321,11.4133,6.9245,4.1676,0.4979,11.9894,-35.0798,2.1514,6.7756,0.4433,0.3977,"the interpublic group of companies, inc.",IPG,"909 Third Avenue
New York, NY 10022
United States",Communication Services,Advertising Agencies,"56,800","The Interpublic Group of Companies, Inc. provides advertising and marketing services worldwide. It operates in three segments: Media, Data & Engagement Solutions, Integrated Advertising & Creativity Led Solutions, and Specialized Communications & Experiential Solutions. The Media, Data & Engagement Solutions segment provides media and communications services, digital services and products, advertising and marketing technology, e-commerce services, data management and analytics, strategic consulting, and digital brand experience under the IPG Mediabrands, UM, Initiative, Kinesso, Acxiom, Huge, MRM, and R/GA brand names. The Integrated Advertising & Creativity Led Solutions segment offers advertising, corporate, and brand identity services; and strategic consulting under FCB, IPG Health, McCann Worldgroup, and MullenLowe Group brands. Specialized Communications & Experiential Solutions segment provides public relations and other specialized communications services, live events, sports and entertainment marketing, and strategic consulting under IPG DXTRA Health, The Weber Shandwick Collective, Golin, Jack Morton, Momentum, and Octagon brand names. The company was formerly known as McCann-Erickson Incorporated and changed its name to The Interpublic Group of Companies, Inc. in January 1961. The Interpublic Group of Companies, Inc. was founded in 1902 and is headquartered in New York, New York.",10.3,0.0,5.3,5.0,Low Controversy Level,1.0,3rd percentile,Low
Standard & Poor's Ratings Services,costco wholesale corp.,A+,2012-08-28,909832,1,5399.0,Shops,COST,1.1374,0.0906,0.1712,12.5693,2.7431,2.7431,3.7047,2.6801,1.6443,3.3226,12.2644,12.2644,5.7621,11.1529,0.9838,0.4292,costco wholesale corp,COST,"999 Lake Drive
Issaquah, WA 98027
United States",Consumer Defensive,Discount Stores,"316,000","Costco Wholesale Corporation, together with its subsidiaries, engages in the operation of membership warehouses in the United States, Puerto Rico, Canada, Mexico, Japan, the United Kingdom, Korea, Australia, Taiwan, China, Spain, France, Iceland, New Zealand, and Sweden. The company offers branded and private-label products in a range of merchandise categories. It offers merchandise, such as sundries, dry groceries, candies, coolers, freezers, deli, liquor, and tobacco; appliances, electronics, health and beauty aids, hardware, garden and patio products, sporting goods, tires, toys and seasonal products, office supplies, automotive care products, postages, tickets, apparel, small appliances, furniture, domestics, housewares, special order kiosks, and jewelry; and meat, produce, service deli, and bakery products. The company also operates gasoline, pharmacies, optical, food courts, hearing-aid centers, and tire installation centers; and offers business delivery, travel, grocery, and various other services online. It also operates e-commerce websites. The company was formerly known as Costco Companies, Inc. and changed its name to Costco Wholesale Corporation in August 1999. Costco Wholesale Corporation was founded in 1976 and is based in Issaquah, Washington.",23.3,6.5,5.6,11.2,Significant Controversy Level,3.0,41st percentile,Medium
Standard & Poor's Ratings Services,advanced micro devices inc.,B,2013-01-08,2488,0,3674.0,BusEq,AMD,1.6213,0.7911,3.7955,22.7776,-19.4762,-19.4762,-14.6809,-22.4456,-21.8185,1.3555,-219.8885,1065.766,-29.575,-45.9418,-0.9709,-0.8351,advanced micro devices,AMD,"2485 Augustine Drive
Santa Clara, CA 95054
United States",Technology,Semiconductors,"26,000","Advanced Micro Devices, Inc. operates as a semiconductor company worldwide. It operates through Data Center, Client, Gaming, and Embedded segments. The company offers x86 microprocessors and graphics processing units (GPUs) as an accelerated processing unit, chipsets, data center, and professional GPUs; and embedded processors, and semi-custom system-on-chip (SoC) products, microprocessor and SoC development services and technology, data processing unites, field programmable gate arrays (FPGA), and adaptive SoC products. It provides processors under the AMD Ryzen, AMD Ryzen PRO, Ryzen Threadripper, Ryzen Threadripper PRO, AMD Athlon, AMD Athlon PRO, and AMD PRO A-Series brand names; graphics under the AMD Radeon graphics and AMD Embedded Radeon graphics; and professional graphics under the AMD Radeon Pro graphics brand name. In addition, the company offers data center graphics under the Radeon Instinct and Radeon PRO V-series brands, as well as servers under the AMD Instinct accelerators brand; server microprocessors under the AMD EPYC brands; low power solutions under the AMD Athlon, AMD Geode, AMD Ryzen, AMD EPYC, AMD R-Series, and G-Series brands; FPGA products under the Virtex-6, Virtex-7, Virtex UltraScale+, Kintex-7, Kintex UltraScale, Kintex UltraScale+, Artix-7, Artix UltraScale+, Spartan-6, and Spartan-7 brands; adaptive SOCs under the Zynq-7000, Zynq UltraScale+ MPSoC, Zynq UltraScale+ RFSoCs, Versal HBM, Versal Premium, Versal Prime, Versal AI Core, Versal AI Edge, Vitis, and Vivado brands; and compute and network acceleration board products under the Alveo brand. It serves original equipment and design manufacturers, public cloud service providers, system integrators, independent distributors, and add-in-board manufacturers through its direct sales force, and sales representatives. Advanced Micro Devices, Inc. was incorporated in 1969 and is headquartered in Santa Clara, California.",,,,,,,,
Moody's Investors Service,cdw corporation,B-,2013-08-20,1402057,0,5045.0,Shops,CDW,1.3958,1.0019,-556.9863,16.4907,4.9019,4.9019,7.1992,0.2947,0.1781,1.6091,-234.2403,-0.444,0.2865,0.4433,-1.4525,-1.4805,cdw corporation,CDW,"200 North Milwaukee Avenue
Vernon Hills, IL 60061
United States",Technology,Information Technology Services,"11,400","CDW Corporation provides information technology (IT) solutions in the United States, the United Kingdom, and Canada. It operates through three segments: Corporate, Small Business, and Public. The company offers discrete hardware and software products and services, as well as integrated IT solutions, including on-premise and cloud capabilities across hybrid infrastructure, digital experience, and security. It also provides hardware products comprising notebooks/mobile devices, tablets, network communications, desktop computers, collaboration, data storage and servers, and others; and software products, such as cloud solutions, software assurance, application suites, security, virtualization, operating systems, and network management. In addition, the company offers advisory and design, software development, implementation, managed, professional, configuration, partner, and telecom services, as well as warranties; delivers and manages mission critical software, systems, and network solutions; and implementation and installation, and repair services to its customers through various third-party service providers. It serves government, education, and healthcare customers; and small, medium, and large business customers. CDW Corporation was founded in 1984 and is headquartered in Vernon Hills, Illinois.",9.2,2.5,3.5,3.2,None Controversy Level,,2nd percentile,Negligible
Standard & Poor's Ratings Services,sba communications corp.,B,2013-08-28,1034054,0,6798.0,Money,SBAC,0.4502,0.882,8.2024,70.7042,15.4228,15.4228,60.2532,-18.5615,-18.975,0.1442,-28.13,7.4033,-2.7764,-3.3194,0.6025,0.7984,sba communications corp,SBAC,"8051 Congress Avenue
Boca Raton, FL 33487-1307
United States",Real Estate,REIT - Specialty,"1,787","SBA Communications Corporation is a leading independent owner and operator of wireless communications infrastructure including towers, buildings, rooftops, distributed antenna systems (DAS) and small cells. With a portfolio of more than 39,000 communications sites throughout the Americas, Africa and in Asia, SBA is listed on NASDAQ under the symbol SBAC. Our organization is part of the S&P 500 and is one of the top Real Estate Investment Trusts (REITs) by market capitalization.",11.6,3.1,5.2,3.2,None Controversy Level,,4th percentile,Low
Standard & Poor's Ratings Services,union pacific corp.,A,2013-12-11,100885,1,4011.0,Other,UNP,1.1587,0.3069,0.4526,50.129,32.2326,32.2326,40.6432,30.1921,18.8426,0.4438,19.837,19.837,8.3621,13.7492,0.4702,-0.1499,union pacific corp.,UNP,"1400 Douglas Street
Omaha, NE 68179
United States",Industrials,Railroads,"31,052","Union Pacific Corporation, through its subsidiary, Union Pacific Railroad Company, operates in the railroad business in the United States. The company offers transportation services for grain and grain products, fertilizers, food and refrigerated products, and coal and renewables to grain processors, animal feeders, ethanol producers, renewable biofuel producers, and other agricultural users; and construction products, industrial chemicals, plastics, forest products, specialized products, metals and ores, petroleum, liquid petroleum gases, soda ash, and sand, as well as finished automobiles, automotive parts, and merchandise in intermodal containers. Union Pacific Corporation was founded in 1862 and is headquartered in Omaha, Nebraska.",23.5,7.3,5.6,10.6,Moderate Controversy Level,2.0,42nd percentile,Medium
Egan-Jones Ratings Company,teradyne inc,A-,2014-01-28,97210,1,3825.0,BusEq,TER,4.1503,0.0877,0.0975,53.4804,17.3453,17.3453,26.1284,16.0541,13.1009,0.682,12.205,19.5502,8.9345,11.1341,0.5383,0.4007,"teradyne, inc.",TER,"600 Riverpark Drive
North Reading, MA 01864
United States",Technology,Semiconductor Equipment & Materials,"6,600","Teradyne, Inc. designs, develops, manufactures, and sells automated test systems and robotics products worldwide. It operates through four segments; Semiconductor Test, System Test, Robotics, and Wireless Test. The Semiconductor Test segment offers products and services for wafer level and device package testing of semiconductor devices in automotive, industrial, communications, consumer, smartphones, cloud, computer and electronic game, and other applications. This segment also provides FLEX test platform systems; J750 test system to address the volume semiconductor devices, including microcontrollers; Magnum platform that tests memory devices, such as flash memory and DRAM; and ETS platform for semiconductor manufacturers, and assembly and test subcontractors in the analog/mixed signal markets. It serves integrated device manufacturers that integrate the fabrication of silicon wafers into their business; fabless companies that outsource the manufacturing of silicon wafers; foundries; and semiconductor assembly and test providers. The System Test segment offers defense/aerospace test instrumentation and systems; storage and system level test systems; and circuit-board test and inspection systems. The Wireless Test segment provides wireless test solutions for silicon validation, wireless module manufacturing, and wireless end device manufacturing under the LitePoint brand. This segment also offers IQxel-MX and IQxel-MW7G series products for edge measurement performance in the manufacturing of connectivity products; IQxstream-5G and IQgig-5G family products to support 4G and 5G technologies; and IQgig-UWB+ for certification and manufacturing test support for ultra wideband products. The Robotics segment provides collaborative robotic arms, autonomous mobile robots, and advanced robotic control software for manufacturing, logistics, and industrial customers. The company was incorporated in 1960 and is headquartered in North Reading, Massachusetts.",17.0,7.1,5.0,4.9,None Controversy Level,,17th percentile,Low
Egan-Jones Ratings Company,vertex pharmaceuticals,BBB,2014-02-10,875320,1,2834.0,Hlth,VRTX,3.9931,0.2653,0.3735,89.2509,-50.3317,-50.3317,-46.3411,-51.6549,-36.7192,0.5226,-37.1292,-37.9974,-21.7168,-27.2804,-1.514,-1.412,vertex pharmaceuticals inc,VRTX,"50 Northern Avenue
Boston, MA 02210
United States",Healthcare,Biotechnology,"5,400","Vertex Pharmaceuticals Incorporated, a biotechnology company, engages in developing and commercializing therapies for treating cystic fibrosis (CF). It markets TRIKAFTA/KAFTRIO for people with CF with at least one F508del mutation for 2 years of age or older; SYMDEKO/SYMKEVI for people with CF for 6 years of age or older; ORKAMBI for CF patients 1 year or older; and KALYDECO for the treatment of patients with 1 year or older who have CF with ivacaftor. The company's pipeline includes VX-522, a CFTR mRNA therapeutic designed to treat the underlying cause of CF, which is in Phase 1 clinical trial; VX-548, a non-opioid medicine for the treatment of acute and neuropathic pain which is in Phase 3 clinical trial; Exa-cel, for the treatment of sickle cell disease and transfusion-dependent beta thalassemia which is in Phase 2/3 clinical trial. In addition, it provides inaxaplin for the treatment of APOL1-mediated focal segmental glomerulosclerosis and co-morbidities, such as hypertension which is in single Phase 2/3; VX- 880 and VX-264, treatment for Type 1 Diabetes which is in Phase 1/2 clinical trial; VX-970, which is in Phase 2 clinical trial for the treatment of cancer; and VX-803 and VX-984 for treatment of cancer in Phase 1 clinical trial. Further, it sells the products to specialty pharmacy and specialty distributors in the United States, as well as retail pharmacies, hospitals, and clinics. Additionally, the company has collaborations with CRISPR Therapeutics AG.; Moderna, Inc.; Entrada Therapeutics, Inc.; Arbor Biotechnologies, Inc.; Mammoth Biosciences, Inc.; and Verve Therapeutics., as well as collaborations with Tevard Biosciences to develop novel tRNA-based therapies for duchenne muscular dystrophy. Vertex Pharmaceuticals Incorporated was founded in 1989 and is headquartered in Boston, Massachusetts.",22.7,0.8,6.6,15.4,Moderate Controversy Level,2.0,39th percentile,Medium
Standard & Poor's Ratings Services,nvr inc.,BBB,2014-03-04,906163,1,1531.0,Other,NVR,4.8434,0.288,0.4046,19.1233,8.874,9.0154,9.2698,8.6376,5.6706,1.2226,12.198,12.6966,6.9328,8.6843,51.1565,50.7553,"nvr, inc.",NVR,"Plaza America Tower I
Suite 500 11700 Plaza America Drive
Reston, VA 20190
United States",Consumer Cyclical,Residential Construction,"6,300","NVR, Inc. operates as a homebuilder in the United States. The company operates through, Homebuilding and Mortgage Banking segments. It engages in the construction and sale of single-family detached homes, townhomes, and condominium buildings under the Ryan Homes, NVHomes, and Heartland Homes names. The company markets its Ryan Homes products to first-time and first-time move-up buyers; and NVHomes and Heartland Homes products to move-up and luxury buyers. It also provides various mortgage related services to its homebuilding customers, as well as brokers title insurance; performs title searches in connection with mortgage loan closings; and sells mortgage loans to investors in the secondary markets on a servicing released basis. The company primarily serves in Maryland, Virginia, West Virginia, Delaware, New Jersey, Eastern Pennsylvania, New York, Ohio, Western Pennsylvania, Indiana, Illinois, North Carolina, Georgia, South Carolina, Florida, Tennessee, and Washington, D.C. NVR, Inc. was founded in 1980 and is headquartered in Reston, Virginia.",20.3,7.2,5.2,7.8,Low Controversy Level,1.0,29th percentile,Medium
Standard & Poor's Ratings Services,"autodesk, inc.",BBB,2014-05-13,769397,1,7370.0,BusEq,ADSK,2.6458,0.2481,0.33,87.937,12.5247,12.5247,18.1934,12.3093,10.062,0.4949,10.1172,19.2512,4.9793,7.6066,0.0413,0.0051,autodesk inc,ADSK,"One Market Street
Suite 400
San Francisco, CA 94105
United States",Technology,Software - Application,,"Autodesk, Inc. provides 3D design, engineering, and entertainment technology solutions worldwide. The company offers AutoCAD Civil 3D, a surveying, design, analysis, and documentation solution for civil engineering, including land development, transportation, and environmental projects; BuildingConnected, a SaaS preconstruction solution; AutoCAD, a software for professional design, drafting, detailing, and visualization; AutoCAD LT, a drafting and detailing software; computer-aided manufacturing (CAM) software for computer numeric control machining, inspection, and modelling for manufacturing; Fusion 360, a 3D CAD, CAM, and computer-aided engineering tool; and Industry Collections tools for professionals in architecture, engineering and construction, product design and manufacturing, and media and entertainment collection industries. It also provides Inventor tools for 3D mechanical design, simulation, analysis, tooling, visualization, and documentation; Vault, a data management software to manage data in one central location, accelerate design processes, and streamline internal/external collaboration; Maya and 3ds Max software products that offer 3D modeling, animation, effects, rendering, and compositing solutions; and ShotGrid, a cloud-based software for review and production tracking in the media and entertainment industry. It sells its products and services to customers directly, as well as through a network of resellers and distributors. Autodesk, Inc. was incorporated in 1982 and is headquartered in San Francisco, California.",16.8,3.7,4.9,8.2,None Controversy Level,,16th percentile,Low
Standard & Poor's Ratings Services,netapp inc.,BBB+,2014-07-21,1002047,1,3572.0,BusEq,NTAP,2.4016,0.2073,0.2615,61.9605,11.6047,11.6047,16.8854,11.7154,10.087,0.6865,16.8493,23.8335,6.9244,13.3568,0.1122,0.3014,"netapp, inc",NTAP,"3060 Olsen Drive
San Jose, CA 95128
United States",Technology,Computer Hardware,,"NetApp, Inc. provides cloud-led and data-centric services to manage and share data on-premises, and private and public clouds worldwide. It operates in two segments, Hybrid Cloud and Public Could. The company offers intelligent data management software, such as NetApp ONTAP, NetApp Snapshot, NetApp SnapCenter Backup Management, NetApp SnapMirror Data Replication, NetApp SnapLock Data Compliance, and storage infrastructure solutions, including NetApp All-Flash FAS series, NetApp Fabric Attached Storage, NetApp E/EF series, and NetApp StorageGRID. In addition, it provides cloud storage and data services comprising NetApp Cloud Volumes ONTAP, Azure NetApp Files, Amazon FSx for NetApp ONTAP, NetApp Cloud Volumes Service for Google Cloud, and cloud operations services, such as NetApp Cloud Insights, Spot by NetApp, and Instaclustr. Further, the company offers application-aware data management service under the NetApp Astra name; and professional and support services, such as strategic consulting, professional, managed, and support services. Additionally, it provides assessment, design, implementation, and migration services. The company serves the energy, financial service, government, technology, internet, life science, healthcare service, manufacturing, media, entertainment, animation, video postproduction, and markets through a direct sales force and an ecosystem of partners. NetApp, Inc. was incorporated in 1992 and is headquartered in San Jose, California.",15.4,2.2,5.5,7.7,Low Controversy Level,1.0,12th percentile,Low
Standard & Poor's Ratings Services,steel dynamics inc.,BB+,2014-09-04,1022671,0,3312.0,Manuf,STLD,3.7663,0.4774,0.9261,9.8748,5.3656,5.3656,8.4549,2.7992,2.2434,1.2536,5.9836,11.637,2.4466,3.1267,-0.1773,-0.4143,steel dynamics inc,STLD,"7575 West Jefferson Boulevard
Fort Wayne, IN 46804
United States",Basic Materials,Steel,"12,600","Steel Dynamics, Inc., together with its subsidiaries, operates as a steel producer and metal recycler in the United States. The Steel Operations segment offers hot rolled, cold rolled, and coated steel products; parallel flange beams and channel sections, flat bars, large unequal leg angles, and reinforcing steel bars, as well as standard strength carbon, intermediate alloy hardness, and premium grade rail products; engineered special-bar-quality products, merchant-bar-quality products, and other engineered round steel bars; channels, angles, flats, merchant rounds, and reinforcing steel bars; and specialty shapes and light structural steel products. This segment also engages in turning, polishing, straightening, chamfering, precision saw-cutting, and heat treating of bar products. Its products are used in construction, automotive, manufacturing, transportation, heavy and agriculture equipment, and pipe and tube markets. The Metals Recycling Operations segment is involved in the ferrous and nonferrous scrap metal processing, transportation, marketing, brokerage, and scrap management services. Its ferrous products include heavy melting steel, busheling, bundled scrap, shredded scrap, steel turnings, and cast-iron products; and nonferrous products comprise aluminum, brass, copper, stainless steel, and other nonferrous metals. The Steel Fabrication Operations segment produces steel non-residential building components, such as steel joists, girders, trusses, and steel deck products for non-residential steel fabricators, metal building companies, general construction contractors, developers, owners, brokers, and governmental entities, as well as e-commerce warehouses, data centers, metal buildings, and education and commercial building projects. The Aluminum Operations segment offers recycled aluminum flat rolled products. The company also exports its products. Steel Dynamics, Inc. was founded in 1993 and is headquartered in Fort Wayne, Indiana.",33.0,10.6,8.1,14.4,Low Controversy Level,1.0,78th percentile,High
Moody's Investors Service,amphenol corporation,BBB+,2014-09-09,820313,1,3678.0,BusEq,APH,1.9614,0.332,0.7405,31.4387,19.4336,19.4336,22.3915,18.3457,13.7755,0.7482,22.1763,158.841,10.3551,14.8139,0.1563,0.1074,amphenol corporation,APH,"358 Hall Avenue
PO Box 5030
Wallingford, CT 06492
United States",Technology,Electronic Components,"95,000","Amphenol Corporation, together with its subsidiaries, primarily designs, manufactures, and markets electrical, electronic, and fiber optic connectors in the United States, China, and internationally. It operates through three segments: Harsh Environment Solutions, Communications Solutions, and Interconnect and Sensor Systems. The company offers connectors and connector systems, including harsh environment data, power, high-speed, fiber optic, and radio frequency interconnect products; busbars and power distribution systems; and other connectors. It also provides value-add products, such as backplane interconnect systems, cable assemblies and harnesses, and cable management products; other products comprising flexible and rigid printed circuit boards, hinges, other mechanical, and production related products. In addition, the company offers consumer device, network infrastructure, and other antennas; coaxial, power, and specialty cables; and sensors and sensor-based products. It sells its products through its sales force, independent representatives, and a network of electronics distributors to original equipment manufacturers, electronic manufacturing services companies, original design manufacturers, and service providers in the automotive, broadband communication, commercial aerospace, industrial, information technology and data communication, military, mobile device, and mobile network markets. Amphenol Corporation was founded in 1932 and is headquartered in Wallingford, Connecticut.",19.6,7.3,7.6,4.6,Moderate Controversy Level,2.0,26th percentile,Low
Standard & Poor's Ratings Services,ross stores inc.,A-,2014-09-15,745732,1,5651.0,Shops,ROST,1.3403,0.0695,0.0747,28.0482,13.1282,13.1282,15.1429,13.1306,8.1845,2.6253,41.7129,41.7129,21.487,38.8126,0.1693,-0.1537,ross stores inc,ROST,"5130 Hacienda Drive
Dublin, CA 94568-7579
United States",Consumer Cyclical,Apparel Retail,"108,000","Ross Stores, Inc., together with its subsidiaries, operates off-price retail apparel and home fashion stores under the Ross Dress for Less and dd's DISCOUNTS brand names in the United States. Its stores primarily offer apparel, accessories, footwear, and home fashions. The company's Ross Dress for Less stores sell its products at department and specialty stores to middle income households; and dd's DISCOUNTS stores sell its products at department and discount stores for households with moderate income. Ross Stores, Inc. was incorporated in 1957 and is headquartered in Dublin, California.",18.2,1.8,5.7,10.8,Moderate Controversy Level,2.0,21st percentile,Low
Moody's Investors Service,humana inc.,BBB-,2014-09-16,49071,1,6324.0,Money,HUM,1.9453,0.2182,0.3223,21.1774,4.9887,4.9887,6.0199,4.6499,2.9797,1.9924,13.2138,22.0491,5.9368,10.3307,-0.9824,-1.2199,humana inc.,HUM,"Humana Building
500 West Main Street P.O. Box 1438
Louisville, KY 40202
United States",Healthcare,Healthcare Plans,"67,600","Humana Inc., together with its subsidiaries, provides medical and specialty insurance products in the United States. It operates through two segments, Insurance and CenterWell. The company offers medical and supplemental benefit plans to individuals. It has a contract with Centers for Medicare and Medicaid Services to administer the Limited Income Newly Eligible Transition prescription drug plan program; and contracts with various states to provide Medicaid, dual eligible, and long-term support services benefits. In addition, the company provides commercial fully-insured medical and specialty health insurance benefits comprising dental, vision, life insurance, and other supplemental health benefits, as well as administrative services only products to individuals and employer groups; military services, such as TRICARE T2017 East Region contract; and engages in the operations of pharmacy benefit manager business. Further, it operates pharmacies and senior focused primary care centers; and offers home solutions services, such as home health, hospice, and other services to its health plan members, as well as to third parties. The company sells its products through employers and employees, independent brokers and agents, sales representatives, and digital insurance agencies. The company was formerly known as Extendicare Inc. and changed its name to Humana Inc. in April 1974. Humana Inc. was founded in 1961 and is headquartered in Louisville, Kentucky.",22.5,0.0,5.7,16.7,Moderate Controversy Level,2.0,38th percentile,Medium
Moody's Investors Service,trimble inc.,BBB,2014-11-19,864749,1,3829.0,BusEq,TRMB,1.741,0.3133,0.4762,51.2803,10.4194,10.4194,17.7425,11.2457,9.3652,0.5881,9.9145,-34.7088,5.4687,6.8082,0.369,0.2507,trimble inc.,TRMB,"10368 Westmoor Drive
Westminster, CO 80021
United States",Technology,Scientific & Technical Instruments,"12,700","Trimble Inc. provides technology solutions that enable professionals and field mobile workers to enhance or transform their work processes worldwide. The company's Buildings and Infrastructure segment offers field and office software for project design and visualization; systems to guide and control construction equipment; software for 3D design and data sharing; systems to monitor, track, and manage assets, equipment, and workers; software to share and communicate data; program management solutions for construction owners; 3D conceptual design and modeling software; building information modeling software; enterprise resource planning, project management, and project collaboration solutions; integrated site layout and measurement systems; cost estimating, scheduling, and project controls solutions; and applications for sub-contractors and trades. Its Geospatial segment provides surveying and geospatial products, and geographic information systems. The company's Resources and Utilities segment offers precision agriculture products and services, such as guidance and positioning systems, including autonomous steering systems, automated and variable-rate application and technology systems, and information management solutions; manual and automated navigation guidance for tractors and other farm equipment; solutions to automate application of pesticide and seeding; water solutions; and agricultural software. Its Transportation segment offers solutions for long haul trucking and freight shipper markets; mobility solutions comprising route management, safety and compliance, end-to-end vehicle management, video intelligence, and supply chain communications; and fleet and transportation management systems, analytics, routing, mapping, reporting, and predictive modeling solutions. The company was formerly known as Trimble Navigation Limited and changed its name to Trimble Inc. in October 2016. Trimble Inc. was founded in 1978 and is headquartered in Westminster, Colorado.",12.4,3.8,5.2,3.4,None Controversy Level,,6th percentile,Low
Moody's Investors Service,pinnacle west capital corporation,A-,2015-06-02,764622,1,4911.0,Utils,PNW,0.6243,0.3995,0.7828,66.2098,23.2339,23.2339,38.6205,18.4556,11.3871,0.2444,9.3757,9.3757,2.9652,5.63,-0.5176,0.2756,pinnacle west capital corporation,PNW,"400 North Fifth Street
PO Box 53999
Phoenix, AZ 85072-3999
United States",Utilities,Utilities - Regulated Electric,"6,133","Pinnacle West Capital Corporation, through its subsidiary, provides retail and wholesale electric services primarily in the state of Arizona. The company engages in the generation, transmission, and distribution of electricity using coal, nuclear, gas, oil, and solar generating facilities. Its transmission facilities include overhead lines and underground lines; and distribution facilities consist of overhead lines and underground primary cables. The company also owns and maintains transmission and distribution substations; and owns energy storage facilities. Pinnacle West Capital Corporation was incorporated in 1985 and is headquartered in Phoenix, Arizona.",30.8,14.7,5.8,10.2,Low Controversy Level,1.0,72nd percentile,High
Egan-Jones Ratings Company,johnson controls international,AA-,2015-08-25,788329,1,3690.0,BusEq,JOUT,3.2798,0.0361,0.0393,39.6354,3.9235,3.9235,6.477,4.0953,2.1445,1.4739,4.5969,5.3188,3.1608,4.431,0.297,0.7784,johnson controls international plc,JCI,"One Albert Quay
Cork, T12 X8N6
Ireland",Industrials,Building Products & Equipment,"100,000","Johnson Controls International plc, together with its subsidiaries, engages in engineering, manufacturing, commissioning, and retrofitting building products and systems in the United States, Europe, the Asia Pacific, and internationally. It operates in four segments: Building Solutions North America, Building Solutions EMEA/LA, Building Solutions Asia Pacific, and Global Products. The company designs, sells, installs, and services heating, ventilating, air conditioning, controls, building management, refrigeration, integrated electronic security, integrated fire detection and suppression systems, and fire protection and security products for commercial, industrial, retail, small business, institutional, and governmental customers. It also provides energy efficiency solutions and technical services, including inspection, scheduled maintenance, and repair and replacement of mechanical and control systems, as well as data-driven smart building solutions to non-residential building and industrial applications. In addition, the company offers control software and software services for residential and commercial applications. Johnson Controls International plc was incorporated in 1885 and is headquartered in Cork, Ireland.",14.4,4.5,5.4,4.6,Significant Controversy Level,3.0,10th percentile,Low
DBRS,fair isaac corporation,BBB-,2015-09-01,814547,1,7373.0,BusEq,FICO,0.8451,0.4527,1.201,68.4049,20.516,20.516,24.6519,16.8737,12.0255,0.6617,20.8702,-25.4212,7.9577,11.4228,1.2698,1.5741,fair isaac corporation,FICO,"5 West Mendenhall
Suite 105
Bozeman, MT 59715
United States",Technology,Software - Application,"3,550","Fair Isaac Corporation develops analytic, software, and digital decisioning technologies and services that enable businesses to automate, enhance, and connect decisions in the Americas, Europe, the Middle East, Africa, and the Asia Pacific. The company operates in two segments, Scores and Software. The Software segment provides pre-configured analytic and decision management solution designed for various business needs or processes, such as account origination, customer management, customer engagement, fraud detection, financial crimes compliance, and marketing, as well as associated professional services. This segment also offers FICO Platform, a modular software offering designed to support advanced analytic and decision use cases, as well as stand-alone analytic and decisioning software that can be configured by customers to address a wide range of business use cases. The Scores segment provides business-to-business scoring solutions and services for consumers that give clients access to predictive credit and other scores that can be integrated into their transaction streams and decision-making processes, as well as business-to-consumer scoring solutions comprising myFICO.com subscription offerings. It offers FICO Customer Analytics, FICO Responsible AI, FICO Advisors, FICO Business Outcome Simulator, FICO Forecaster, FICO TRIAD Customer Manager, FICO Blaze Advisor, FICO Xpress Optimization, FICO Falcon Fraud Manager, FICO Analytics Workbench, FICO Data Orchestrator, FICO DMP Streaming, FICO Decision Optimizer, and FICO Strategy Director, as well as software implementation and configuration services. The company markets its products and services primarily through its direct sales organization and indirect channels, as well as online. The company was formerly known as Fair Isaac & Company, Inc. and changed its name to Fair Isaac Corporation in July 1992. Fair Isaac Corporation was founded in 1956 and is headquartered in Bozeman, Montana.",,,,,,,,
Fitch Ratings,albemarle corporation,BBB-,2015-09-16,915913,1,2810.0,Chems,ALB,3.3984,0.3769,0.619,35.5211,24.0856,24.0856,28.5701,22.4888,17.2567,0.6679,25.0018,31.7962,12.1548,15.5779,-0.3043,0.9782,albemarle corporation,ALB,"4250 Congress Street
Suite 900
Charlotte, NC 28209
United States",Basic Materials,Specialty Chemicals,"9,000","Albemarle Corporation develops, manufactures, and markets engineered specialty chemicals worldwide. It operates through three segments: Energy Storage, Specialties and Ketjen. The Energy Storage segment offers lithium compounds, including lithium carbonate, lithium hydroxide, and lithium chloride; technical services for the handling and use of reactive lithium products; and lithium-containing by-products recycling services. The Specialties segment provides bromine-based specialty chemicals, including elemental bromine, alkyl and inorganic bromides, brominated powdered activated carbon, and other bromine fine chemicals; lithium specialties, such as butyllithium and lithium aluminum hydride; develops and manufactures cesium products for the chemical and pharmaceutical industries; and zirconium, barium, and titanium products for pyrotechnical applications that include airbag initiators. The Ketjen segment offers clean fuels technologies (CFT), which is composed of hydroprocessing catalysts (HPC) together with isomerization and akylation catalysts; fluidized catalytic cracking (FCC) catalysts and additives; and performance catalyst solutions (PCS), which is composed of organometallics and curatives. The company serves the energy storage, petroleum refining, consumer electronics, construction, automotive, lubricants, pharmaceuticals, and crop protection markets. Albemarle Corporation was founded in 1887 and is headquartered in Charlotte, North Carolina.",26.6,15.4,6.3,4.8,Moderate Controversy Level,2.0,55th percentile,Medium
Egan-Jones Ratings Company,"martin marietta materials,",BBB+,2015-09-18,916076,1,1400.0,Other,MLM,3.5876,0.3927,0.6562,16.8846,10.1129,10.1129,18.174,7.6187,5.629,0.6612,7.6309,13.211,3.6867,4.634,1.8308,1.7621,martin marietta materials,MLM,"4123 Parklake Avenue
Raleigh, NC 27612
United States",Basic Materials,Building Materials,"9,400","Martin Marietta Materials, Inc., a natural resource-based building materials company, supplies aggregates and heavy-side building materials to the construction industry in the United States and internationally. It offers crushed stone, sand, and gravel products; ready mixed concrete and asphalt; paving products and services; and Portland and specialty cement for use in the infrastructure projects, and nonresidential and residential construction markets, as well as in the railroad, agricultural, utility, and environmental industries. The company also produces magnesia-based chemicals products; dolomitic lime primarily to customers for steel production and soil stabilization; and cement treated materials. Its chemical products are used in flame retardants, wastewater treatment, pulp and paper production, and other environmental applications. The company was founded in 1939 and is headquartered in Raleigh, North Carolina.",30.1,16.7,8.7,4.8,Moderate Controversy Level,2.0,69th percentile,High
Egan-Jones Ratings Company,"american water works company,",BBB+,2015-09-22,1410636,1,4941.0,Utils,AWK,0.4633,0.5254,1.2112,100.0,33.3112,33.3112,47.3929,23.5802,14.0485,0.1877,8.7487,11.5997,2.6811,4.1518,1.0888,1.3248,"american water works company, inc",AWK,"1 Water Street
Camden, NJ 08102-1658
United States",Utilities,Utilities - Regulated Water,"6,500","American Water Works Company, Inc., through its subsidiaries, provides water and wastewater services in the United States. It offers water and wastewater services to approximately 1,700 communities in 14 states serving approximately 3.5 million active customers. The company serves residential customers; commercial customers, including food and beverage providers, commercial property developers and proprietors, and energy suppliers; fire service and private fire customers; industrial customers, such as large-scale manufacturers, mining, and production operations; public authorities comprising government buildings and other public sector facilities, such as schools and universities; and other utilities and community water and wastewater systems. It also provides water and wastewater services on military installations; and undertakes contracts with municipal customers, primarily to operate and manage water and wastewater facilities, as well as offers other related services. In addition, the company operates approximately 80 surface water treatment plants; 540 groundwater treatment plants; 175 wastewater treatment plants; 53,700 miles of transmission, distribution, and collection mains and pipes; 1,200 groundwater wells; 1,700 water and wastewater pumping stations; 1,100 treated water storage facilities; and 74 dams. The company was founded in 1886 and is headquartered in Camden, New Jersey.",21.6,9.0,5.0,7.6,Low Controversy Level,1.0,34th percentile,Medium
Egan-Jones Ratings Company,hormel foods corporation,AA-,2015-09-24,48465,1,2011.0,NoDur,HRL,2.234,0.0647,0.0692,16.7984,9.9999,10.1887,11.5846,9.8983,6.4691,1.7076,16.7779,33.1024,11.1083,15.6918,0.2019,0.1052,hormel foods corporation,HRL,"1 Hormel Place
Austin, MN 55912-3680
United States",Consumer Defensive,Packaged Foods,"20,000","Hormel Foods Corporation develops, processes, and distributes various meat, nuts, and other food products to retail, foodservice, deli, and commercial customers in the United States and internationally. It operates through three segments: Retail, Foodservice, and International segments. The company provides various perishable products that include fresh meats, frozen items, refrigerated meal solutions, sausages, hams, guacamoles, and bacons; and shelf-stable products comprising canned luncheon meats, nut butters, snack nuts, chili, shelf-stable microwaveable meals, hash, stews, tortillas, salsas, tortilla chips, nutritional food supplements, and others. It sells its products under the HORMEL, ALWAYS TENDER, APPLEGATE, AUSTIN BLUES, BACON 1, BLACK LABEL, BREAD READY, BURKE, CAFÉ H, CERATTI, CHI-CHI'S, COLUMBUS, COMPLEATS, CORN NUTS, CURE 81, DAN'S PRIZE, DI LUSSO, DINTY MOORE, DON MIGUEL, DOÑA MARIA, EMBASA, FAST N EASY, FIRE BRAISED, FONTANINI, HAPPY LITTLE PLANTS, HERDEZ, HORMEL GATHERINGS, HORMEL SQUARE TABLE, HORMEL VITAL CUISINE, HOUSE OF TSANG, JENNIE-O, JUSTIN'S, LA VICTORIA, LAYOUT, LLOYD'S, MARY KITCHEN, MR. PEANUT, NATURAL CHOICE, NUT-RITION, OLD SMOKEHOUSE, OVEN READY, PILLOW PACK, PLANTERS, ROSA GRANDE, SADLER'S SMOKEHOUSE, SKIPPY, SPAM, SPECIAL RECIPE, THICK & EASY, VALLEY FRESH, AND WHOLLY brands through sales personnel, independent brokers, and distributors. The company was formerly known as Geo. A. Hormel & Company and changed its name to Hormel Foods Corporation in January 1995. Hormel Foods Corporation was founded in 1891 and is headquartered in Austin, Minnesota.",30.0,13.3,6.0,10.7,Significant Controversy Level,3.0,69th percentile,Medium
Egan-Jones Ratings Company,atmos energy corporation,A-,2015-09-24,731802,1,4924.0,Utils,ATO,0.852,0.4431,0.8595,32.027,12.3732,12.3732,17.5137,9.6504,5.8513,0.5749,9.3906,12.3631,3.372,5.2293,0.8223,-0.0786,atmos energy corporation,ATO,"1800 Three Lincoln Centre
5430 LBJ Freeway
Dallas, TX 75240
United States",Utilities,Utilities - Regulated Gas,"5,019","Atmos Energy Corporation, together with its subsidiaries, engages in the regulated natural gas distribution, and pipeline and storage businesses in the United States. It operates through two segments, Distribution, and Pipeline and Storage. The Distribution segment is involved in the regulated natural gas distribution and related sales operations in eight states. This segment distributes natural gas to approximately 3.3 million residential, commercial, public authority, and industrial customers; and owned 73,689 miles of underground distribution and transmission mains. The Pipeline and Storage segment engages in the pipeline and storage operations. This segment transports natural gas for third parties and manages five underground storage facilities in Texas; provides ancillary services customary to the pipeline industry, including parking arrangements, lending, and inventory sales; and owned 5,645 miles of gas transmission lines. Atmos Energy Corporation was founded in 1906 and is headquartered in Dallas, Texas.",34.6,14.8,6.4,13.4,Moderate Controversy Level,2.0,83rd percentile,High
Egan-Jones Ratings Company,campbell soup company,A-,2015-10-02,16732,1,2030.0,NoDur,CPB,0.7459,0.6484,2.9644,34.4222,13.0413,13.0413,16.7904,11.7421,8.2405,1.0006,48.366,-30.663,8.2456,17.0072,1.0081,0.8704,campbell soup company,CPB,"1 Campbell Place
Camden, NJ 08103-1799
United States",Consumer Defensive,Packaged Foods,"14,500","Campbell Soup Company, together with its subsidiaries, manufactures and markets food and beverage products in the United States and internationally. The company operates through Meals & Beverages and Snacks segments. The Meals & Beverages segment engages in the retail and foodservice businesses in the United States and Canada. This segment provides Campbell's condensed and ready-to-serve soups; Swanson broth and stocks; Pacific Foods broth, soups, and non-dairy beverages; Prego pasta sauces; Pace Mexican sauces; Campbell's gravies, pasta, beans, and dinner sauces; Swanson canned poultry; V8 juices and beverages; Campbell's tomato juice; and snacking products in foodservice in Canada. The Snacks segment retails Pepperidge Farm cookies, crackers, fresh bakery, and frozen products, that includes Goldfish crackers, Snyder's of Hanover pretzels, Lance sandwich crackers, Cape Cod and Kettle Brand potato chips, Late July snacks, Snack Factory pretzel crisps, Pop Secret popcorn, and other snacking products. This segment is also involved in the retail business in Latin America. It sells its products through retail food chains, mass discounters and merchandisers, club stores, convenience stores, drug stores, and dollar stores, as well as e-commerce and other retail, commercial, and non-commercial establishments, and independent contractor distributors. The company was founded in 1869 and is headquartered in Camden, New Jersey.",23.5,10.9,4.5,8.1,Moderate Controversy Level,2.0,42nd percentile,Medium
Egan-Jones Ratings Company,ppl corporation,BBB-,2015-10-06,922224,1,4911.0,Utils,PPL,1.0491,0.6229,1.7334,75.8915,35.2609,35.2609,47.7764,23.7918,15.4757,0.157,10.9739,18.7551,2.9573,4.1382,-0.445,-0.5795,ppl corporation,PPL,"Two North Ninth Street
Allentown, PA 18101-1179
United States",Utilities,Utilities - Regulated Electric,"6,629","PPL Corporation, an energy company, focuses on providing electricity and natural gas to approximately 3.6 million customers in the United States. It operates through three segments: Kentucky Regulated, Pennsylvania Regulated, and Rhode Island Regulated. The company delivers electricity to customers in Pennsylvania, Kentucky, Virginia, and Rhode Island; delivers natural gas to customers in Kentucky and Rhode Island; and generates electricity from power plants in Kentucky. PPL Corporation was founded in 1920 and is headquartered in Allentown, Pennsylvania.",31.3,17.1,5.3,8.9,Moderate Controversy Level,2.0,74th percentile,High
Egan-Jones Ratings Company,williams companies inc.,BB+,2015-10-07,107263,0,4922.0,Utils,WMB,0.7363,0.5074,1.0699,60.5081,20.5447,20.5447,36.6374,46.9294,27.681,0.1514,11.5755,27.1543,4.6279,5.7018,-0.3035,-0.6333,williams companies inc.,WMB,"One Williams Center
Tulsa, OK 74172
United States",Energy,Oil & Gas Midstream,"5,601","The Williams Companies, Inc., together with its subsidiaries, operates as an energy infrastructure company primarily in the United States. It operates through Transmission & Gulf of Mexico, Northeast G&P, West, and Gas & NGL Marketing Services segments. The Transmission & Gulf of Mexico segment comprises natural gas pipelines; Transco, Northwest pipeline, MountainWest, and related natural gas storage facilities; and natural gas gathering and processing, and crude oil production handling and transportation assets in the Gulf Coast region. The Northeast G&P segment engages in the midstream gathering, processing, and fractionation activities in the Marcellus Shale region primarily in Pennsylvania and New York, and the Utica Shale region of eastern Ohio. The West segment consists of gas gathering, processing, and treating operations in the Rocky Mountain region of Colorado and Wyoming, the Barnett Shale region of north-central Texas, the Eagle Ford Shale region of South Texas, the Haynesville Shale region of northwest Louisiana, the Mid-Continent region that includes the Anadarko and Permian basins, and the DJ Basin of Colorado; and operates natural gas liquid (NGL) fractionation and storage facilities in central Kansas near Conway. The Gas & NGL Marketing Services segment provides wholesale marketing, trading, storage, and transportation of natural gas for natural gas utilities, municipalities, power generators, and producers; asset management services; and transports and markets NGLs. The company owns and operates 33,000 miles of pipelines. The Williams Companies, Inc. was founded in 1908 and is headquartered in Tulsa, Oklahoma.",21.8,8.7,3.0,10.1,Moderate Controversy Level,2.0,35th percentile,Medium
Egan-Jones Ratings Company,"motorola solutions, inc",BBB,2015-10-09,68505,1,3663.0,BusEq,MSI,3.0573,0.5511,1.2292,48.1381,-17.1059,-17.1059,-14.1643,-19.7415,22.0881,0.5642,-25.1627,-29.2069,-6.6775,-11.295,-4.6454,-4.8673,"motorola solutions, inc.",MSI,"500 West Monroe Street
Suite 4400
Chicago, IL 60661
United States",Technology,Communication Equipment,"21,000","Motorola Solutions, Inc. provides public safety and enterprise security solutions in the United States, the United Kingdom, Canada, and internationally. The company operates in two segments, Products and Systems Integration, and Software and Services. The Products and Systems Integration segment offers a portfolio of infrastructure, devices, accessories, and video security devices and infrastructure, as well as the implementation and integration of systems, devices, software, and applications for government, public safety, and commercial customers who operate private communications networks and video security solutions, as well as manage a mobile workforce. Its land mobile radio communications, and video security and access control devices include two-way portable and vehicle-mounted radios, fixed video cameras, and accessories; communications network core and central processing software, base stations, consoles, and repeaters; and video analytics, network video management hardware and software, and access control solutions. The Software and Services segment provides public safety and enterprise command center, unified communications applications, mobile video equipment, and video software solutions; repair, technical support, and maintenance services; and monitoring, software updates, and cybersecurity services to government, public safety, and commercial communications networks. It serves hospitality; manufacturing; military and defence; public safety; mining; oil and gas; transportation and logistics; utilities industries. The company was formerly known as Motorola, Inc. and changed its name to Motorola Solutions, Inc. in January 2011. Motorola Solutions, Inc. was founded in 1928 and is headquartered in Chicago, Illinois.",13.1,2.3,5.8,5.1,Low Controversy Level,1.0,7th percentile,Low
Egan-Jones Ratings Company,"hasbro, inc",BBB,2015-10-20,46080,1,3944.0,NoDur,HAS,1.8195,0.3633,0.8302,59.0192,11.4423,11.4423,17.0441,8.6185,7.011,0.9273,16.8769,39.8762,6.4496,10.7457,-1.01,-1.0104,"hasbro, inc.",HAS,"1027 Newport Avenue
Pawtucket, RI 02861
United States",Consumer Cyclical,Leisure,"5,502","Hasbro, Inc., together with its subsidiaries, operates as a toy and game company in the United States, Europe, Canada, Mexico, Latin America, Australia, China, and Hong Kong. The company operates through Consumer Products; Wizards of the Coast and Digital Gaming; Entertainment; and Corporate and Other segments. The Consumer Products segment engages in the sourcing, marketing, and sale of toy and game products. This segment also promotes its brands through the out-licensing of trademarks, characters, and other brand and intellectual property rights to third parties through the sale of branded consumer products, such as toys and apparel. Its toys and games include action figures, arts and crafts and creative play products, dolls, play sets, preschool toys, plush products, sports action blasters and accessories, vehicles and toy-related specialty products, games, and other consumer products; and licensed products, such as apparel, publishing products, home goods and electronics, and toy products. The Wizards of the Coast and Digital Gaming segment engages in the promotion of its brands through the development of trading cards, role-playing, and digital game experiences based on Hasbro and Wizards of the Coast games. The Entertainment segment engages in the development, production, and sale of entertainment content, including film, television, children's programming, digital content, and live entertainment. The company sells its products to retailers, distributors, wholesalers, discount stores, specialty hobby stores, drug stores, mail order houses, catalog stores, department stores, and other traditional retailers, as well as e-commerce retailers; and directly to customers through its e-commerce websites under the MAGIC: THE GATHERING, Hasbro Gaming, PLAY-DOH, NERF, TRANSFORMERS, DUNGEONS & DRAGONS, PEPPA PIG, and other brand names. Hasbro, Inc. was founded in 1923 and is headquartered in Pawtucket, Rhode Island.",7.1,0.0,4.2,2.9,Moderate Controversy Level,2.0,1st percentile,Negligible
Egan-Jones Ratings Company,idex corporation,A-,2015-10-21,832101,1,3561.0,Manuf,IEX,3.2532,0.3292,0.492,43.1476,19.5399,19.5399,23.5435,17.446,12.6086,0.701,16.2248,-291.0283,8.8384,10.8834,0.9678,1.0205,idex corporation,IEX,"3100 Sanders Road
Suite 301
Northbrook, IL 60062
United States",Industrials,Specialty Industrial Machinery,"8,800","IDEX Corporation, together with its subsidiaries, provides applied solutions worldwide. The company operates through three segments: Fluid & Metering Technologies (FMT), Health & Science Technologies (HST), and Fire & Safety/Diversified Products (FSDP). The FMT segment designs, produces, and distributes positive displacement pumps, valves, small volume provers, flow meters, injectors, and other fluid-handling pump modules and systems, as well as flow monitoring and other services for the food, chemical, general industrial, water and wastewater, agricultural, and energy industries. The HST segment designs, produces, and distributes precision fluidics positive displacement pumps, powder and liquid processing technologies, drying systems, micro-precision components, pneumatic components and sealing solutions, high performance molded and extruded sealing components, custom mechanical and shaft seals, engineered hygienic mixers and valves, biocompatible medical devices and implantables, air compressors and blowers, optical components and coatings, laboratory and commercial equipment, and precision photonic solutions. This segment serves food and beverage, life sciences, analytical instruments, pharmaceutical and biopharmaceutical, industrial, semiconductor, automotive/transportation, medical/dental, energy, cosmetics, marine, chemical, wastewater and water treatment, research and aerospace/defense markets. The FSDP segment designs, produces, and distributes firefighting pumps, valves and controls, rescue tools, lifting bags, and other components and systems for the fire and rescue industry; engineered stainless steel banding and clamping devices for various industrial and commercial applications; and precision equipment for dispensing, metering, and mixing colorants and paints used in retail and commercial businesses. IDEX Corporation was incorporated in 1987 and is headquartered in Northbrook, Illinois.",29.3,10.3,5.3,13.7,None Controversy Level,,66th percentile,Medium
Standard & Poor's Ratings Services,johnson & johnson,AAA,2015-10-22,200406,1,2834.0,Hlth,JNJ,2.227,0.1782,0.269,69.399,27.6641,28.4713,33.7114,27.6641,21.9599,0.5702,23.4015,78.8627,12.5217,19.232,0.4803,1.8907,johnson & johnson,JNJ,"One Johnson & Johnson Plaza
New Brunswick, NJ 08933
United States",Healthcare,Drug Manufacturers - General,"131,900","Johnson & Johnson, together with its subsidiaries, researches, develops, manufactures, and sells various products in the healthcare field worldwide. The company's Innovative Medicine segment offers products for various therapeutic areas, such as immunology, including rheumatoid arthritis, psoriatic arthritis, inflammatory bowel disease, and psoriasis; infectious diseases comprising HIV/AIDS; neuroscience, consisting of mood disorders, neurodegenerative disorders, and schizophrenia; oncology, such as prostate cancer, hematologic malignancies, lung cancer, and bladder cancer; cardiovascular and metabolism, including thrombosis, diabetes, and macular degeneration; and pulmonary hypertension comprising pulmonary arterial hypertension through retailers, wholesalers, distributors, hospitals, and healthcare professionals for prescription use. Its MedTech segment provides Interventional Solutions, including electrophysiology products to treat heart rhythm disorders; the heart recovery portfolio, which includes technologies to treat severe coronary artery disease requiring high-risk PCI or AMI cardiogenic shock; and neurovascular care that treats hemorrhagic and ischemic stroke. this segment also offers an orthopaedics portfolio that includes products and enabling technologies that support hips, knees, trauma, spine, sports, and other; surgery portfolios comprising advanced and general surgery technologies, as well as solutions for breast aesthetics, ear, nose, and throat procedures; contact lenses under the ACUVUE Brand; and TECNIS intraocular lenses for cataract surgery. It distributes its products to wholesalers, hospitals, and retailers, as well as physicians, nurses, hospitals, eye care professionals, and clinics. Johnson & Johnson was founded in 1886 and is based in New Brunswick, New Jersey.",24.0,0.9,8.0,15.0,High Controversy Level,4.0,45th percentile,Medium
Egan-Jones Ratings Company,"united rentals, inc",BB,2015-10-23,1067701,0,7350.0,Other,URI,0.8782,0.8033,4.4283,42.7792,24.4679,24.4679,45.7696,14.9516,9.4987,0.4687,30.0334,-20.9302,4.4521,5.9068,2.5676,1.7037,"united rentals, inc.",URI,"100 First Stamford Place
Suite 700
Stamford, CT 06902
United States",Industrials,Rental & Leasing Services,"26,650","United Rentals, Inc., through its subsidiaries, operates as an equipment rental company. It operates in two segments, General Rentals and Specialty. The General Rentals segment rents general construction and industrial equipment includes backhoes, skid-steer loaders, forklifts, earthmoving equipment, and material handling equipment; aerial work platforms, such as boom and scissor lifts; and general tools and light equipment comprising pressure washers, water pumps, and power tools for construction and industrial companies, manufacturers, utilities, municipalities, homeowners, and government entities. The specialty segment rents specialty construction products, including trench safety equipment consists of trench shields, aluminum hydraulic shoring systems, slide rails, crossing plates, construction lasers, and line testing equipment for underground work; power and heating, ventilating, and air conditioning equipment, such as portable diesel generators, electrical distribution equipment, and temperature control equipment; fluid solutions equipment for fluid containment, transfer, and treatment; and mobile storage equipment and modular office space. This segment serves construction companies involved in infrastructure projects, and municipalities and industrial companies. It also sells aerial lifts, reach forklifts, telehandlers, compressors, and generators; construction consumables, tools, small equipment, and safety supplies; and parts for equipment that is owned by its customers, as well as provides repair and maintenance services. The company sells used equipment through its sales force, brokers, website, at auctions, and directly to manufacturers. The company operates in the United States, Canada, Europe, Australia, and New Zealand. United Rentals, Inc. was incorporated in 1997 and is headquartered in Stamford, Connecticut.",16.9,5.3,5.4,6.1,Low Controversy Level,1.0,17th percentile,Low
Egan-Jones Ratings Company,danaher corporation,A-,2015-10-27,313616,1,3826.0,BusEq,DHR,2.013,0.1328,0.1558,51.0964,17.0677,17.0677,21.7201,18.6856,14.7404,0.5273,11.5387,1565.336,7.4717,10.0069,0.2536,0.1395,danaher corporation,DHR,"2200 Pennsylvania Avenue, North West
Suite 800 West
Washington, DC 20037-1701
United States",Healthcare,Diagnostics & Research,"61,000","Danaher Corporation designs, manufactures, and markets professional, medical, industrial, and commercial products and services worldwide. The Biotechnology segments offers bioprocess technologies, consumables, and services that advance, accelerate, and integrate the development and manufacture of therapeutics; cell line and cell culture media development services; cell culture media, process liquids and buffers for manufacturing, chromatography resins, filtration technologies, aseptic fill finish; single-use hardware and consumables and services, such as the design and installation of full manufacturing suites; lab filtration, separation, and purification; lab-scale protein purification and analytical tools; reagents, membranes, and services; and healthcare filtration solutions. The Life Sciences segment provides mass spectrometers; flow cytometry, genomics, lab automation, centrifugation, liquid handling automation instruments, antibodies and reagents, and particle counting and characterization; microscopes; protein consumables; industrial filtration products; and genomic medicines, such as custom nucleic acid products, plasmid DNA, RNA, and proteins under the ABCAM, ALDEVRON, BECKMAN COULTER, IDT, LEICA MICROSYSTEMS, MOLECULAR DEVICES, PALL, PHENOMENEX and SCIEX brands. The Diagnostics segment offers chemistry, immunoassay, microbiology, and automation systems; and molecular, acute care, and pathology diagnostics products. This segment also provides clinical instruments, reagents, consumables, software, and services for hospitals, physicians' offices, reference laboratories, and other critical care settings. The company was formerly known as Diversified Mortgage Investors, Inc. and changed its name to Danaher Corporation in 1984. Danaher Corporation was founded in 1969 and is based in Washington, the District of Columbia.",11.9,1.4,5.3,5.2,Moderate Controversy Level,2.0,5th percentile,Low
Egan-Jones Ratings Company,nucor corporation,BBB,2015-10-27,73309,1,3312.0,Manuf,NUE,3.2701,0.3562,0.5574,7.4041,4.8747,4.8747,8.0775,4.1524,2.5515,1.2532,7.4021,11.566,3.8513,4.7654,-0.3956,-1.2207,nucor corporation,NUE,"1915 Rexford Road
Charlotte, NC 28211
United States",Basic Materials,Steel,"32,000","Nucor Corporation engages in manufacture and sale of steel and steel products. It operates in three segments: steel mills, steel products, and raw materials. The Steel Mills segment produces hot-rolled, cold-rolled, and galvanized sheet steel products; plate steel products; wide-flange beams, beam blanks, and H-piling and sheet piling structural steel products; bar steel products, such as blooms, billets, concrete reinforcing and merchant bars, and engineered special bar quality products; and engages in the steel trading and rebar distribution businesses. This segment sells its products to steel service centers, fabricators, and manufacturers in the United States, Canada, and Mexico. The Steel Products segment offers steel joists and joist girders, steel decks, and galvanized torque tubes for used in solar arrays, hollow structural section steel tubing, electrical conduit, fabricated concrete reinforcing steel, cold finished steel, steel fasteners, steel grating and expanded metal, wire and wire mesh, metal building systems, insulated metal panels, steel racking, overhead doors, and utility towers and structures for communications and energy transmission. This segment is also involved in the piling distribution business. The Raw Materials segment produces direct reduced iron (DRI); brokers ferrous and nonferrous metals, pig iron, hot briquetted iron, and DRI; supplies ferro-alloys; processes ferrous and nonferrous scrap metal; and engages in the natural gas production and industrial gas business. This segment sells its ferrous scrap to electric arc furnace steel mills and foundries for manufacturing process; and nonferrous scrap metal to aluminum can producers, secondary aluminum smelters, steel mills and other processors, and consumers of various nonferrous metals. It markets its products through in-house sales force; and internal distribution and trading companies. Nucor Corporation was founded in 1905 and is headquartered in Charlotte, North Carolina.",32.8,9.3,8.8,14.7,Moderate Controversy Level,2.0,78th percentile,High
Egan-Jones Ratings Company,"nasdaq, inc",BBB,2015-10-28,1120193,1,6200.0,Money,NDAQ,1.1296,0.2951,0.4259,59.0159,21.4264,21.4264,25.2258,18.6858,11.99,0.2553,6.2096,-16.0804,3.0532,4.3771,-0.0555,-0.2229,"nasdaq, inc.",NDAQ,"151 West 42nd Street
New York, NY 10036
United States",Financial Services,Financial Data & Stock Exchanges,"8,568","Nasdaq, Inc. operates as a technology company that serves capital markets and other industries worldwide. It operates in three segments: Capital Access Platforms, Financial Technology, and Market Services. The Capital Access Platforms segment sells and distributes historical and real-time market data; and develops and licenses Nasdaq-branded indices and financial products. This segment also offers investor relations intelligence, governance solutions, and ESG solutions; and insights and workflow solutions, as well as operates listing platforms. The Financial Technology segment offers Verafin, a cloud-based platform to detect, investigate, and report money laundering and financial frauds; surveillance solutions, including a SaaS platform to assist in complying with market rules, regulations, and internal market surveillance policies; AxiomSL, a risk data management and regulatory reporting solution; and Calypso, a front-to-back trading technology solution for the financial market. This segment also handles assets, comprising cash equities, equity derivatives, currencies, various interest-bearing securities, commodities, energy products, and digital currencies; and trade management and colocation services. The Market Platforms segment offers equity derivative trading and clearing, cash equity trading, fixed income and commodities trading and clearing, and currency trading services. This segment operates various exchanges and other marketplace facilities across various asset classes which includes derivatives, commodities, cash equity, debt, structured products, and exchange traded products; and provides clearing, settlement, and central depository services. The company was formerly known as The NASDAQ OMX Group, Inc. and changed its name to Nasdaq, Inc. in September 2015. Nasdaq, Inc. was founded in 1971 and is headquartered in New York, New York.",13.1,0.0,7.4,5.6,Low Controversy Level,1.0,7th percentile,Low
Egan-Jones Ratings Company,"amazon.com, inc",A+,2015-10-28,1018724,1,5961.0,Shops,AMZN,1.1153,0.4349,0.7695,29.4826,0.2,0.2,5.5333,-0.1247,-0.2708,1.6327,-2.2437,-3.2471,-0.4422,-1.268,3.0353,-0.1491,amazon.com inc,AMZN,"410 Terry Avenue North
Seattle, WA 98109-5210
United States",Consumer Cyclical,Internet Retail,"1,525,000","Amazon.com, Inc. engages in the retail sale of consumer products, advertising, and subscriptions service through online and physical stores in North America and internationally. The company operates through three segments: North America, International, and Amazon Web Services (AWS). It also manufactures and sells electronic devices, including Kindle, Fire tablets, Fire TVs, Echo, Ring, Blink, and eero; and develops and produces media content. In addition, the company offers programs that enable sellers to sell their products in its stores; and programs that allow authors, independent publishers, musicians, filmmakers, Twitch streamers, skill and app developers, and others to publish and sell content. Further, it provides compute, storage, database, analytics, machine learning, and other services, as well as advertising services through programs, such as sponsored ads, display, and video advertising. Additionally, the company offers Amazon Prime, a membership program. The company's products offered through its stores include merchandise and content purchased for resale and products offered by third-party sellers. It serves consumers, sellers, developers, enterprises, content creators, advertisers, and employees. Amazon.com, Inc. was incorporated in 1994 and is headquartered in Seattle, Washington.",30.6,6.0,9.2,15.4,Significant Controversy Level,3.0,71st percentile,High
Moody's Investors Service,corning incorporated,BBB+,2015-10-28,24741,1,3679.0,BusEq,GLW,4.4053,0.1297,0.1507,41.7087,19.8765,19.8765,32.2285,36.7267,24.4776,0.3232,12.7739,12.3569,8.2227,9.9361,1.3936,1.3366,corning incorporated,GLW,"One Riverfront Plaza
Corning, NY 14831
United States",Technology,Electronic Components,"49,800","Corning Incorporated engages in the display technologies, optical communications, environmental technologies, specialty materials, and life sciences businesses in the United States and internationally. The company's Display Technologies segment offers glass substrates for flat panel displays, including liquid crystal displays and organic light-emitting diodes that are used in televisions, notebook computers, desktop monitors, tablets, and handheld devices. Its Optical Communications segment provides optical fibers and cables; and hardware and equipment products, such as cable assemblies, fiber optic hardware and connectors, optical components and couplers, closures, network interface devices, and other accessories for the telecommunications industry, businesses, governments, and individuals. The company's Specialty Materials segment manufactures products that offer material formulations for glass, glass ceramics, crystals, precision metrology instruments, and software, as well as glass wafers and substrates, tinted sunglasses, and radiation shielding products for various markets comprising mobile consumer electronics, semiconductor equipment optics and consumables, aerospace and defense optics, radiation shielding products, sunglasses, and telecommunications components. Its Environmental Technologies segment provides ceramic substrates and filter products for emissions control in mobile, gasoline, and diesel applications. The company's Life Sciences segment offers laboratory products, including consumables, such as plastic vessels, liquid handling plastics, specialty surfaces, cell culture media, and serum, as well as general labware, and glassware and equipment under the Corning, Pyrex, Falcon, and Axygen brands. The company was formerly known as Corning Glass Works and changed its name to Corning Incorporated in April 1989. Corning Incorporated was founded in 1851 and is headquartered in Corning, New York.",16.5,5.5,6.1,4.8,Moderate Controversy Level,2.0,16th percentile,Low
Egan-Jones Ratings Company,verisk analytics inc,BBB,2015-10-29,1442145,1,6411.0,Money,VRSK,0.4985,0.8391,6.8087,63.9438,44.1828,44.1828,54.3917,39.3054,27.9505,0.6102,167.7383,-25.2392,15.0938,26.9834,-0.0489,-0.0696,"verisk analytics, inc.",VRSK,"545 Washington Boulevard
Jersey City, NJ 07310-1686
United States",Industrials,Consulting Services,"7,500","Verisk Analytics, Inc. provides data analytics and technology solutions to the insurance markets in the United States and internationally. It offers policy language, prospective loss costs, policy writing and rating rules, and various underwriting solutions for risk selection and segmentation, pricing, and workflow optimization; property- and auto- specific rating and underwriting information solutions that allows clients to understand, quantify, underwrite, mitigate, and avoid potential loss for risks; catastrophe modeling solutions, which enables companies to identify, quantify, and plan for the financial consequences of catastrophes for use by insurers, reinsurers, intermediaries, financial institutions, and governments. The company also provides life insurance solutions for transforming current workflows in life insurance underwriting, claim insights, policy administration, unclaimed property/equity, compliance and fraud detection, and actuarial and portfolio modeling; Marketing Solutions, such as compliant, real-time decisioning, profitability, and risk assessment for inbound consumer interactions; and international underwriting and claims solutions. In addition, it offers claims insurance solutions, which provides analytics in fraud detection, compliance reporting, subrogation liability assessment, litigation, and repair cost estimation and valuation solutions; and casualty solutions, such as compliance, casualty claims decision support, and workflow automation solutions. Further, the company supplies software to the specialty insurance market. The company was founded in 1971 and is headquartered in Jersey City, New Jersey.",17.5,0.1,5.0,12.5,Low Controversy Level,1.0,19th percentile,Low
Egan-Jones Ratings Company,snap-on incorporated,A+,2015-10-29,91440,1,3420.0,Manuf,SNA,2.5861,0.2794,0.4131,48.3357,20.8897,20.8897,23.3151,19.2483,12.8718,0.7605,19.4176,35.6724,10.0253,13.9929,0.1776,-0.1201,snap-on incorporated,SNA,"2801 80th Street
Kenosha, WI 53143
United States",Industrials,Tools & Accessories,"13,200","Snap-on Incorporated manufactures and markets tools, equipment, diagnostics, and repair information and systems solutions for professional users worldwide. It operates through Commercial & Industrial Group, Snap-on Tools Group, Repair Systems & Information Group, and Financial Services segments. The company provides hand tools, including wrenches, sockets, ratchet wrenches, pliers, screwdrivers, punches and chisels, saws and cutting tools, pruning tools, torque measuring instruments, and other related products; power tools, such as cordless, pneumatic, and hydraulic and corded tools; and tool storage products comprising tool chests, roll cabinets, and other products. It provides handheld and computer-based diagnostic products, service and repair information products, diagnostic software solutions, electronic parts catalogs, business management systems and services, point-of-sale systems, integrated systems for vehicle service shops, original equipment manufacturer purchasing facilitation services, and warranty management systems and analytics; and engineered solutions. In addition, the company offers solutions for the service of vehicles and industrial equipment that include wheel alignment equipment, wheel balancers, tire changers, vehicle lifts, test lane equipment, collision repair equipment, vehicle air conditioning service equipment, brake service equipment, fluid exchange equipment, transmission troubleshooting equipment, safety testing equipment, battery chargers, and hoists, as well as after-sales support services and training programs. Further, it provides financing programs to facilitate the sales of its products and support its franchise business. It serves the aviation and aerospace, agriculture, infrastructure construction, government and military, mining, natural resources, power generation, and technical education industries. Snap-on Incorporated was incorporated in 1920 and is headquartered in Kenosha, Wisconsin.",30.5,9.0,7.6,13.9,Moderate Controversy Level,2.0,71st percentile,High
Egan-Jones Ratings Company,te connectivity ltd,A+,2015-11-02,1385157,1,3678.0,BusEq,TEL,2.2056,0.261,0.4052,33.4096,14.2974,14.2974,19.333,12.875,19.7826,0.5942,12.916,38.6151,6.0129,9.5444,-0.2993,-0.5044,te connectivity ltd,TEL,"MUehlenstrasse 26
Schaffhausen, 8200
Switzerland",Technology,Electronic Components,"85,000","TE Connectivity Ltd., together with its subsidiaries, manufactures and sells connectivity and sensor solutions in Europe, the Middle East, Africa, the AsiaPacific, and the Americas. The company operates through three segments: Transportation Solutions, Industrial Solutions, and Communications Solutions. The Transportation Solutions segment provides terminals and connector systems and components, sensors, relays, antennas, and application tooling products for use in the automotive, commercial transportation, and sensor markets. The Industrial Solutions segment offers terminals and connector systems and components; and interventional medical components, relays, heat shrink tubing, and wires and cables for industrial equipment, aerospace, defense, marine, medical, and energy markets. The Communications Solutions segment supplies electronic components, such as terminals and connector systems and components, relays, heat shrink tubing, and antennas for the data and devices, and appliances markets. The company sells its products to approximately 140 countries primarily through direct sales to manufacturers, as well as through third-party distributors. The company was formerly known as Tyco Electronics Ltd. and changed its name to TE Connectivity Ltd. in March 2011. TE Connectivity Ltd. was founded in 1941 and is based in Schaffhausen, Switzerland.",14.8,5.8,4.6,4.4,None Controversy Level,,11th percentile,Low
Standard & Poor's Ratings Services,lockheed martin corp.,BBB+,2015-11-02,936468,1,3760.0,Manuf,LMT,1.1089,0.6437,1.8065,11.7233,12.5469,12.5469,15.0353,11.7083,9.0472,1.0783,95.6765,-41.7801,8.781,34.0914,-1.9321,-1.9926,lockheed martin corp.,LMT,"6801 Rockledge Drive
Bethesda, MD 20817
United States",Industrials,Aerospace & Defense,"122,000","Lockheed Martin Corporation, a security and aerospace company, engages in the research, design, development, manufacture, integration, and sustainment of technology systems, products, and services worldwide. The company operates through Aeronautics, Missiles and Fire Control, Rotary and Mission Systems, and Space segments. The Aeronautics segment offers combat and air mobility aircraft, unmanned air vehicles, and related technologies. The Missiles and Fire Control segment provides air and missile defense systems; tactical missiles and air-to-ground precision strike weapon systems; logistics; fire control systems; mission operations support, readiness, engineering support, and integration services; manned and unmanned ground vehicles; and energy management solutions. The Rotary and Mission Systems segment offers military and commercial helicopters, surface ships, sea and land-based missile defense systems, radar systems, sea and air-based mission and combat systems, command and control mission solutions, cyber solutions, and simulation and training solutions. The Space segment offers satellites; space transportation systems; strategic, advanced strike, and defensive systems; and classified systems and services in support of national security systems. This segment also provides network-enabled situational awareness and integrates space and ground global systems to help its customers gather, analyze, and securely distribute critical intelligence data. It serves primarily serves the U.S. government, as well as foreign military sales contracted through the U.S. government. The company was founded in 1912 and is based in Bethesda, Maryland.",30.2,8.0,7.1,15.1,Significant Controversy Level,3.0,70th percentile,High
Fitch Ratings,"huntington ingalls industries, inc.",BB+,2015-11-03,1501585,0,3730.0,Manuf,HII,1.8422,0.5337,1.2234,20.368,9.415,9.5731,13.1953,7.2876,4.8584,1.1151,24.7619,-162.5,5.4175,11.5477,10.6319,10.043,"huntington ingalls industries, inc.",HII,"4101 Washington Avenue
Newport News, VA 23607
United States",Industrials,Aerospace & Defense,"44,000","Huntington Ingalls Industries, Inc. designs, builds, overhauls, and repairs military ships in the United States. It operates through three segments: Ingalls, Newport News, and Mission Technologies. The company is involved in the design and construction of non-nuclear ships comprising amphibious assault ships; expeditionary warfare ships; surface combatants; and national security cutters for the U.S. Navy and U.S. Coast Guard. It also provides nuclear-powered ships, such as aircraft carriers and submarines, as well as refueling and overhaul, and inactivation services of nuclear-powered aircraft carriers. In addition, the company offers naval nuclear support services, including fleet services comprising design, construction, maintenance, and disposal activities for in-service the U.S. Navy nuclear ships; and maintenance services on nuclear reactor prototypes. Further, the company provides C5ISR systems and operations; application of artificial intelligence and machine learning to battlefield decisions; defensive and offensive cyberspace strategies and electronic warfare; live, virtual, and constructive solutions; unmanned, autonomous systems; and fleet sustainment; and critical nuclear operations. Huntington Ingalls Industries, Inc. was founded in 1886 and is headquartered in Newport News, Virginia.",,,,,,,,
Egan-Jones Ratings Company,sherwin-williams company,A+,2015-11-03,89800,1,2851.0,Chems,SHW,0.9571,0.5283,1.8051,46.4034,11.7169,11.7169,13.5334,11.3053,7.7801,1.9528,86.8954,-191.9915,15.1928,40.9894,0.1454,0.0076,the sherwin-williams company,SHW,"101 West Prospect Avenue
Cleveland, OH 44115-1075
United States",Basic Materials,Specialty Chemicals,"64,088","The Sherwin-Williams Company engages in the development, manufacture, distribution, and sale of paints, coating, and related products to professional, industrial, commercial, and retail customers. It operates through three segments: Paint Stores Group, Consumer Brands Group, and Performance Coatings Group. The Paint Stores Group segment offers architectural paints and coatings, and protective and marine products, as well as OEM product finishes and related products for architectural and industrial paint contractors, and do-it-yourself homeowners. The Consumer Brands Group segment supplies a portfolio of branded and private-label architectural paints, stains, varnishes, industrial products, wood finishes products, wood preservatives, applicators, corrosion inhibitors, aerosols, caulks, and adhesives to retailers, including home centers and hardware stores, and dedicated dealers and distributors. The Performance Coatings Group segment develops and sells industrial coatings for wood finishing and general industrial applications, automotive refinish products, protective and marine coatings, coil coatings, packaging coatings, and performance-based resins and colorants. It serves retailers, dealers, jobbers, licensees, and other third-party distributors through its branches and direct sales staff, as well as through outside sales representatives. The company has operations primarily in the North and South America, the Caribbean, Europe, Asia, and Australia. The Sherwin-Williams Company was founded in 1866 and is headquartered in Cleveland, Ohio.",29.4,14.3,5.8,9.2,Moderate Controversy Level,2.0,66th percentile,Medium
Egan-Jones Ratings Company,pg&e corporation,BBB+,2015-11-04,1004980,1,4931.0,Utils,PCG,1.0792,0.4847,0.9802,61.5623,14.3359,14.3359,28.5723,10.5032,8.4026,0.2842,9.0625,9.0625,2.4116,4.6699,0.15,1.5681,pg&e corporation,PCG,"300 Lakeside Drive
Oakland, CA 94612
United States",Utilities,Utilities - Regulated Electric,"28,010","PG&E Corporation, through its subsidiary, Pacific Gas and Electric Company, engages in the sale and delivery of electricity and natural gas to customers in northern and central California, the United States. It generates electricity using nuclear, hydroelectric, fossil fuel-fired, fuel cell, and photovoltaic sources. The company owns and operates interconnected transmission lines; electric transmission substations, distribution lines, transmission switching substations, and distribution substations; and natural gas transmission, storage, and distribution system consisting of distribution pipelines, backbone and local transmission pipelines, and various storage facilities. It serves residential, commercial, industrial, and agricultural customers, as well as natural gas-fired electric generation facilities. PG&E Corporation was incorporated in 1905 and is based in Oakland, California.",30.4,9.6,5.4,15.4,High Controversy Level,4.0,70th percentile,High
Egan-Jones Ratings Company,"iron mountain, inc",BB,2015-11-05,1020569,0,6798.0,Money,IRM,1.0712,0.8399,5.3065,56.8708,17.6181,17.6181,29.202,7.1647,10.4603,0.4779,37.8129,-15.2177,5.0428,6.0533,-0.234,-0.3651,iron mountain inc.,IRM,"85 New Hampshire Avenue
Suite 150
Portsmouth, NH 03801
United States",Real Estate,REIT - Specialty,"27,000","Iron Mountain Incorporated (NYSE: IRM) is a global leader in information management services. Founded in 1951 and trusted by more than 240,000 customers worldwide, Iron Mountain serves to protect and elevate the power of our customers' work. Through a range of offerings including digital transformation, data centers, secure records storage, information management, asset lifecycle management, secure destruction and art storage and logistics, Iron Mountain helps businesses bring light to their dark data, enabling customers to unlock value and intelligence from their stored digital and physical assets at speed and with security, while helping them meet their environmental goals.",14.5,5.0,5.8,3.7,Moderate Controversy Level,2.0,10th percentile,Low
Egan-Jones Ratings Company,ecolab inc.,BBB+,2015-11-06,31462,1,2842.0,Chems,ECL,1.3467,0.4492,0.9319,45.9671,11.7751,11.7751,17.9335,9.796,7.3023,0.6749,13.1401,-22.9688,4.9581,7.2371,1.0893,0.9565,"ecolab, inc.",ECL,"1 Ecolab Place
Saint Paul, MN 55102-2233
United States",Basic Materials,Specialty Chemicals,"48,000","Ecolab Inc. provides water, hygiene, and infection prevention solutions and services in the United States and internationally. The company operates through three segments: Global Industrial; Global Institutional & Specialty; and Global Healthcare & Life Sciences. The Global Industrial segment offers water treatment and process applications, and cleaning and sanitizing solutions to manufacturing, food and beverage processing, transportation, chemical, metals and mining, power generation, pulp and paper, commercial laundry, petroleum, refining, and petrochemical industries. Its Global Institutional & Specialty segment provides specialized cleaning and sanitizing products to the foodservice, hospitality, lodging, government and education, and retail industries. The Global Healthcare & Life Sciences segment offers specialized cleaning and sanitizing products to the healthcare, personal care, and pharmaceutical industries, such as infection prevention and surgical solutions, and end-to-end cleaning and contamination control solutions under the Ecolab, Microtek, and Anios brand names. In addition, the company provides pest elimination services to detect, eliminate, and prevent pests, such as rodents and insects in restaurants, food and beverage processors, hotels, grocery operations, and other commercial segments including education, life sciences, and healthcare customers. Further, it offers colloidal silica for binding and polishing applications in semiconductor, catalyst, and aerospace component manufacturing, as well as chemical industries; and products and services that manage wash process through custom designed programs, premium products, dispensing equipment, water and energy management, and reduction, as well as real time data management. It sells its products through field sales and corporate account personnel, distributors, and dealers. Ecolab Inc. was founded in 1923 and is headquartered in Saint Paul, Minnesota.",19.9,8.5,5.3,6.1,Moderate Controversy Level,2.0,27th percentile,Low
Egan-Jones Ratings Company,eastman chemical company,BBB,2015-11-10,915389,1,2821.0,Chems,EMN,1.932,0.5233,1.0978,29.6898,19.9144,19.9144,24.5455,17.9572,12.4599,0.7894,30.2452,-215.8379,9.8945,14.4175,0.7221,0.7882,eastman chemical company,EMN,"200 South Wilcox Drive
Kingsport, TN 37662
United States",Basic Materials,Specialty Chemicals,"14,000","Eastman Chemical Company operates as a specialty materials company in the United States, China, and internationally. The company's Additives & Functional Products segment offers amine derivative-based building blocks, intermediates for surfactants, metam-based soil fumigants, and organic acid-based solutions; specialty coalescent and solvents, paint additives, and specialty polymers; and heat transfer and aviation fluids. It serves transportation, personal care, wellness, food, feed, agriculture, building and construction, water treatment, energy, consumables, durables, and electronics markets. Its Advanced Materials segment provides copolyesters, cellulosic biopolymers, cellulose esters, polyvinyl butyral sheets, and window and protective films for value-added end uses in the transportation, durables, electronics, building and construction, medical and pharma, and consumables markets. The company's Chemical Intermediates segment offers olefin and acetyl derivatives, ethylene, and commodity solvents; and primary non-phthalate and phthalate plasticizers, and niche non-phthalate plasticizers for industrial chemicals and processing, building and construction, health and wellness, and food and feed. Its Fibers segment provides cellulose acetate tow, triacetin, cellulose acetate flake, acetic acid, and acetic anhydride for use in filtration media primarily cigarette filters; natural and solution dyed acetate yarns, and staple fiber for use in consumables, and health and wellness markets; and wet-laid nonwoven media, specialty and engineered papers, and cellulose acetate fibers for transportation, industrial, agriculture and mining, and aerospace markets. The company was founded in 1920 and is headquartered in Kingsport, Tennessee.",25.3,12.8,6.6,5.8,Moderate Controversy Level,2.0,50th percentile,Medium
Egan-Jones Ratings Company,hilton worldwide holdings inc,BB+,2015-11-11,1585689,0,7011.0,Other,HLT,1.1072,0.6962,2.3207,61.7311,15.9303,15.9303,22.3862,10.9217,6.4083,0.402,14.4675,-9.6369,2.6105,4.3952,-2.8569,-2.7121,hilton worldwide holdings inc.,HLT,"7930 Jones Branch Drive
Suite 1100
McLean, VA 22102
United States",Consumer Cyclical,Lodging,"178,000","Hilton Worldwide Holdings Inc., a hospitality company, engages in managing, franchising, owning, and leasing hotels and resorts. It operates through two segments, Management and Franchise, and Ownership. The company engages in the hotel management and licensing of its brands. It operates luxury hotels under the Waldorf Astoria Hotels & Resorts, LXR Hotels & Resorts, and Conrad Hotels & Resorts brand; lifestyle hotels under the Canopy by Hilton, Curio Collection by Hilton, Tapestry Collection by Hilton, Tempo by Hilton, and Motto by Hilton brand; full service hotels under the Signia by Hilton, Hilton Hotels & Resorts, and DoubleTree by Hilton brand; service hotels under the Hilton Garden Inn, Hampton by Hilton, and Tru by Hilton brand; all-suite hotels under the Embassy Suites by Hilton, Homewood Suites by Hilton, and Home2 Suites by Hilton brand; and economy hotel under the Spark by Hilton brand, as well as Hilton Grand Vacations. The company operates in North America, South America, and Central America, including various Caribbean nations; Europe, the Middle East, and Africa; and the Asia Pacific. The company was founded in 1919 and is headquartered in McLean, Virginia.",17.6,6.1,4.4,7.0,Moderate Controversy Level,2.0,19th percentile,Low
Egan-Jones Ratings Company,mckesson corporation,BBB+,2015-11-11,927653,1,5122.0,Shops,MCK,1.0947,0.5029,1.2176,6.3733,1.6577,1.6577,2.3603,1.484,0.8244,3.3237,22.7829,-35.608,3.4193,11.3249,-0.2166,-0.7375,mckesson corporation,MCK,"6555 State Highway 161
Irving, TX 75039
United States",Healthcare,Medical Distribution,"45,000","McKesson Corporation provides healthcare services in the United States and internationally. It operates through four segments: U.S. Pharmaceutical, Prescription Technology Solutions (RxTS), Medical-Surgical Solutions, and International. The U.S. Pharmaceutical segment distributes branded, generic, specialty, biosimilar and over-the-counter pharmaceutical drugs, and other healthcare-related products. This segment also offers practice management, technology, clinical support, and business solutions to community-based oncology and other specialty practices; and consulting, outsourcing, technological, and other services, as well as sells financial, operational, and clinical solutions to pharmacies. The RxTS segment serves biopharma and life sciences partners, and patients to address medication challenges for patients by working across healthcare; connects patients, pharmacies, providers, pharmacy benefit managers, health plans, and biopharma companies to deliver innovative solutions to help people get the medicine needed to live healthier lives; and provides prescription price transparency, benefit insight, dispensing support, third-party logistics, and wholesale distribution support services. The Medical-Surgical Solutions segment offers medical-surgical supply distribution, logistics, and other services to healthcare providers, including physician offices, surgery centers, nursing homes, hospital reference labs, and home health care agencies. The International segment provides distribution and services to wholesale, institutional, and retail customers in Europe and Canada. McKesson Corporation was founded in 1833 and is headquartered in Irving, Texas.",15.2,1.6,6.3,7.3,Significant Controversy Level,3.0,12th percentile,Low
Egan-Jones Ratings Company,exxon mobil corporation,AA+,2015-11-12,34088,1,2911.0,Enrgy,XOM,0.8269,0.0368,0.1258,20.4801,13.1684,13.1704,17.091,13.1684,7.434,1.2637,18.5313,18.5313,9.6445,17.8498,-1.9732,-2.1872,exxon mobil corporation,XOM,"22777 Springwoods Village Parkway
Spring, TX 77389-1425
United States",Energy,Oil & Gas Integrated,"62,000","Exxon Mobil Corporation engages in the exploration and production of crude oil and natural gas in the United States and internationally. It operates through Upstream, Energy Products, Chemical Products, and Specialty Products segments. The Upstream segment explores for and produces crude oil and natural gas. The Energy Products segment offers fuels, aromatics, and catalysts, as well as licensing services. It sells its products under the Exxon, Esso, and Mobil brands. The Chemical Products segment manufactures and markets petrochemicals including olefins, polyolefins, and intermediates. The Specialty Products segment offers performance products, including lubricants, basestocks, waxes, synthetics, elastomers, and resins. The company also involves in the manufacturing, trade, transport, and sale of crude oil, natural gas, petroleum products, petrochemicals, and other specialty products; and pursuit lower-emission business opportunities, including carbon capture and storage, hydrogen, lower-emission fuels, and lithium. Exxon Mobil Corporation was founded in 1870 and is based in Spring, Texas.",41.6,23.1,8.5,10.0,Significant Controversy Level,3.0,93rd percentile,Severe
Egan-Jones Ratings Company,davita inc.,BB+,2015-11-13,927066,0,8090.0,Hlth,DVA,1.7409,0.6076,1.5706,28.7282,14.1862,14.1862,18.8047,10.2357,5.6515,0.7263,16.106,-14.5837,4.9004,6.3206,-1.5296,-1.8597,davita inc.,DVA,"2000 16th Street
Denver, CO 80202
United States",Healthcare,Medical Care Facilities,"70,000","DaVita Inc. provides kidney dialysis services for patients suffering from chronic kidney failure in the United States. The company operates kidney dialysis centers and provides related lab services in outpatient dialysis centers. It also offers outpatient, hospital inpatient, and home-based hemodialysis services; operates clinical laboratories that provide routine laboratory tests for dialysis and other physician-prescribed laboratory tests for ESRD patients; and management and administrative services to outpatient dialysis centers. In addition, the company offers integrated care and disease management services to patients in risk-based and other integrated care arrangements; clinical research programs; physician services; and comprehensive kidney care services. Further, it engages in the provision of acute inpatient dialysis services and related laboratory services; and transplant software business. The company was formerly known as DaVita HealthCare Partners Inc. and changed its name to DaVita Inc. in September 2016. DaVita Inc. was incorporated in 1994 and is headquartered in Denver, Colorado.",22.6,0.1,8.4,14.1,Moderate Controversy Level,2.0,38th percentile,Medium
Moody's Investors Service,"constellation brands, inc.",BB+,2015-11-19,16918,0,2082.0,NoDur,STZ,2.5743,0.5465,1.2406,42.777,24.8872,24.8872,28.4406,19.5687,13.9234,0.3994,14.2179,-23.8376,5.5403,6.4485,1.0748,-1.1169,"constellation brands, inc.",STZ,"Building 100
207 High Point Drive
Victor, NY 14564
United States",Consumer Defensive,Beverages - Wineries & Distilleries,"10,600","Constellation Brands, Inc., together with its subsidiaries, produces, imports, markets, and sells beer, wine, and spirits in the United States, Canada, Mexico, New Zealand, and Italy. The company provides beer primarily under the Corona Extra, Corona Familiar, Corona Hard Seltzer, Corona Light, Corona Non-Alcoholic, Corona Premier, Corona Refresca, Modelo Especial, Modelo Chelada, Modelo Negra, Modelo Oro, Victoria, Vicky Chamoy, and Pacifico brands. It also offers wine under the Cook's California Champagne, Kim Crawford, Meiomi, Mount Veeder, Ruffino, SIMI, My Favorite Neighbor, Robert Mondavi Winery, Schrader, and The Prisoner Wine Company brands; and spirits under the Casa Noble, Copper & Kings, High West, Mi CAMPO, Nelson's Green Brier, and SVEDKA brands. The company provides its products to wholesale distributors, retailers, on-premise locations, and state alcohol beverage control agencies. Constellation Brands, Inc. was founded in 1945 and is headquartered in Victor, New York.",24.7,9.4,5.2,10.0,Moderate Controversy Level,2.0,48th percentile,Medium
Egan-Jones Ratings Company,"oneok, inc.",BBB-,2015-11-20,1039684,1,4923.0,Utils,OKE,0.5464,0.6409,2.051,17.2737,9.3773,9.3773,11.8868,6.723,2.5757,0.7991,16.6933,22.3565,4.3816,5.9942,-0.065,2.2135,"oneok, inc.",OKE,"100 West Fifth Street
Tulsa, OK 74103
United States",Energy,Oil & Gas Midstream,"4,775","ONEOK, Inc. engages in gathering, processing, fractionation, storage, transportation, and marketing of natural gas and natural gas liquids (NGL) in the United States. It operates through four segments: Natural Gas Gathering and Processing, Natural Gas Liquids, Natural Gas Pipelines, and Refined Products and Crude. The company owns natural gas gathering pipelines and processing plants in the Mid-Continent and Rocky Mountain regions; and provides midstream services to producers of NGLs. It also owns NGL gathering and distribution pipelines in Oklahoma, Kansas, Texas, New Mexico, Montana, North Dakota, Wyoming, and Colorado; terminal and storage facilities in Kansas, Nebraska, Iowa, and Illinois; NGL distribution pipelines in Kansas, Nebraska, Iowa, Illinois, and Indiana; transports refined petroleum products, including unleaded gasoline and diesel; and owns and operates truck- and rail-loading, and -unloading facilities connected to NGL fractionation, storage, and pipeline assets. In addition, the company transports and stores natural gas through regulated interstate and intrastate natural gas transmission pipelines, and natural gas storage facilities. Further, it owns and operates a parking garage in downtown Tulsa, Oklahoma; and leases excess office space and rail cars. Additionally, the company transports, stores, and distributes refined products, NGLs, and crude oil, as well as conducts commodity-related activities, including liquids blending and marketing activities. It serves integrated and independent exploration and production companies; other NGL and natural gas gathering and processing companies; crude oil and natural gas production companies; utilities; industrial companies; natural gasoline distributors; propane distributors; municipalities; ethanol producers; petrochemical, refining, and marketing companies; and heating fuel users, refineries, and exporters. ONEOK, Inc. was founded in 1906 and is headquartered in Tulsa, Oklahoma.",25.1,10.8,3.3,11.0,Low Controversy Level,1.0,50th percentile,Medium
Standard & Poor's Ratings Services,ball corporation,BB+,2015-11-30,9389,0,3411.0,Manuf,BLL,1.1528,0.7072,2.5564,19.4516,9.79,9.79,13.0688,7.5379,5.4842,1.132,40.1742,-31.376,6.5777,11.7636,0.7414,0.6363,ball corporation,BALL,"9200 West 108th Circle
Westminster, CO 80021
United States",Consumer Cyclical,Packaging & Containers,"16,000","Ball Corporation supplies aluminum packaging products for the beverage, personal care, and household products industries in the United States, Brazil, and internationally. The company manufactures and sells aluminum beverage containers to fillers of carbonated soft drinks, beer, energy drinks, and other beverages. It also manufactures and sells extruded aluminum aerosol containers, recloseable aluminum bottles, aluminum cups, and aluminum slugs. Ball Corporation was founded in 1880 and is headquartered in Westminster, Colorado.",12.1,7.6,3.7,0.8,Moderate Controversy Level,2.0,5th percentile,Low
Egan-Jones Ratings Company,ameren corporation,A,2015-11-30,1002910,1,4931.0,Utils,AEE,0.8013,0.4515,0.9581,67.8143,20.2809,20.2809,33.3162,14.2001,4.9503,0.2774,7.7475,8.255,2.4617,4.2494,-0.0304,-1.1056,ameren corporation,AEE,"1901 Chouteau Avenue
Saint Louis, MO 63103
United States",Utilities,Utilities - Regulated Electric,"9,372","Ameren Corporation, together with its subsidiaries, operates as a public utility holding company in the United States. The company operates through four segments: Ameren Missouri, Ameren Illinois Electric Distribution, Ameren Illinois Natural Gas, and Ameren Transmission. It engages in the rate-regulated electric generation, transmission, and distribution activities; and rate-regulated natural gas distribution business. In addition, the company generates electricity through coal, nuclear, and natural gas, as well as renewable sources, such as hydroelectric, wind, methane gas, and solar. It serves residential, commercial, and industrial customers. The company was founded in 1881 and is headquartered in Saint Louis, Missouri.",27.2,12.9,5.3,9.1,Moderate Controversy Level,2.0,58th percentile,Medium
Egan-Jones Ratings Company,"nextera energy, inc.",A+,2015-12-02,753308,1,4911.0,Utils,NEE,0.6358,0.5706,1.5757,67.2437,21.4125,21.4125,38.0682,16.213,12.6057,0.2184,9.296,9.296,2.4197,3.992,0.6064,2.4331,"nextra energy, inc.",NEE,"700 Universe Boulevard
Juno Beach, FL 33408
United States",Utilities,Utilities - Regulated Electric,"16,800","NextEra Energy, Inc., through its subsidiaries, generates, transmits, distributes, and sells electric power to retail and wholesale customers in North America. The company generates electricity through wind, solar, nuclear,natural gas, and other clean energy. It also develops, constructs, and operates long-term contracted assets that consists of clean energy solutions, such as renewable generation facilities, battery storage projects, and electric transmission facilities; sells energy commodities; and owns, develops, constructs, manages and operates electric generation facilities in wholesale energy markets. The company had approximately 33,276 megawatts of net generating capacity; approximately 90,000 circuit miles of transmission and distribution lines; and 883 substations. It serves approximately 12 million people through approximately 5.9 million customer accounts in the east and lower west coasts of Florida. The company was formerly known as FPL Group, Inc. and changed its name to NextEra Energy, Inc. in 2010. NextEra Energy, Inc. was founded in 1925 and is headquartered in Juno Beach, Florida.",23.3,9.4,5.6,8.3,Moderate Controversy Level,2.0,41st percentile,Medium
Egan-Jones Ratings Company,fmc corporation,BBB,2015-12-02,37785,1,2870.0,Chems,FMC,1.4824,0.4233,1.178,38.3588,18.8201,18.8201,21.631,16.0731,9.3366,0.598,23.6372,40.8172,7.0981,13.6307,-0.1768,-0.1163,fmc corporation,FMC,"FMC Tower
2929 Walnut Street Cira Centre South
Philadelphia, PA 19104
United States",Basic Materials,Agricultural Inputs,"6,200","FMC Corporation, an agricultural sciences company, provides crop protection, plant health, and professional pest and turf management products. It develops, markets, and sells crop protection chemicals that includes insecticides, herbicides, and fungicides; and biologicals, crop nutrition, and seed treatment products, which are used in agriculture to enhance crop yield and quality by controlling a range of insects, weeds, and diseases, as well as in non-agricultural markets for pest control. The company markets its products through its own sales organization and through alliance partners, independent distributors, and sales representatives. It operates in North America, Latin America, Europe, the Middle East, Africa, and Asia. The company was founded in 1883 and is headquartered in Philadelphia, Pennsylvania.",30.7,14.4,7.5,8.9,Low Controversy Level,1.0,72nd percentile,High
Moody's Investors Service,"analog devices, inc.",A-,2015-12-03,6281,1,3674.0,BusEq,ADI,3.6634,0.089,0.1715,65.7701,24.1869,24.1869,30.6566,23.5835,20.287,0.4866,13.7371,24.4269,9.8725,12.5151,0.1242,0.1978,"analog devices, inc.",ADI,"One Analog Way
Wilmington, MA 01887
United States",Technology,Semiconductors,"26,000","Analog Devices, Inc. designs, manufactures, tests, and markets integrated circuits (ICs), software, and subsystems products in the United States, rest of North and South America, Europe, Japan, China, and rest of Asia. The company provides data converter products, which translate real-world analog signals into digital data, as well as translates digital data into analog signals; power management and reference products for power conversion, driver monitoring, sequencing, and energy management applications in the automotive, communications, industrial, and consumer markets; and power ICs that include performance, integration, and software design simulation tools for accurate power supply designs. It also offers amplifiers to condition analog signals; and radio frequency and microwave ICs to support cellular infrastructure; and micro-electro-mechanical systems technology solutions, including accelerometers used to sense acceleration, gyroscopes for sense rotation, inertial measurement units to sense multiple degrees of freedom, and broadband switches for radio and instrument systems, as well as isolators. In addition, the company provides digital signal processing and system products for numeric calculations. It serves clients in the industrial, automotive, consumer, instrumentation, aerospace, defense and healthcare, and communications markets through a direct sales force, third-party distributors, and independent sales representatives, as well as online. Analog Devices, Inc. was incorporated in 1965 and is headquartered in Wilmington, Massachusetts.",22.9,9.3,7.0,6.7,Low Controversy Level,1.0,40th percentile,Medium
Standard & Poor's Ratings Services,yum! brands inc.,BB,2015-12-10,1041061,0,5812.0,Shops,YUM,0.7466,0.5669,1.341,46.4843,13.742,13.742,19.2525,11.8542,8.3384,1.5048,47.7344,151.5669,12.2369,20.6722,-0.21,-0.162,"yum! brands, inc.",YUM,"1441 Gardiner Lane
Louisville, KY 40213
United States",Consumer Cyclical,Restaurants,"35,000","Yum! Brands, Inc., together with its subsidiaries, develops, operates, and franchises quick service restaurants worldwide. The company operates through the KFC Division, the Taco Bell Division, the Pizza Hut Division, and the Habit Burger Grill Division segments. It also operates restaurants under the KFC, Pizza Hut, Taco Bell, and The Habit Burger Grill brands, which specialize in chicken, pizza, made-to-order chargrilled burgers, sandwiches, Mexican-style food categories, and other food products. The company was formerly known as TRICON Global Restaurants, Inc. and changed its name to Yum! Brands, Inc. in May 2002. Yum! Brands, Inc. was incorporated in 1997 and is headquartered in Louisville, Kentucky.",20.1,4.5,4.1,11.4,Moderate Controversy Level,2.0,28th percentile,Medium
Moody's Investors Service,las vegas sands corp.,BB+,2015-12-22,1300514,0,7990.0,Other,LVS,1.9224,0.5231,1.1078,46.887,28.1061,28.1061,35.7789,26.2822,19.4803,0.6524,39.7757,40.1597,16.0508,18.9706,0.6089,0.2002,las vegas sands corp.,LVS,"5500 Haven Street
Las Vegas, NV 89119
United States",Consumer Cyclical,Resorts & Casinos,"38,400","Las Vegas Sands Corp., together with its subsidiaries, develops, owns, and operates integrated resorts in Macao and Singapore. It owns and operates The Venetian Macao Resort Hotel, the Londoner Macao, The Parisian Macao, The Plaza Macao and Four Seasons Hotel Macao, Cotai Strip, and the Sands Macao in Macao, the People's Republic of China; and Marina Bay Sands in Singapore. The company's integrated resorts feature accommodations, gaming, entertainment and retail malls, convention and exhibition facilities, celebrity chef restaurants, and other amenities. Las Vegas Sands Corp. was founded in 1988 and is based in Las Vegas, Nevada.",18.7,2.3,8.7,7.7,Moderate Controversy Level,2.0,23rd percentile,Low
Moody's Investors Service,"roper technologies, inc.",BBB,2015-12-29,882835,1,3823.0,BusEq,ROP,2.1355,0.3681,0.5851,58.1487,26.0138,26.0138,31.9774,23.2891,16.6236,0.3956,12.7768,-22.6546,6.5766,8.0741,1.2002,1.1615,"roper technologies, inc.",ROP,"6496 University Parkway
Sarasota, FL 34240
United States",Technology,Software - Application,"16,800","Roper Technologies, Inc. designs and develops software, and technology enabled products and solutions. It operates through three segments: Application Software, Network Software, and Technology Enabled Products. The Application Software segment offers management, campus solutions, diagnostic and laboratory information management, enterprise software and information solutions, transportation management, financial and compliance management, and cloud-based financial analytics and performance management software; cloud-based software to the property and casualty insurance industry; and software, services, and technologies for foodservice operations. The Network Software segment provides cloud-based data, collaboration, and estimating automation software; electronic marketplace; visual effects and 3D content software; cloud-based software for the life insurance and financial services industries; supply chain software; health care service and software; data analytics and information; and pharmacy software solutions. The Technology Enabled Products segment offers ultrasound accessories; dispensers and metering pumps; wireless sensor network and solutions automated surgical scrub and linen dispensing equipment; water meters; optical and electromagnetic measurement systems; RFID card readers; and medical devices. It distributes and sells its products through direct sales, manufacturers' representatives, resellers, and distributors. The company was formerly known as Roper Industries, Inc. and changed its name to Roper Technologies, Inc. in April 2015. The company was incorporated in 1981 and is based in Sarasota, Florida.",20.4,4.7,6.1,9.7,None Controversy Level,,30th percentile,Medium
Standard & Poor's Ratings Services,textron inc.,BBB,2016-01-20,217346,1,3721.0,Manuf,TXT,2.0105,0.4028,0.7272,18.2076,8.4929,8.4929,11.9273,7.2339,5.1926,0.9126,14.0612,23.7334,4.7457,8.3975,-0.3763,-0.3607,"textron, inc.",TXT,"40 Westminster Street
Providence, RI 02903
United States",Industrials,Aerospace & Defense,"35,000","Textron Inc. operates in the aircraft, defense, industrial, and finance businesses worldwide. It operates through six segments: Textron Aviation, Bell, Textron Systems, Industrial, Textron eAviation, and Finance. The Textron Aviation segment manufactures, sells, and services business jets, turboprop and piston engine aircraft, and military trainer and defense aircraft; and offers maintenance, inspection, and repair services, as well as sells commercial parts. The Bell segment supplies military and commercial helicopters, tiltrotor aircrafts, and related spare parts and services. The Textron Systems segment offers unmanned aircraft systems, electronic systems and solutions, advanced marine crafts, piston aircraft engines, live military air-to-air and air-to-ship training, weapons and related components, and armored and specialty vehicles. The Industrial segment offers blow-molded solutions, including conventional plastic fuel tanks and pressurized fuel tanks for hybrid vehicle applications, clear-vision systems, plastic tanks for catalytic reduction systems, and battery housing systems for use in electric vehicles primarily to automobile original equipment manufacturers (OEMs); and golf cars, off-road utility vehicles, powersports products, light transportation vehicles, aviation ground support equipment, professional turf-maintenance equipment, and turf-care vehicles to golf courses and resorts, government agencies and municipalities, consumers, outdoor enthusiasts, and commercial and industrial users. The Textron eAviation segment manufactures and sells light aircraft and gliders with electric and combustion engines; and provides other research and development initiatives related to sustainable aviation solutions. The Finance segment offers financing services to purchase new and pre-owned aviation aircraft and Bell helicopters. Textron Inc. was founded in 1923 and is headquartered in Providence, Rhode Island.",33.6,10.9,6.6,16.1,Moderate Controversy Level,2.0,80th percentile,High
Standard & Poor's Ratings Services,rockwell automation inc.,AA,2016-01-21,1024478,1,3620.0,Manuf,ROK,2.935,0.3994,0.6651,42.8526,17.8744,18.8843,21.4604,17.8744,13.1201,0.9849,36.6714,82.8843,12.9218,22.0241,1.3558,1.4721,"rockwell automation, inc.",ROK,"1201 South Second Street
Milwaukee, WI 53204
United States",Industrials,Specialty Industrial Machinery,"29,000","Rockwell Automation, Inc. provides industrial automation and digital transformation solutions in North America, Europe, the Middle East, Africa, the Asia Pacific, and Latin America. The company operates through three segments, Intelligent Devices, Software & Control, and Lifecycle Services. Its solutions include hardware and software products and services. The Intelligent Devices segment offers drives, motion, safety, sensing, industrial components, and configured-to-order products. The Software & Control segment provides control and visualization software and hardware, information software, and network and security infrastructure solutions. The Lifecycle Services segment provides consulting, professional services and solutions, and connected and maintenance services. The company sells its solutions primarily through independent distributors in relation with its direct sales force. It serves discrete end markets, including automotive, semiconductor, and warehousing and logistics, as well as general industries comprising printing and publishing, marine, glass, fiber and textiles, airports, and aerospace; hybrid end markets, such as food and beverage, life sciences, household and personal care, and tire, as well as eco industrial, including water/wastewater, waste management, mass transit, and renewable energy; and process end markets comprising oil and gas, mining, metals, chemicals, pulp and paper, and others. Rockwell Automation, Inc. was founded in 1903 and is headquartered in Milwaukee, Wisconsin.",17.7,5.4,5.7,6.6,Moderate Controversy Level,2.0,19th percentile,Low
Standard & Poor's Ratings Services,zoetis inc.,BBB,2016-01-22,1555280,1,2834.0,Hlth,ZTS,2.1505,0.8036,4.462,63.5257,11.4376,14.0399,18.2162,11.4376,7.1144,0.6022,31.0724,-21.8147,4.2841,6.1037,0.0757,-0.0259,zoetis inc.,ZTS,"10 Sylvan Way
Parsippany, NJ 07054
United States",Healthcare,Drug Manufacturers - Specialty & Generic,"14,100","Zoetis Inc. engages in the discovery, development, manufacture, and commercialization of animal health medicines, vaccines, and diagnostic products and services in the United States and internationally. The company commercializes products primarily across species, including livestock, such as cattle, swine, poultry, fish, and sheep and others; and companion animals comprising dogs, cats, and horses. It also offers parasiticides, vaccines, dermatology, other pharmaceutical, anti-infectives, animal health diagnostics, and medicated feed additives. In addition, the company provides animal health diagnostics, including point-of-care diagnostic products, instruments and reagents, rapid immunoassay tests, reference laboratory kits and services, and blood glucose monitors; and other non-pharmaceutical products, which include nutritionals, as well as products and services in biodevices, genetic tests, and precision animal health. It markets its products to veterinarians, livestock producers, and pet owners. The company has collaboration Blacksmith Medicines, Inc. to discover and develop novel antibiotics for animal health. Zoetis Inc. was founded in 1952 and is headquartered in Parsippany, New Jersey.",18.8,3.2,8.7,6.8,Moderate Controversy Level,2.0,23rd percentile,Low
Moody's Investors Service,freeport-mcmoran inc.,B+,2016-01-27,831259,0,1000.0,Other,FCX,1.7325,0.6203,1.6875,-87.684,-92.5036,-92.5036,-68.563,-96.7208,-83.7681,0.3136,-101.1292,-101.1292,-26.1502,-38.3997,-2.4436,-1.3711,freeport-mcmoran inc.,FCX,"333 North Central Avenue
Phoenix, AZ 85004-2189
United States",Basic Materials,Copper,"27,200","Freeport-McMoRan Inc. engages in the mining of mineral properties in North America, South America, and Indonesia. It primarily explores for copper, gold, molybdenum, silver, and other metals. The company's assets include the Grasberg minerals district in Indonesia; Morenci, Bagdad, Safford, Sierrita, and Miami in Arizona; Chino and Tyrone in New Mexico; and Henderson and Climax in Colorado, North America, as well as Cerro Verde in Peru and El Abra in Chile. The company was formerly known as Freeport-McMoRan Copper & Gold Inc. and changed its name to Freeport-McMoRan Inc. in July 2014. Freeport-McMoRan Inc. was incorporated in 1987 and is headquartered in Phoenix, Arizona.",31.6,15.3,6.4,10.0,High Controversy Level,4.0,74th percentile,High
Standard & Poor's Ratings Services,wec energy group inc.,A,2016-01-28,783325,1,4931.0,Utils,WEC,0.7747,0.4838,1.1713,54.7858,22.2549,22.2549,30.5998,19.035,11.7728,0.3353,13.338,14.7074,3.955,6.8381,-0.0945,-0.2941,"wec energy group, inc.",WEC,"231 West Michigan Street
PO Box 1331
Milwaukee, WI 53201
United States",Utilities,Utilities - Regulated Electric,"7,000","WEC Energy Group, Inc., through its subsidiaries, provides regulated natural gas and electricity, and renewable and nonregulated renewable energy services in the United States. It operates through Wisconsin, Illinois, Other States, Electric Transmission, and Non-Utility Energy Infrastructure segments. The company generates and distributes electricity from coal, natural gas, oil, and nuclear, as well as renewable energy resources, including wind, solar, hydroelectric, and biomass; and distributes and transports natural gas. It also owns, maintains, monitors, and operates electric transmission systems; and generates, distributes, and sells steam. As of December 31, 2023, the company operated approximately 35,500 miles of overhead distribution lines and 36,500 miles of underground distribution cables, as well as 430 electric distribution substations and 523,700 line transformers; approximately 46,400 miles of natural gas distribution mains; 1,700 miles of natural gas transmission mains; 2.4 million natural gas lateral services; 490 natural gas distribution and transmission gate stations; and 69.3 billion cubic feet of working gas capacities in underground natural gas storage fields. The company was formerly known as Wisconsin Energy Corporation and changed its name to WEC Energy Group, Inc. in June 2015. WEC Energy Group, Inc. was founded in 1896 and is headquartered in Milwaukee, Wisconsin.",27.5,13.4,5.1,9.0,Low Controversy Level,1.0,59th percentile,Medium
Standard & Poor's Ratings Services,"dollar tree, inc.",BB-,2016-01-29,935703,0,5331.0,Shops,DLTR,2.315,0.2767,0.3825,35.2701,12.0923,12.0923,14.4858,11.0925,6.9657,2.4629,33.5686,37.0128,17.1558,24.2817,0.9302,0.8753,dollar tree inc.,DLTR,"500 Volvo Parkway
Chesapeake, VA 23320
United States",Consumer Defensive,Discount Stores,"65,894","Dollar Tree, Inc. operates retail discount stores. The company operates in two segments, Dollar Tree and Family Dollar. The Dollar Tree segment offers merchandise at the fixed price of $ 1.25. It provides consumable merchandise, which includes everyday consumables, such as household paper and chemicals, food, candy, health, personal care products, and frozen and refrigerated food; variety merchandise comprising toys, durable housewares, gifts, stationery, party goods, greeting cards, softlines, arts and crafts supplies, and other items; and seasonal goods that include Christmas, Easter, Halloween, and Valentine's Day merchandise. It operates stores under the Dollar Tree and Dollar Tree Canada brands, as well as distribution centers in the United States and Canada. The Family Dollar segment operates general merchandise retail discount stores that offer consumable merchandise, which comprise food and beverages, tobacco, health and personal care, household chemicals, paper products, hardware and automotive supplies, diapers, batteries, and pet food and supplies; and home products, including housewares, home décor, and giftware, as well as domestics, such as comforters, sheets, and towels. It also provides apparel and accessories merchandise comprising clothing, fashion accessories, and shoes; and seasonal and electronics merchandise that include Christmas, Easter, Halloween, and Valentine's Day merchandise, as well as personal electronics, which comprise pre-paid cellular phones and services, stationery and school supplies, and toys. Dollar Tree, Inc. was founded in 1986 and is based in Chesapeake, Virginia.",20.1,3.3,4.0,12.8,Moderate Controversy Level,2.0,28th percentile,Medium
Fitch Ratings,cadence design systems inc.,BBB+,2016-02-04,813672,1,7372.0,BusEq,CDNS,1.7979,0.1997,0.2495,85.9906,16.7694,16.7694,24.2641,15.7216,14.8298,0.7257,18.3427,47.8189,10.7617,14.6805,0.1786,0.1648,cadence design systems,CDNS,"Building 5
2655 Seely Avenue
San Jose, CA 95134
United States",Technology,Software - Application,"11,200","Cadence Design Systems, Inc. provides software, hardware, services, and reusable integrated circuit (IC) design blocks worldwide. The company offers functional verification services, including emulation and prototyping hardware. Its functional verification offering consists of JasperGold, a formal verification platform; Xcelium, a parallel logic simulation platform; Palladium, an enterprise emulation platform; and Protium, a prototyping platform for chip verification. The company also provides digital IC design and sign off products, including Genus synthesis and Joules RTL power solutions, as well as Modus DFT software solution to reduce systems-on-chip design-for-test time; physical implementation tools, such as place and route, optimization, and multiple patterning preparation; and Innovus implementation system, a physical implementation system. In addition, it offers custom IC design and simulation products to create schematic and physical representations of circuits down to the transistor level for analog, mixed-signal, custom digital, memory, and radio frequency designs; and system design and analysis products to develop printed circuit boards and IC packages, as well as to analyze electromagnetic, electro-thermal, and other multi-physics effects. Further, the company provides intellectual property (IP) products comprising pre-verified and customizable functional blocks to integrate into customer's ICs; and verification IP with memory models to emulate and model the expected behavior and interaction of standard industry system interface protocols. Additionally, it offers services related to methodology, education, and hosted design solutions, as well as technical support and maintenance services. The company serves consumer, hyperscale computing, 5G communications, mobile, automotive, aerospace and defense, industrial, and life science industries. Cadence Design Systems, Inc. was incorporated in 1987 and is headquartered in San Jose, California.",12.0,2.3,4.8,4.9,None Controversy Level,,5th percentile,Low
Standard & Poor's Ratings Services,microchip technology inc.,BB+,2016-02-05,827054,0,3674.0,BusEq,MCHP,7.5278,0.4699,0.8864,57.268,19.8236,19.8236,34.0526,16.1109,17.1869,0.4491,17.7254,37.0761,7.6416,9.3965,0.0585,-0.0533,microchip technology inc,MCHP,"2355 West Chandler Boulevard
Chandler, AZ 85224-6199
United States",Technology,Semiconductors,"22,300","Microchip Technology Incorporated engages in the development, manufacture, and sale of smart, connected, and secure embedded control solutions in the Americas, Europe, and Asia. The company offers general purpose 8-bit, 16-bit, and 32-bit mixed-signal microcontrollers; 32-bit embedded mixed-signal microprocessors; and specialized microcontrollers for automotive, industrial, computing, communications, lighting, power supplies, motor control, human machine interface, security, wired connectivity, and wireless connectivity applications. It also provides analog, interface, mixed signal, and timing products comprising power management, linear, mixed-signal, high-voltage, thermal management, discrete diodes, and metal oxide semiconductor field effect transistors (MOSFETS), radio frequency (RF), drivers, safety, security, timing, USB, Ethernet, wireless, and other interface products; field-programmable gate array (FPGA) products; and application development tools that enable system designers to program microcontroller, FPGA, and microprocessor products for specific applications. In addition, the company offers serial electrically erasable programmable read-only memory, serial flash memories, parallel flash memories, serial static random access memories, and serial electrically erasable random access memories for the production of very small footprint devices; and licenses its SuperFlash embedded flash and non-volatile memory technologies to foundries, integrated device manufacturers, and design partners for use in the manufacture of microcontroller products, gate array, RF, analog, and neuromorphic compute products that require embedded non-volatile memory, as well as provides engineering services. Further, it offers wafer foundry and assembly, and test subcontracting manufacturing services; and timing systems products, application specific integrated circuits, and aerospace products. The company was incorporated in 1989 and is headquartered in Chandler, Arizona.",31.8,15.3,7.4,9.2,Low Controversy Level,1.0,75th percentile,High
Standard & Poor's Ratings Services,conagra brands inc.,BBB,2016-02-19,23217,1,2000.0,NoDur,CAG,1.0765,0.5991,1.7146,25.4173,10.1041,10.1041,13.2544,6.4711,-2.7961,0.5181,9.7896,-37.3872,2.5881,3.9248,-0.1807,0.256,"conagra brands, inc.",CAG,"222 West Merchandise Mart Plaza
Suite 1300
Chicago, IL 60654
United States",Consumer Defensive,Packaged Foods,"18,600","Conagra Brands, Inc., together with its subsidiaries, operates as a consumer packaged goods food company primarily in the United States. The company operates through Grocery & Snacks, Refrigerated & Frozen, International, and Foodservice segments. The Grocery & Snacks segment primarily offers shelf stable food products through various retail channels. The Refrigerated & Frozen segment provides temperature-controlled food products through various retail channels. The International segment offers food products in various temperature states through retail and foodservice channels outside of the United States. The Foodservice segment offers branded and customized food products, including meals, entrees, sauces, and various custom-manufactured culinary products packaged for restaurants and other foodservice establishments. The company sells its products under the Birds Eye, Marie Callender's, Duncan Hines, Healthy Choice, Slim Jim, Reddi-wip, Angie's, BOOMCHICKAPOP, Duke's, Earth Balance, Gardein, and Frontera brands. The company was incorporated in 1919 and is headquartered in Chicago, Illinois.",30.8,10.7,4.7,15.4,Moderate Controversy Level,2.0,72nd percentile,High
Moody's Investors Service,unitedhealth group incorporated,A-,2016-02-22,731766,1,6324.0,Money,UNH,0.7375,0.4289,0.9478,23.5674,7.015,7.015,8.0926,6.5121,3.7,1.4121,17.3996,-30.692,5.2744,9.9363,1.9071,1.8446,unitedhealth group incorporated,UNH,"UnitedHealth Group Center
9900 Bren Road East
Minnetonka, MN 55343
United States",Healthcare,Healthcare Plans,"440,000","UnitedHealth Group Incorporated operates as a diversified health care company in the United States. The company operates through four segments: UnitedHealthcare, Optum Health, Optum Insight, and Optum Rx. The UnitedHealthcare segment offers consumer-oriented health benefit plans and services for national employers, public sector employers, mid-sized employers, small businesses, and individuals; health care coverage, and health and well-being services to individuals age 50 and older addressing their needs; Medicaid plans, children's health insurance and health care programs; and health and dental benefits, and hospital and clinical services, as well as health care benefits products and services to state programs caring for the economically disadvantaged, medically underserved, and those without the benefit of employer-funded health care coverage. The Optum Health segment provides care delivery, care management, wellness and consumer engagement, and health financial services patients, consumers, care delivery systems, providers, employers, payers, and public-sector entities. The Optum Insight segment offers software and information products, advisory consulting arrangements, and managed services outsourcing contracts to hospital systems, physicians, health plans, governments, life sciences companies, and other organizations. The Optum Rx segment provides pharmacy care services and programs, including retail network contracting, home delivery, specialty and community health pharmacy services, infusion, and purchasing and clinical capabilities, as well as develops programs in the areas of step therapy, formulary management, drug adherence, and disease/drug therapy management. UnitedHealth Group Incorporated was founded in 1974 and is based in Minnetonka, Minnesota.",15.3,0.0,5.6,9.7,Significant Controversy Level,3.0,12th percentile,Low
Standard & Poor's Ratings Services,starbucks corp.,A,2016-02-22,829224,1,5812.0,Shops,SBUX,1.0885,0.2874,0.4034,59.3612,18.7917,18.7917,23.6647,20.3677,14.3894,1.5434,47.4123,74.0951,22.2232,33.7847,2.0791,1.9841,starbucks corp,SBUX,"2401 Utah Avenue South
Seattle, WA 98134
United States",Consumer Cyclical,Restaurants,"381,000","Starbucks Corporation, together with its subsidiaries, operates as a roaster, marketer, and retailer of coffee worldwide. The company operates through three segments: North America, International, and Channel Development. Its stores offer coffee and tea beverages, roasted whole beans and ground coffees, single serve products, and ready-to-drink beverages; and various food products, such as pastries, breakfast sandwiches, and lunch items. The company also licenses its trademarks through licensed stores, and grocery and foodservice accounts. The company offers its products under the Starbucks Coffee, Teavana, Seattle's Best Coffee, Ethos, Starbucks Reserve, and Princi brands. Starbucks Corporation was founded in 1971 and is based in Seattle, Washington.",24.7,5.8,4.3,14.6,Significant Controversy Level,3.0,48th percentile,Medium
Moody's Investors Service,marathon oil corporation,BB+,2016-02-25,101778,0,1311.0,Enrgy,MRO,1.498,0.2817,0.3922,68.0906,-46.4509,-46.4509,12.2546,-52.6214,-47.5512,0.1434,-9.1683,-9.2255,-5.2645,-6.5856,-5.7058,-8.4713,marathon oil corporation,MRO,"990 Town and Country Boulevard
Houston, TX 77024-2217
United States",Energy,Oil & Gas E&P,"1,681","Marathon Oil Corporation, an independent exploration and production company, engages in exploration, production, and marketing of crude oil and condensate, natural gas liquids, and natural gas in the United States and internationally. The company also produces and markets products manufactured from natural gas, such as liquefied natural gas and methanol. In addition, it owns and operates Sugarloaf gathering system, a natural gas pipeline. The company was formerly known as USX Corporation and changed its name to Marathon Oil Corporation in December 2001. Marathon Oil Corporation was founded in 1887 and is headquartered in Houston, Texas.",37.7,21.1,7.6,9.1,Moderate Controversy Level,2.0,89th percentile,High
Fitch Ratings,marathon petroleum corporation,BBB+,2016-02-25,1510295,1,2911.0,Enrgy,MPC,1.3217,0.366,0.5796,14.3605,4.1414,4.1414,5.5246,3.9206,2.5803,3.215,22.432,26.0077,8.3977,14.2221,0.0474,-0.6069,marathon petroleum corporation,MPC,"539 South Main Street
Findlay, OH 45840-3229
United States",Energy,Oil & Gas Refining & Marketing,"18,200","Marathon Petroleum Corporation, together with its subsidiaries, operates as an integrated downstream energy company primarily in the United States. The company operates through Refining & Marketing, and Midstream segments. The Refining & Marketing segment refines crude oil and other feedstocks at its refineries in the Gulf Coast, Mid-Continent, and West Coast regions of the United States; and purchases refined products and ethanol for resale and distributes refined products, including renewable diesel, through transportation, storage, distribution, and marketing services. Its refined products include transportation fuels, such as reformulated gasolines and blend-grade gasolines; heavy fuel oil; and asphalt. This segment also manufactures propane and petrochemicals. It sells refined products to wholesale marketing customers in the United States and internationally, buyers on the spot market, and independent entrepreneurs who operate primarily Marathon branded outlets, as well as through long-term fuel supply contracts to direct dealer locations primarily under the ARCO brand. The Midstream segment transports, stores, distributes, and markets crude oil and refined products through refining logistics assets, pipelines, terminals, towboats, and barges; gathers, processes, and transports natural gas; and gathers, transports, fractionates, stores, and markets natural gas liquids. Marathon Petroleum Corporation was founded in 1887 and is headquartered in Findlay, Ohio.",30.5,17.1,5.3,8.1,Significant Controversy Level,3.0,71st percentile,High
Moody's Investors Service,devon energy corporation,BB,2016-02-25,1090012,0,1311.0,Enrgy,DVN,1.2203,0.5232,1.1859,100.0,-145.059,-145.059,-113.8912,-151.0688,-98.1438,0.4463,-124.1696,-229.0582,-46.3312,-59.2102,-2.7592,3.4889,devon energy corporation,DVN,"333 West Sheridan Avenue
Oklahoma City, OK 73102-5015
United States",Energy,Oil & Gas E&P,"1,900","Devon Energy Corporation, an independent energy company, engages in the exploration, development, and production of oil, natural gas, and natural gas liquids in the United States. It operates in Delaware, Eagle Ford, Anadarko, Williston, and Powder River Basins. The company was founded in 1971 and is headquartered in Oklahoma City, Oklahoma.",33.8,17.7,7.5,8.6,Moderate Controversy Level,2.0,80th percentile,High
Standard & Poor's Ratings Services,lkq corporation,B+,2016-03-01,1065696,0,5010.0,Shops,LKQ,3.0029,0.3961,0.6786,39.3455,9.6419,9.6419,11.5029,8.7223,5.6605,1.2309,14.0231,204.8569,6.9674,8.469,-0.1374,-0.3013,lkq corporation,LKQ,"500 West Madison Street
Suite 2800
Chicago, IL 60661
United States",Consumer Cyclical,Auto Parts,"49,000","LKQ Corporation engages in the distribution of replacement parts, components, and systems used in the repair and maintenance of vehicles and specialty vehicle aftermarket products and accessories. It operates through four segments: Wholesale-North America, Europe, Specialty, and Self Service. The company distributes bumper covers, automotive body panels, and lights, as well as mechanical automotive parts and accessories; salvage products, including mechanical and collision parts comprising engines; transmissions; door assemblies; sheet metal products, such as trunk lids, fenders, and hoods; lights and bumper assemblies; scrap metal and other materials to metals recyclers; and brake pads, discs and sensors, clutches, steering and suspension products, filters, and oil and automotive fluids, as well as electrical products, including spark plugs and batteries. In addition, the company distributes recreational vehicle appliances and air conditioners, towing hitches, truck bed covers, vehicle protection products, marine electronics, cargo management products, wheels, tires, and suspension products. It serves collision and mechanical repair shops, and new and used car dealerships, as well as retail customers. The company operates in the United States, Canada, the United Kingdom, Germany, Belgium, the Netherlands, Luxembourg, Italy, the Czech Republic, Austria, Poland, Slovakia, Taiwan, and other European countries. LKQ Corporation was incorporated in 1998 and is headquartered in Chicago, Illinois.",11.1,3.8,3.3,4.0,Moderate Controversy Level,2.0,4th percentile,Low
Moody's Investors Service,o'reilly automotive inc,BBB+,2016-03-01,898173,1,5531.0,Shops,ORLY,1.0896,0.4075,0.6879,51.3977,17.6048,17.6048,20.325,16.9369,10.784,1.1047,38.5541,61.6609,11.9132,22.8419,3.0531,2.5731,"o'reilly automotive, inc.",ORLY,"233 South Patterson Avenue
Springfield, MO 65802-2298
United States",Consumer Cyclical,Specialty Retail,"90,601","O'Reilly Automotive, Inc., together with its subsidiaries, operates as a retailer and supplier of automotive aftermarket parts, tools, supplies, equipment, and accessories in the United States, Puerto Rico, and Mexico. The company provides new and remanufactured automotive hard parts and maintenance items, such as alternators, batteries, brake system components, belts, chassis parts, driveline parts, engine parts, fuel pumps, hoses, starters, temperature control, water pumps, antifreeze, appearance products, engine additives, filters, fluids, lighting products, and oil and wiper blades; and accessories, including floor mats, seat covers, and truck accessories. It also offers auto body paint and related materials, automotive tools, and professional service provider service equipment. In addition, the company provide enhanced services and programs comprising used oil, oil filter, and battery recycling; battery, wiper, and bulb replacement; battery diagnostic testing; electrical and module testing; check engine light code extraction; loaner tool program; drum and rotor resurfacing; custom hydraulic hoses; and professional paint shop mixing and related materials. Further, it offers do-it-yourself and professional service for domestic and imported automobiles, vans, and trucks. The company was founded in 1957 and is headquartered in Springfield, Missouri.",12.1,0.1,3.8,8.1,Low Controversy Level,1.0,5th percentile,Low
Moody's Investors Service,"ebay, inc.",BBB+,2016-03-02,1065088,1,7370.0,BusEq,EBAY,3.4927,0.5065,1.0263,79.3878,25.5703,25.5703,33.5661,28.0028,20.0768,0.4839,29.6077,95.6757,10.9659,14.6116,-1.2323,-1.2826,ebay inc,EBAY,"2025 Hamilton Avenue
San Jose, CA 95125
United States",Consumer Cyclical,Internet Retail,"12,300","eBay Inc., together with its subsidiaries, operates marketplace platforms that connect buyers and sellers in the United States, the United Kingdom, China, Germany, and internationally. The company's marketplace platform includes its online marketplace at ebay.com, off-platform businesses, and the eBay suite of mobile apps. Its platforms enable users to list, sell, and buy various products. The company was founded in 1995 and is headquartered in San Jose, California.",17.6,2.7,7.2,7.7,Moderate Controversy Level,2.0,19th percentile,Low
Moody's Investors Service,stryker corporation,BBB+,2016-03-03,310764,1,3842.0,Hlth,SYK,2.2681,0.2751,0.4697,66.3784,18.711,18.711,22.7026,17.4442,14.4681,0.6131,16.9075,55.7536,8.8701,12.2562,-2.0797,-2.1799,stryker corporation,SYK,"1941 Stryker Way
Portage, MI 49002
United States",Healthcare,Medical Devices,"52,000","Stryker Corporation operates as a medical technology company. The company operates through two segments, MedSurg and Neurotechnology, and Orthopaedics and Spine. The Orthopaedics and Spine segment provides implants for use in total joint replacements, such as hip, knee and shoulder, and trauma and extremities surgeries. This segment also offers spinal implant products comprising cervical and thoracolumbar systems that include fixation, minimally invasive and interbody systems used in spinal injury, complex spine and degenerative therapies. The MedSurg and Neurotechnology segment offers surgical equipment, and surgical navigation systems, endoscopic and communications systems, patient handling, emergency medical equipment and intensive care disposable products, reprocessed and remanufactured medical devices, clinical communication and workflow solutions, and other medical device products that are used in various medical specialties, as well as patient and caregiver safety technologies. This segment also provides neurosurgical, neurovascular and craniomaxillofacial implant products, which include products used for minimally invasive endovascular procedures; products for brain and open skull based surgical procedures; orthobiologic and biosurgery products, such as synthetic bone grafts and vertebral augmentation products; minimally invasive products for the treatment of acute ischemic and hemorrhagic stroke; and craniomaxillofacial implant products, including cranial, maxillofacial, and chest wall devices, as well as dural substitutes and sealants. The company sells its products to doctors, hospitals, and other healthcare facilities through company-owned subsidiaries and branches, as well as third-party dealers and distributors in approximately 75 countries. Stryker Corporation was founded in 1941 and is headquartered in Portage, Michigan.",28.3,4.0,11.0,13.2,Moderate Controversy Level,2.0,62nd percentile,Medium
Fitch Ratings,masco corporation,BB+,2016-03-11,62996,0,3430.0,Manuf,MAS,1.3849,0.9764,58.7414,31.5458,12.7975,12.7975,14.9398,9.6472,4.9006,1.2609,682.7586,-42.0829,6.9915,16.091,0.6652,0.5728,masco corporation,MAS,"17450 College Parkway
Livonia, MI 48152
United States",Industrials,Building Products & Equipment,"18,000","Masco Corporation designs, manufactures, and distributes home improvement and building products in North America, Europe, and internationally. The company's Plumbing Products segment offers faucets, showerheads, handheld showers, valves, bath hardware and accessories, bathing units, shower bases and enclosures, sinks, toilets, acrylic tubs, shower trays, spas, exercise pools, and fitness systems; brass, copper, and composite plumbing system components; connected water products; thermoplastic solutions, extruded plastic profiles, specialized fabrications, and PEX tubing products; and other non-decorative plumbing products. This segment provides its products under the DELTA, BRIZO, PEERLESS, HANSGROHE, AXOR, KRAUS, EASY DRAIN, STEAMIST, ELITESTEAM, GINGER, NEWPORT BRASS, BRASSTECH, WALTEC, BRISTAN, HERITAGE, MIROLIN, HOT SPRING, CALDERA, FREEFLOW SPAS, FANTASY SPAS, ENDLESS POOLS, BRASSCRAFT, PLUMB SHOP, COBRA, COBRA PRO, and MASTER PLUMBER brands. Its Decorative Architectural Products segment offers paints, primers, specialty coatings, stains, and waterproofing products, as well as paint applicators and accessories; cabinet and door hardware, functional hardware, wall plates, hook and rail products, closet organization systems, and picture hanging accessories; decorative bath hardware, mirrors, and shower accessories and doors; and decorative indoor and outdoor lighting fixtures, ceiling fans, landscape lighting, and LED lighting systems. This segment provides its products under the BEHR, KILZ, WHIZZ, Elder & Jenks, LIBERTY, BRAINERD, FRANKLIN BRASS, KICHLER, and ÉLAN brands. It sells its products to the plumbing, heating, and hardware wholesalers; home centers and online retailers; hardware stores; electrical and landscape distributors; lighting showrooms; building supply outlets; and other mass merchandisers. Masco Corporation was incorporated in 1929 and is headquartered in Livonia, Michigan.",22.2,9.7,6.8,5.6,Low Controversy Level,1.0,37th percentile,Medium
Moody's Investors Service,global payments inc.,BB,2016-03-14,1123360,0,7374.0,BusEq,GPN,1.3564,0.5485,1.6188,62.7198,15.8756,15.8756,20.6546,14.7735,9.6031,0.6356,23.8305,-36.4968,6.7175,10.7602,-0.2024,-0.1322,"global payments, inc.",GPN,"3550 Lenox Road
Atlanta, GA 30326
United States",Industrials,Specialty Business Services,"27,000","Global Payments Inc. provides payment technology and software solutions for card, check, and digital-based payments in the Americas, Europe, and the Asia-Pacific. It operates through two segments, Merchant Solutions and Issuer Solutions. The Merchant Solutions segment offers authorization, settlement and funding, customer support, chargeback resolution, terminal rental, sales and deployment, payment security, and consolidated billing and reporting services. This segment also provides an array of enterprise software solutions that streamline business operations of its customers in various vertical markets; and value-added solutions and services, such as point-of-sale software, analytics and customer engagement, payroll and reporting, and human capital management. The Issuer Solutions segment offers solutions that enable financial institutions and retailers to manage their card portfolios through a platform; and commercial payments, account payables, and electronic payment alternatives solutions for businesses and governments. It markets its products and services through direct sales force, trade associations, agent and enterprise software providers, referral arrangements with value-added resellers, and independent sales organizations. The company was founded in 1967 and is headquartered in Atlanta, Georgia.",20.9,3.7,6.5,10.7,Low Controversy Level,1.0,31st percentile,Medium
Moody's Investors Service,"delta air lines, inc.",BBB+,2016-03-16,27904,1,4512.0,Other,DAL,0.5167,0.3841,0.7676,32.7781,19.1677,19.1677,23.6758,17.583,11.1193,0.7661,41.7143,-118.9487,8.5181,25.6926,4.0051,3.0036,"delta air lines, inc.",DAL,"PO Box 20706
Atlanta, GA 30320-6001
United States",Industrials,Airlines,"103,000","Delta Air Lines, Inc. provides scheduled air transportation for passengers and cargo in the United States and internationally. The company operates through two segments, Airline and Refinery. Its domestic network centered on core hubs in Atlanta, Minneapolis-St. Paul, Detroit, and Salt Lake City, as well as coastal hub positions in Boston, Los Angeles, New York-LaGuardia, New York-JFK, and Seattle; and international network centered on hubs and market presence in Amsterdam, Bogota, Lima, Mexico City, London-Heathrow, Paris-Charles de Gaulle, Sao Paulo, Seoul-Incheon, and Tokyo. The company sells its tickets through various distribution channels, including delta.com and the Fly Delta app; acts as a reservations specialists; and operates online travel and traditional brick and mortar agencies. It also provides aircraft maintenance and engineering support, repair, and overhaul services; and vacation packages to third-party consumers. The company operates through a fleet of approximately 1,273 aircrafts. Delta Air Lines, Inc. was founded in 1924 and is based in Atlanta, Georgia.",30.3,9.9,5.8,14.6,Moderate Controversy Level,2.0,70th percentile,High
Standard & Poor's Ratings Services,fiserv inc.,BBB,2016-03-18,798354,1,7374.0,BusEq,FISV,0.9717,0.5288,1.1502,43.1307,23.8847,23.8847,31.8595,20.6672,14.8835,0.5443,22.8832,-19.2494,8.1006,10.7822,0.6338,0.4995,"fiserv, inc.",FI,"600 N. Vel R. Phillips Ave
Milwaukee, WI 53203
United States",Technology,Information Technology Services,"42,000","Fiserv, Inc., together with its subsidiaries, provides payments and financial services technology services in the United States, Europe, the Middle East and Africa, Latin America, the Asia-Pacific, and internationally. It operates through Merchant Acceptance, Financial Technology, and Payments and Network segments. The Merchant Acceptance segment provides merchant acquiring and digital commerce services; mobile payment services; security and fraud protection products; Clover, a cloud based POS and integrated commerce operating system for small and mid-sized businesses and independent software vendors; and Carat, an integrated operating system for large businesses. This segment distributes through various channels, including direct sales teams, strategic partnerships with agent sales forces, independent software vendors, financial institutions, and other strategic partners in the form of joint venture alliances, revenue sharing alliances, and referral agreement. The Financial Technology segment offers customer deposit and loan accounts, as well as manages an institution's general ledger and central information files. This segment also provides digital banking, financial and risk management, professional services and consulting, check processing, and other products and services. The Payments and Network segment offers card transactions, such as debit, credit, and prepaid card processing and services; funds access, debit payments, cardless ATM access, and surcharge-free ATM network; security and fraud protection products; card production; print services; and various network services, as well as non-card digital payment software and services, including bill payment, account-to-account transfers, person-to-person payments, electronic billing, and security and fraud protection products. It serves merchants, banks, credit unions, other financial institutions, and corporate clients. Fiserv, Inc. was incorporated in 1984 and is headquartered in Milwaukee, Wisconsin.",19.6,4.1,6.8,8.7,Moderate Controversy Level,2.0,27th percentile,Low
Standard & Poor's Ratings Services,borgwarner inc.,A,2016-03-23,908255,1,3714.0,Durbl,BWA,1.3301,0.3674,0.7023,21.2272,11.0717,11.0717,15.0626,10.9109,7.1941,0.9091,16.9049,46.1579,6.9558,10.6944,0.3438,0.2447,borgwarner inc.,BWA,"3850 Hamlin Road
Auburn Hills, MI 48326
United States",Consumer Cyclical,Auto Parts,"39,900","BorgWarner Inc., together with its subsidiaries, provides solutions for combustion, hybrid, and electric vehicles worldwide. It offers turbochargers, eBoosters, eTurbos, timing systems, emissions systems, thermal systems, gasoline ignition technology, smart remote actuators, powertrain sensors, cabin heaters, battery modules and systems, battery heaters, and battery charging. The company provides power electronics, control modules, software, friction, and mechanical products for automatic transmissions and torque-management products. It sells its products to original equipment manufacturers of light vehicles, which comprise passenger cars, sport-utility vehicles, vans, and light trucks; commercial vehicles, including medium-duty and heavy-duty trucks, and buses; and off-highway vehicles, such as agricultural and construction machinery, and marine applications, as well as to tier one vehicle systems suppliers and the aftermarket for light, commercial, and off-highway vehicles. The company was formerly known as Borg-Warner Automotive, Inc. BorgWarner Inc. was incorporated in 1987 and is headquartered in Auburn Hills, Michigan.",12.6,2.7,5.7,4.2,Moderate Controversy Level,2.0,6th percentile,Low
Standard & Poor's Ratings Services,illinois tool works inc.,A+,2016-03-25,49826,1,3560.0,Manuf,ITW,2.8378,0.5688,1.4197,41.1563,21.3875,21.3875,24.9459,20.2835,14.1664,0.8522,36.3236,-246.3035,12.0732,15.6632,2.2177,2.3545,illinois tool works inc.,ITW,"155 Harlem Avenue
Glenview, IL 60025
United States",Industrials,Specialty Industrial Machinery,"45,000","Illinois Tool Works Inc. manufactures and sells industrial products and equipment in the United States and internationally. It operates through seven segments: Automotive OEM; Food Equipment; Test & Measurement and Electronics; Welding; Polymers & Fluids; Construction Products; and Specialty Products. The Automotive OEM segment offers plastic and metal components, fasteners, and assemblies for automobiles, light trucks, and other industrial uses. The Food Equipment segment provides warewashing, refrigeration, cooking, and food processing equipment; kitchen exhaust, ventilation, and pollution control systems; and food equipment maintenance and repair services. The Test & Measurement and Electronics segment produces and sells equipment, consumables, and related software for testing and measuring of materials and structures, as well as equipment and consumables used in the production of electronic subassemblies and microelectronics. The Welding segment produces arc welding equipment; and metal arc welding consumables and related accessories. The Polymers & Fluids segment produces adhesives, sealants, lubrication and cutting fluids, and fluids and polymers for auto aftermarket maintenance and appearance. The Construction Products segment offers engineered fastening systems and solutions for the residential construction, renovation/remodel, and commercial construction markets. The Specialty Products segment provides beverage packaging equipment and consumables, product coding and marking equipment and consumables, and appliance components and fasteners. It serves the automotive OEM and tiers, MRO, commercial food equipment, construction, general industrial, industrial capital goods, consumer durables, automotive aftermarket end, and other markets. The company distributes its products directly to industrial manufacturers, as well as through independent distributors. Illinois Tool Works Inc. was founded in 1912 and is based in Glenview, Illinois.",25.3,7.0,6.5,11.8,Moderate Controversy Level,2.0,50th percentile,Medium
Moody's Investors Service,"omnicom group, inc.",BBB+,2016-03-28,29989,1,7311.0,Other,OMC,0.8425,0.5523,1.5819,17.4635,12.687,12.687,14.5496,11.752,7.146,0.6845,41.6488,-19.6256,5.4426,18.647,3.1868,3.1945,omnicom group inc.,OMC,"280 Park Avenue
New York, NY 10017
United States",Communication Services,Advertising Agencies,"75,900","Omnicom Group Inc., together with its subsidiaries, offers advertising, marketing, and corporate communications services. It provides a range of services in the areas of advertising and media, precision marketing, commerce and branding, experiential, execution and support, public relations, and healthcare. The company's services include advertising, branding, content marketing, corporate social responsibility consulting, crisis communications, custom publishing, data analytics, database management, digital/direct marketing and post-production, digital transformation consulting, entertainment marketing, experiential marketing, field marketing, sales support, financial/corporate business-to-business advertising, graphic arts/digital imaging, healthcare marketing and communications, and instore design services. Its services also comprise interactive marketing, investor relations, marketing research, media planning and buying, retail media planning and buying, merchandising and point of sale, mobile marketing, multi-cultural marketing, non-profit marketing, organizational communications, package design, product placement, promotional marketing, public affairs, public relations, retail marketing, retail media and e-commerce, search engine marketing, shopper marketing, social media marketing, and sports and event marketing services. It operates in the North and Latin America, Europe, the Middle East and Africa (EMEA), and the Asia Pacific. The company was incorporated in 1944 and is based in New York, New York.",16.3,0.1,6.9,9.3,Low Controversy Level,1.0,15th percentile,Low
Moody's Investors Service,targa resources corp.,B+,2016-03-29,1389170,0,4923.0,Utils,TRGP,1.0515,0.4778,0.9501,27.3481,2.3924,2.3924,16.6567,-1.679,0.8756,0.504,-2.4223,-3.7633,-1.146,-1.2649,1.2091,4.0673,targa resources corp.,TRGP,"811 Louisiana Street
Suite 2100
Houston, TX 77002
United States",Energy,Oil & Gas Midstream,"3,182","Targa Resources Corp., together with its subsidiary, Targa Resources Partners LP, owns, operates, acquires, and develops a portfolio of complementary domestic midstream infrastructure assets in North America. It operates in two segments, Gathering and Processing, and Logistics and Transportation. The company is involved in gathering, compressing, treating, processing, transporting, and selling natural gas; storing, fractionating, treating, transporting, and selling natural gas liquids (NGL) and NGL products, including services to liquefied petroleum gas exporters; and gathering, storing, terminaling, purchasing, and selling crude oil. It is also involved in the purchase and resale of NGL products; and sale of propane, as well as provision of related logistics services to multi-state retailers, independent retailers, and other end-users. In addition, the company offers NGL balancing services; and transportation services to refineries and petrochemical companies in the Gulf Coast area, as well as purchases, markets, and resells natural gas. As of December 31, 2023, it leased and managed approximately 605 railcars; 137 tractors; and 6 vacuum trucks and 2 pressurized NGL barges. Targa Resources Corp. was incorporated in 2005 and is headquartered in Houston, Texas.",33.2,14.2,4.2,14.8,Moderate Controversy Level,2.0,79th percentile,High
Moody's Investors Service,"t-mobile usa, inc.",BB-,2016-03-29,1283699,0,4812.0,Telcm,TMUS,1.5628,0.6343,1.7455,54.1134,7.6354,7.6354,22.0747,3.0123,2.0883,0.5202,4.4271,5.1331,1.1744,1.619,1.5,1.0484,"t-mobile us, inc.",TMUS,"12920 SE 38th Street
Bellevue, WA 98006-1350
United States",Communication Services,Telecom Services,"67,000","T-Mobile US, Inc., together with its subsidiaries, provides mobile communications services in the United States, Puerto Rico, and the United States Virgin Islands. The company offers voice, messaging, and data services to customers in the postpaid, prepaid, and wholesale and other services. It also provides wireless devices, including smartphones, wearables, tablets, home broadband routers, and other mobile communication devices, as well as wireless devices and accessories; financing through equipment installment plans; reinsurance for device insurance policies and extended warranty contracts; leasing through JUMP! On Demand; and High Speed Internet services. In addition, the company offers services, devices, and accessories under the T-Mobile and Metro by T-Mobile brands through its owned and operated retail stores, T-Mobile app and customer care channels, and its websites. It also sells its devices to dealers and other third-party distributors for resale through independent third-party retail outlets and various third-party websites. The company was founded in 1994 and is headquartered in Bellevue, Washington.",24.6,4.2,7.1,13.4,Significant Controversy Level,3.0,47th percentile,Medium
Moody's Investors Service,3m company,A+,2016-03-29,66740,1,2670.0,Manuf,MMM,1.5434,0.4329,0.9415,49.1874,22.9438,22.9438,27.6838,22.5375,15.9642,0.9207,42.2131,-1267.278,14.7219,23.9405,0.0662,-0.1234,3m company,MMM,"3M Center
Saint Paul, MN 55144-1000
United States",Industrials,Conglomerates,"85,000","3M Company provides diversified technology services in the United States and internationally. The company's Safety and Industrial segment offers industrial abrasives and finishing for metalworking applications; autobody repair solutions; closure systems for personal hygiene products, masking, and packaging materials; electrical products and materials for construction and maintenance, power distribution, and electrical original equipment manufacturers; structural adhesives and tapes; respiratory, hearing, eye, and fall protection solutions; and natural and color-coated mineral granules for shingles. Its Transportation and Electronics segment provides ceramic solutions; attachment/bonding products, films, sound, and temperature management for transportation vehicles; premium large format graphic films for advertising and fleet signage; light management films and electronics assembly solutions; packaging and interconnection solutions; semiconductor production materials; data centers solutions; and reflective signage for highway, and vehicle safety. The company's Consumer segment provides consumer bandages, braces, supports, and consumer respirators; home cleaning products; retail abrasives, paint accessories, car care DIY products, picture hanging, and consumer air quality solutions; and stationery products. It offers its products through e-commerce and traditional wholesalers, retailers, jobbers, distributors, and dealers. 3M Company was founded in 1902 and is headquartered in Saint Paul, Minnesota.",37.3,17.2,6.5,13.6,Severe Controversy Level,5.0,89th percentile,High
Standard & Poor's Ratings Services,charles river laboratories international inc.,BBB-,2016-03-31,1100682,1,8731.0,Other,CRL,1.7938,0.5342,1.1701,38.9563,15.1433,15.1433,22.103,14.3349,10.9523,0.6591,20.6136,65.7324,7.3501,9.601,1.1399,1.009,"charles river laboratories international, inc.",CRL,"251 Ballardvale Street
Wilmington, MA 01887
United States",Healthcare,Diagnostics & Research,"20,400","Charles River Laboratories International, Inc. provides drug discovery, non-clinical development, and safety testing services in the United States, Europe, Canada, the Asia Pacific, and internationally. It operates through three segments: Research Models and Services (RMS), Discovery and Safety Assessment (DSA), and Manufacturing Solutions (Manufacturing). The RMS segment produces and sells rodents, and purpose-bred rats and mice for use by researchers. This segment also provides a range of services to assist its clients in supporting the use of research models in research and screening pre-clinical drug candidates, including research models, genetically engineered models and services, insourcing solutions, and research animal diagnostic services. The DSA segment offers early and in vivo discovery services for the identification and validation of novel targets, chemical compounds, and antibodies through delivery of preclinical drug and therapeutic candidates ready for safety assessment; and safety assessment services, such as toxicology, pathology, safety pharmacology, bioanalysis, drug metabolism, and pharmacokinetics services. The Manufacturing segment provides in vitro methods for conventional and rapid quality control testing of sterile and non-sterile pharmaceuticals and consumer products. This segment also offers specialized testing of biologics that are outsourced by pharmaceutical and biotechnology companies. It also provides contract vivarium operation services to biopharmaceutical clients. The company was founded in 1947 and is headquartered in Wilmington, Massachusetts.",,,,,,,,
Moody's Investors Service,fedex corporation,BBB,2016-04-04,1048911,1,4513.0,Other,FDX,1.7352,0.3259,0.4848,74.284,3.9344,3.9344,9.4367,3.4287,2.2127,1.299,7.0033,9.3893,2.8743,4.7208,4.9421,1.218,fedex corporation,FDX,"942 South Shady Grove Road
Memphis, TN 38120
United States",Industrials,Integrated Freight & Logistics,"328,000","FedEx Corporation provides transportation, e-commerce, and business services in the United States and internationally. It operates through FedEx Express, FedEx Ground, FedEx Freight, and FedEx Services segments. The FedEx Express segment offers express transportation, small-package ground delivery, and freight transportation services; and time-critical transportation services. The FedEx Ground segment provides small-package ground delivery services. The FedEx Freight segment offers less-than-truckload freight transportation services. The FedEx Services segment provides sales, marketing, information technology, communications, customer service, technical support, billing and collection, and back-office support services. In addition, the company offers supply chain management solutions; and air and ocean cargo transportation, specialty transportation, customs brokerage, and trade management tools and data. The company was founded in 1971 and is headquartered in Memphis, Tennessee.",19.7,5.7,5.6,8.4,Moderate Controversy Level,2.0,27th percentile,Low
Moody's Investors Service,target corporation,A,2016-04-06,27419,1,5331.0,Shops,TGT,1.1195,0.4797,0.9848,29.1984,7.4947,7.4947,10.494,6.6721,4.5578,1.8326,25.6309,25.6309,8.2485,13.3363,2.4383,2.8523,target corporation,TGT,"1000 Nicollet Mall
Minneapolis, MN 55403
United States",Consumer Defensive,Discount Stores,"415,000","Target Corporation operates as a general merchandise retailer in the United States. The company offers apparel for women, men, boys, girls, toddlers, and infants and newborns, as well as jewelry, accessories, and shoes; and beauty and personal care, baby gear, cleaning, paper products, and pet supplies. It also provides dry grocery, dairy, frozen food, beverages, candy, snacks, deli, bakery, meat, and food service; electronics, which includes video game hardware and software, toys, entertainment, sporting goods, and luggage; and furniture, lighting, storage, kitchenware, small appliances, home decor, bed and bath, home improvement, school/office supplies, greeting cards and party supplies, and other seasonal merchandise. In addition, the company sells merchandise through periodic design and creative partnerships, and shop-in-shop experience; and in-store amenities. Further, it sells its products through its stores; and digital channels, including Target.com. Target Corporation was incorporated in 1902 and is headquartered in Minneapolis, Minnesota.",14.4,1.9,4.9,7.6,Significant Controversy Level,3.0,10th percentile,Low
Moody's Investors Service,exelon corporation,BBB,2016-04-06,1109357,1,4911.0,Utils,EXC,1.6817,0.4708,0.9643,55.5676,14.9727,14.9727,28.6345,11.3085,7.7054,0.3087,8.2436,9.1382,2.3589,4.3622,3.37,2.0307,exelon corporation,EXC,"10 South Dearborn Street
54th Floor PO Box 805398
Chicago, IL 60680-5379
United States",Utilities,Utilities - Regulated Electric,"19,962","Exelon Corporation, a utility services holding company, engages in the energy distribution and transmission businesses in the United States and Canada. The company is involved in the purchase and regulated retail sale of electricity and natural gas, transmission and distribution of electricity, and distribution of natural gas to retail customers. It also offers support services, including legal, human resources, information technology, supply management, financial, engineering, customer operations, transmission and distribution planning, asset management, system operations, and power procurement services. It serves distribution utilities, municipalities, and financial institutions, as well as commercial, industrial, governmental, and residential customers. Exelon Corporation was incorporated in 1999 and is headquartered in Chicago, Illinois.",22.9,7.4,6.4,9.1,Significant Controversy Level,3.0,39th percentile,Medium
Standard & Poor's Ratings Services,pfizer inc.,AA,2016-04-08,78003,1,2834.0,Hlth,PFE,2.5754,0.3057,0.5122,80.6935,26.709,26.709,37.8712,24.6749,18.4155,0.296,12.7375,-162.4621,5.442,8.8394,0.0946,0.083,pfizer inc.,PFE,"66 Hudson Boulevard East
New York, NY 10001-2192
United States",Healthcare,Drug Manufacturers - General,"88,000","Pfizer Inc. discovers, develops, manufactures, markets, distributes, and sells biopharmaceutical products in the United States, Europe, and internationally. The company offers medicines and vaccines in various therapeutic areas, including cardiovascular metabolic, migraine, and women's health under the Eliquis, Nurtec ODT/Vydura, Zavzpret, and the Premarin family brands; infectious diseases with unmet medical needs under the Prevnar family, Abrysvo, Nimenrix, FSME/IMMUN-TicoVac, and Trumenba brands; and COVID-19 prevention and treatment, and potential future mRNA and antiviral products under the Comirnaty and Paxlovid brands. It also provides medicines and vaccines in various therapeutic areas, such as biosimilars for chronic immune and inflammatory diseases under the Xeljanz, Enbrel, Inflectra, Litfulo, Velsipity, and Cibinqo brands; amyloidosis, hemophilia, endocrine diseases, and sickle cell disease under the Vyndaqel family, Oxbryta, BeneFIX, Somavert, Ngenla, and Genotropin brands; sterile injectable and anti-infective medicines under the Sulperazon, Medrol, Zavicefta, Zithromax, and Panzyga brands; and biologics, small molecules, immunotherapies, and biosimilars under the Ibrance, Xtandi, Inlyta, Bosulif, Mektovi, Padcev, Adcetris, Talzenna, Tukysa, Elrexfio, Tivdak, Lorbrena, and Braftovi brands. In addition, the company involved in the contract manufacturing business. It serves wholesalers, retailers, hospitals, clinics, government agencies, pharmacies, individual provider offices, retail pharmacies, and integrated delivery systems. The company has collaboration agreements with Bristol-Myers Squibb Company; Astellas Pharma US, Inc.; Merck KGaA; and BioNTech SE. Pfizer Inc. was founded in 1849 and is headquartered in New York, New York.",24.6,2.1,9.6,12.9,Significant Controversy Level,3.0,47th percentile,Medium
Moody's Investors Service,"juniper networks, inc.",BBB,2016-04-12,1043604,1,3576.0,BusEq,JNPR,1.6163,0.2636,0.4235,63.3744,18.7739,18.7739,22.4073,17.5429,13.045,0.5643,13.8532,40.6426,7.3618,10.2014,0.5831,0.4783,juniper networks inc,JNPR,"1133 Innovation Way
Sunnyvale, CA 94089
United States",Technology,Communication Equipment,"11,144","Juniper Networks, Inc. designs, develops, and sells network products and services worldwide. The company offers routing products, such as ACX series universal access routers to deploy high-bandwidth services; MX series Ethernet routers that function as a universal edge platform; PTX series packet transport routers; wide-area network SDN controllers; and session smart routers. It also provides switching products, including EX series Ethernet switches to address the access, aggregation, and core layer switching requirements of micro branch, branch office, and campus environments; QFX series of core, spine, and top-of-rack data center switches; and juniper access points, which provide Wi-Fi access and performance. In addition, the company offers security products comprising SRX series services gateways for the data center; Branch SRX family provides an integrated and next-generation firewall; virtual firewall that delivers various features of physical firewalls; and advanced malware protection, a cloud-based service and Juniper ATP. Further, it offers Junos OS, a network operating system; Contrail networking, which provides an open-source and standards-based platform for SDN; Mist AI-driven Wired, Wireless, and WAN assurance solutions to set and measure key metrics; Mist AI-driven Marvis Virtual Network Assistant, which identifies the root cause of issues; Juniper Paragon Automation, a modular portfolio of cloud-native software applications; and Juniper Apstra to automate the network lifecycle in a single system. Additionally, the company provides software-as-a-service, technical support, maintenance, and professional services, as well as education and training programs. It sells its products through direct sales, distributors, value-added resellers, and original equipment manufacturers to end-users in the cloud, service provider, and enterprise markets. The company was incorporated in 1996 and is headquartered in Sunnyvale, California.",14.8,1.8,5.8,7.2,Low Controversy Level,1.0,11th percentile,Low
Moody's Investors Service,"micron technology, inc.",BBB,2016-04-14,827054,1,3674.0,BusEq,MCHP,8.1064,0.5328,1.1406,55.4686,16.2104,16.2104,32.048,12.9435,14.9128,0.3924,15.0587,60.8929,5.8488,7.0347,0.0992,0.2412,"micron technology, inc.",MU,"8000 South Federal Way
Boise, ID 83716-9632
United States",Technology,Semiconductors,"43,000","Micron Technology, Inc. designs, develops, manufactures, and sells memory and storage products worldwide. The company operates through four segments: Compute and Networking Business Unit, Mobile Business Unit, Embedded Business Unit, and Storage Business Unit. It provides memory and storage technologies comprising dynamic random access memory semiconductor devices with low latency that provide high-speed data retrieval; non-volatile and re-writeable semiconductor storage devices; and non-volatile re-writable semiconductor memory devices that provide fast read speeds under the Micron and Crucial brands, as well as through private labels. The company offers memory products for the cloud server, enterprise, client, graphics, networking, industrial, and automotive markets, as well as for smartphone and other mobile-device markets; SSDs and component-level solutions for the enterprise and cloud, client, and consumer storage markets; discrete storage products in component and wafers; and memory and storage products for the automotive, industrial, and consumer markets. It markets its products through its direct sales force, independent sales representatives, distributors, and retailers; and web-based customer direct sales channel, as well as through channel and distribution partners. Micron Technology, Inc. was founded in 1978 and is headquartered in Boise, Idaho.",18.2,7.2,5.5,5.5,Moderate Controversy Level,2.0,21st percentile,Low
Standard & Poor's Ratings Services,automatic data processing inc.,AAA,2016-04-14,8670,1,7374.0,BusEq,ADP,1.0625,0.0019,0.0019,41.2388,18.412,18.412,21.8695,18.9304,13.2788,0.3304,28.6264,54.8013,4.1573,28.5717,0.3786,0.4243,automatic data processing,ADP,"One ADP Boulevard
Roseland, NJ 07068
United States",Industrials,Staffing & Employment Services,"63,000","Automatic Data Processing, Inc. provides cloud-based human capital management solutions worldwide. It operates in two segments, Employer Services and Professional Employer Organization (PEO). The Employer Services segment offers strategic, cloud-based platforms, and human resources (HR) outsourcing solutions. Its offerings include payroll services, benefits administration, talent management, HR management, workforce management, insurance, retirement, and compliance services, as well as integrated HCM solutions. The PEO Services segment provides HR outsourcing solution to businesses through a co-employment model. This segment offers employee benefits, protection and compliance, talent engagement, expertise, comprehensive outsourcing, and recruitment process outsourcing services. Automatic Data Processing, Inc. was founded in 1949 and is headquartered in Roseland, New Jersey.",13.8,2.8,5.5,5.5,Low Controversy Level,1.0,8th percentile,Low
Moody's Investors Service,"autozone, inc.",BBB+,2016-04-18,866787,1,5531.0,Shops,AZO,0.8424,1.582,-2.7183,52.2907,19.1714,19.1714,21.8821,17.6946,11.3891,1.2573,-68.1937,-55.427,14.3198,39.6869,9.2569,7.1956,"autozone, inc.",AZO,"123 South Front Street
Memphis, TN 38103
United States",Consumer Cyclical,Specialty Retail,"71,400","AutoZone, Inc. retails and distributes automotive replacement parts and accessories in the United States, Mexico, and Brazil. The company provides various products for cars, sport utility vehicles, vans, and light trucks, including new and remanufactured automotive hard parts, maintenance items, accessories, and non-automotive products. It also offers A/C compressors, batteries and accessories, bearings, belts and hoses, calipers, chassis, clutches, CV axles, engines, fuel pumps, fuses, ignition and lighting products, mufflers, radiators, starters and alternators, thermostats, and water pumps, as well as tire repairs. In addition, the company provides maintenance products, such as antifreeze and windshield washer fluids; brake drums, rotors, shoes, and pads; brake and power steering fluids, and oil and fuel additives; oil and transmission fluids; oil, cabin, air, fuel, and transmission filters; oxygen sensors; paints and accessories; refrigerants and accessories; shock absorbers and struts; spark plugs and wires; and windshield wipers. Further, it offers air fresheners, cell phone accessories, drinks and snacks, floor mats and seat covers, interior and exterior accessories, mirrors, performance products, protectants and cleaners, sealants and adhesives, steering wheel covers, tools, vehicle entertainment systems, and wash and wax products, as well as towing services. Additionally, the company provides a sales program that offers commercial credit and delivery of parts and other products; sells automotive diagnostic and repair software under the ALLDATA brand through alldata.com and alldatadiy.com; and automotive hard parts, maintenance items, accessories, and non-automotive products through autozone.com. AutoZone, Inc. was founded in 1979 and is headquartered in Memphis, Tennessee.",11.0,0.1,3.8,7.1,Moderate Controversy Level,2.0,4th percentile,Low
Moody's Investors Service,"darden restaurants, inc.",BBB-,2016-04-25,940944,1,5812.0,Shops,DRI,0.8828,0.3836,0.6288,21.0305,5.4347,5.4347,10.2824,2.5917,10.4894,1.1283,8.4165,22.1545,3.2762,5.1878,2.5712,3.7649,"darden restaurants, inc.",DRI,"1000 Darden Center Drive
Orlando, FL 32837
United States",Consumer Cyclical,Restaurants,"187,384","Darden Restaurants, Inc., together with its subsidiaries, owns and operates full-service restaurants in the United States and Canada. It operates under Olive Garden, LongHorn Steakhouse, Cheddar's Scratch Kitchen, Yard House, The Capital Grille, Seasons 52, Bahama Breeze, Eddie V's Prime Seafood, and Capital Burger brand names. Darden Restaurants, Inc. was incorporated in 1995 and is based in Orlando, Florida.",27.5,7.9,4.6,15.0,Moderate Controversy Level,2.0,59th percentile,Medium
Standard & Poor's Ratings Services,conocophillips,A-,2016-04-29,1163165,1,1311.0,Enrgy,COP,0.9495,0.3691,0.6207,46.2809,-19.1078,-19.1078,11.9121,-23.4007,-14.3139,0.3173,-10.9051,-10.9051,-4.4838,-6.8797,-7.2022,-1.296,conocophillips,COP,"925 North Eldridge Parkway
Houston, TX 77079-2703
United States",Energy,Oil & Gas E&P,"10,000","ConocoPhillips explores for, produces, transports, and markets crude oil, bitumen, natural gas, liquefied natural gas (LNG), and natural gas liquids in the United States, Canada, China, Libya, Malaysia, Norway, the United Kingdom, and internationally. The company's portfolio includes unconventional plays in North America; conventional assets in North America, Europe, Asia, and Australia; global LNG developments; oil sands assets in Canada; and an inventory of global exploration prospects. ConocoPhillips was founded in 1917 and is headquartered in Houston, Texas.",33.9,17.6,8.3,8.1,Moderate Controversy Level,2.0,81st percentile,High
Standard & Poor's Ratings Services,ptc inc.,BB-,2016-05-02,857005,0,7372.0,BusEq,PTC,1.1416,0.4181,0.7767,73.3331,3.3154,3.3154,10.0418,2.1131,3.7887,0.568,5.5288,-9.5082,2.152,3.217,-0.9876,-1.0409,"ptc, inc",PTC,"121 Seaport Boulevard
Boston, MA 02210
United States",Technology,Software - Application,"7,438","PTC Inc. operates as software company in the Americas, Europe, and the Asia Pacific. The company provides Windchill, a suite that manages all aspects of the product development lifecycle(PLM) that provides real-time information sharing, dynamic data visualization, collaborate across geographically distributed teams, and enabling manufacturers to elevate product development, manufacturing, and field service processes; ThingWorx, a platform for Industrial Internet of Things; ServiceMax, a field service management solutions enable companies to asset uptime with optimized in-person and remote service and technician productivity with mobile tools. and deliver metrics; and Arena, a SaaS PLM solution enables product teams to collaborate virtually to share product and quality information with internal teams and supply chain partners and deliver products to customers. It offers Codebeamer, an application lifecycle management for products and software development; Servigistics, a service parts management solution; and FlexPLM, a solution provides retailers with a single platform for merchandising and line planning, materials management, sampling, and others. In addition, it offers Kepware, a portfolio of industrial connectivity solutions helps companies connect diverse automation devices and software applications; Creo, a 3D CAD technology enables the digital design, testing, and modification of product models; and Onshape, a cloud product development platform that delivers computer-aided design with data management tools. Further, it offers Vuforia, an augmented reality (AR) technology enables the visualization of digital information in a physical context and the creation of AR enabling companies to drive results in manufacturing, service, engineering, and operations; and Arbortext, a dynamic publishing solution streamlines how organizations create, manage, and publish technical documentation. PTC Inc. was incorporated in 1985 and is headquartered in Boston, Massachusetts.",18.9,4.9,5.4,8.6,None Controversy Level,,24th percentile,Low
Moody's Investors Service,"hologic, inc.",BB-,2016-05-04,859737,0,3844.0,Hlth,HOLX,1.3417,0.6077,1.7373,52.9649,16.8244,16.8244,34.9908,6.5508,4.8651,0.3539,6.3294,-3.5073,1.722,2.4829,0.9256,0.8686,hologic inc,HOLX,"250 Campus Drive
Marlborough, MA 01752
United States",Healthcare,Medical Instruments & Supplies,"6,990","Hologic, Inc. develops, manufactures, and supplies diagnostics products, medical imaging systems, and surgical products for women's health through early detection and treatment. The company operates through four segments: Diagnostics, Breast Health, GYN Surgical, and Skeletal Health. It provides Aptima molecular diagnostic assays to detect the infectious microorganisms; Aptima viral load assays for Hepatitis B virus, Hepatitis C virus, human immunodeficiency virus, and human cytomegalo virus; Aptima bacterial vaginosis and candida vaginitis assays for the diagnosis of vaginitis; Aptima SARS-CoV-2 and Panther Fusion SARS-CoV-2 assays to detect SARS-CoV-2; ThinPrep System for cytology applications; and Rapid Fetal Fibronectin Test that assists physicians in assessing the risk of pre-term birth. The company also offers breast cancer care solutions in the areas of radiology, breast surgery, pathology, and treatment, such as 3D digital mammography systems, image analytics software, reading workstations, minimally invasive breast biopsy guidance systems, breast biopsy site markers, localization, specimen radiology, and connectivity solutions; and breast conserving surgery products. In addition, it provides MyoSure Hysteroscopic Tissue Removal System for the removal of fibroids and polyps in the uterus; NovaSure Endometrial Ablation System to treat abnormal uterine bleeding; Fluent Fluid Management System that provides liquid distention during diagnostic and operative hysteroscopic procedures; Acessa ProVu system to treat various fibroids; and CoolSeal portfolio, such as bipolar vessel sealing devices. Further, the company offers Horizon DXA, a dual energy X-ray system; and Fluoroscan Insight FD mini C-arm to perform minimally invasive orthopedic surgical procedures. It sells its products through direct sales, service forces, independent distributors, and sales representatives. Hologic, Inc. was incorporated in 1985 and is headquartered in Marlborough, Massachusetts.",25.0,4.6,8.4,12.1,Low Controversy Level,1.0,49th percentile,Medium
Moody's Investors Service,vulcan materials company,BB+,2016-05-04,1396009,0,1400.0,Other,VMC,2.037,0.3052,0.4752,19.6242,17.9729,17.9729,27.3076,9.9807,6.8441,0.3724,4.9596,64.0066,2.5761,3.4459,-0.7491,-0.2831,vulcan materials company,VMC,"1200 Urban Center Drive
Birmingham, AL 35242
United States",Basic Materials,Building Materials,"10,961","Vulcan Materials Company, together with its subsidiaries, produces and supplies construction aggregates primarily in the United States. It operates through four segments: Aggregates, Asphalt, Concrete, and Calcium. The company provides crushed stones, sand and gravel, sand, and other aggregates; and related products and services that are applied in construction and maintenance of highways, streets, and other public works, as well as in the construction of housing and commercial, industrial, and other nonresidential facilities. It also offers asphalt mix and asphalt construction paving services; ready-mixed concrete; and calcium products for the animal feed, plastics, and water treatment industries. The company was formerly known as Virginia Holdco, Inc. and changed its name to Vulcan Materials Company. Vulcan Materials Company was founded in 1909 and is headquartered in Birmingham, Alabama.",29.3,13.4,9.1,6.8,Moderate Controversy Level,2.0,66th percentile,Medium
Moody's Investors Service,"texas instruments, incorporated",A+,2016-05-08,97476,1,3674.0,BusEq,TXN,2.7687,0.2388,0.4142,58.2692,33.2462,33.2462,41.9615,32.4308,22.9692,0.801,30.0221,74.6313,18.398,22.8532,0.462,0.2642,texas instruments incorporated,TXN,"12500 TI Boulevard
Dallas, TX 75243
United States",Technology,Semiconductors,"34,000","Texas Instruments Incorporated designs, manufactures, and sells semiconductors to electronics designers and manufacturers in the United States and internationally. The company operates through Analog and Embedded Processing segments. The Analog segment offers power products to manage power requirements across various voltage levels, including battery-management solutions, DC/DC switching regulators, AC/DC and isolated controllers and converters, power switches, linear regulators, voltage references, and lighting products. This segment provides signal chain products that sense, condition, and measure signals to allow information to be transferred or converted for further processing and control, including amplifiers, data converters, interface products, motor drives, clocks, and logic and sensing products. The Embedded Processing segment offers microcontrollers that are used in electronic equipment; digital signal processors for mathematical computations; and applications processors for specific computing activity. This segment offers products for use in various markets, such as industrial, automotive, personal electronics, communications equipment, enterprise systems, and calculators and other. It provides DLP products primarily for use in project high-definition images; calculators; and application-specific integrated circuits. The company markets and sells its semiconductor products through direct sales and distributors, as well as through its website. Texas Instruments Incorporated was founded in 1930 and is headquartered in Dallas, Texas.",20.6,7.8,6.9,6.0,Moderate Controversy Level,2.0,30th percentile,Medium
Standard & Poor's Ratings Services,intuit inc.,BBB+,2016-05-10,896878,1,7372.0,BusEq,INTU,1.4679,0.1766,0.2144,82.7052,17.605,17.605,30.2004,16.9847,8.7071,0.8438,17.7101,42.1859,8.3132,14.5833,0.5868,0.3135,intuit inc,INTU,"2700 Coast Avenue
Mountain View, CA 94043
United States",Technology,Software - Application,"18,200","Intuit Inc. provides financial management and compliance products and services for consumers, small businesses, self-employed, and accounting professionals in the United States, Canada, and internationally. The company operates in four segments: Small Business & Self-Employed, Consumer, Credit Karma, and ProTax. The Small Business & Self-Employed segment provides QuickBooks services, that includes financial and business management online services and desktop software, payroll solutions, time tracking, merchant payment processing solutions, and financing for small businesses; and Mailchimp services, such as e-commerce, marketing automation, and customer relationship management. This segment also offers QuickBooks online services and desktop software solutions comprising QuickBooks Online Advanced, a cloud-based solution; QuickBooks Enterprise, a hosted solution; and QuickBooks Self-Employed solution; payment-processing solutions, including credit and debit cards, Apple Pay, and ACH payment services; and financial supplies and financing for small businesses, as well as electronic filing of federal and state income tax returns. The Consumer segment provides TurboTax income tax preparation products and services. The Credit Karma segment offers consumers with a personal finance platform that provides personalized recommendations of home, auto, and personal loans, as well as credit cards and insurance products. The ProTax segment provides Lacerte, ProSeries, and ProFile desktop tax-preparation software products; and ProConnect Tax Online tax products, electronic tax filing service, and bank products and related services. It sells products and services through various sales and distribution channels, including multi-channel shop-and-buy experiences, websites and call centers, mobile application stores, and retail and other channels. The company was founded in 1983 and is headquartered in Mountain View, California.",16.4,1.0,4.7,10.7,Moderate Controversy Level,2.0,15th percentile,Low
Standard & Poor's Ratings Services,xcel energy inc.,A,2016-05-13,72903,1,4931.0,Utils,XEL,0.8277,0.5296,1.2509,51.9347,16.6704,16.6704,26.4728,13.2218,8.7395,0.3162,9.9986,9.9986,2.7634,4.7034,0.0713,0.4874,"xcel energy, inc.",XEL,"414 Nicollet Mall
Minneapolis, MN 55401
United States",Utilities,Utilities - Regulated Electric,"11,311","Xcel Energy Inc., through its subsidiaries, engages in the generation, purchasing, transmission, distribution, and sale of electricity. It operates through Regulated Electric Utility, Regulated Natural Gas Utility, and All Other segments. The company generates electricity through wind, nuclear, hydroelectric, biomass, and solar energy sources, as well as coal, natural gas, oil, wood, and refuse-derived fuels. It also purchases, transports, distributes, and sells natural gas to retail customers, as well as transports customer-owned natural gas. In addition, the company develops and leases natural gas pipelines, and storage and compression facilities; and invests in rental housing projects and nonregulated assets, as well as procures equipment for the construction of renewable generation facilities. It serves residential, commercial, and industrial customers in the portions of Colorado, Michigan, Minnesota, New Mexico, North Dakota, South Dakota, Texas, and Wisconsin. The company was incorporated in 1909 and is headquartered in Minneapolis, Minnesota.",26.5,12.7,4.5,9.3,Moderate Controversy Level,2.0,55th percentile,Medium
Standard & Poor's Ratings Services,paccar inc.,A+,2016-05-20,75362,1,3711.0,Durbl,PCAR,2.5212,0.4528,1.2188,18.505,11.3171,11.3171,14.6465,10.6206,7.1527,0.9213,20.1208,20.1208,6.5901,11.0097,-0.7248,3.8482,paccar inc,PCAR,"777 - 106th Avenue N.E.
Bellevue, WA 98004
United States",Industrials,Farm & Heavy Construction Machinery,"32,400","PACCAR Inc designs, manufactures, and distributes light, medium, and heavy-duty commercial trucks in the United States, Canada, Europe, Mexico, South America, Australia, and internationally. It operates through three segments: Truck, Parts, and Financial Services. The Truck segment designs, manufactures, and distributes trucks for the over-the-road and off-highway hauling of commercial and consumer goods. It sells its trucks through a network of independent dealers under the Kenworth, Peterbilt, and DAF nameplates. The Parts segment distributes aftermarket parts for trucks and related commercial vehicles. The Financial Services segment conducts full-service leasing operations under the PacLease trade name, as well as provides finance and leasing products and services to customers and dealers. This segment also offers equipment financing and administrative support services for its franchisees; retail loan and leasing services for small, medium, and large commercial trucking companies, as well as independent owners/operators and other businesses; and truck inventory financing services to independent dealers. In addition, this segment offers loans and leases directly to customers for the acquisition of trucks and related equipment. The company also manufactures and markets industrial winches under the Braden, Carco, and Gearmatic nameplates. PACCAR Inc was founded in 1905 and is headquartered in Bellevue, Washington.",27.6,8.4,8.3,11.0,Significant Controversy Level,3.0,60th percentile,Medium
Standard & Poor's Ratings Services,intel corp.,AAA,2016-05-20,50863,1,3674.0,BusEq,INTC,2.4492,0.247,0.3711,62.6484,25.2949,25.2949,41.0315,25.6743,20.6305,0.5456,18.6953,24.9236,11.2558,14.0777,-0.1524,0.3492,intel corp,INTC,"2200 Mission College Boulevard
Santa Clara, CA 95054-1549
United States",Technology,Semiconductors,"130,700","Intel Corporation designs, develops, manufactures, markets, and sells computing and related products and services worldwide. It operates through Client Computing Group, Data Center and AI, Network and Edge, Mobileye, and Intel Foundry Services segments. The company's products portfolio comprises central processing units and chipsets, system-on-chips (SoCs), and multichip packages; mobile and desktop processors; hardware products comprising graphics processing units (GPUs), domain-specific accelerators, and field programmable gate arrays (FPGAs); and memory and storage, connectivity and networking, and other semiconductor products. It also offers silicon devices and software products; and optimization solutions for workloads, such as AI, cryptography, security, storage, networking, and leverages various features supporting diverse compute environments. In addition, the company develops and deploys advanced driver assistance systems (ADAS), and autonomous driving technologies and solutions; and provides advanced process technologies backed by an ecosystem of IP, EDA, and design services, as well as systems of chips, including advanced packaging technologies, software and accelerate bring-up, and integration of chips and driving standards. Further, it delivers and deploys intelligent edge platforms that allow developers to achieve agility and drive automation using AI for efficient operations with data integrity, as well as provides hardware and software platforms, tools, and ecosystem partnerships for digital transformation from the cloud to edge. The company serves original equipment manufacturers, original design manufacturers, cloud service providers, and other manufacturers and service providers. It has a strategic agreement with Synopsys, Inc. to develop EDA and IP solutions; and ARM that enables chip designers to build optimized compute SoCs on the Intel 18A process. Intel Corporation was incorporated in 1968 and is headquartered in Santa Clara, California.",18.9,4.9,6.6,7.3,Significant Controversy Level,3.0,24th percentile,Low
Fitch Ratings,quest diagnostics inc,BBB,2016-05-23,1022079,1,8071.0,Hlth,DGX,0.938,0.4268,0.8642,37.6328,13.2213,13.2213,17.4445,11.0693,7.4781,0.7543,13.5566,-21.1684,5.9552,7.7707,2.2489,1.6346,quest diagnostics inc.,DGX,"500 Plaza Drive
Secaucus, NJ 07094
United States",Healthcare,Diagnostics & Research,"50,000","Quest Diagnostics Incorporated provides diagnostic testing and services in the United States and internationally. The company develops and delivers diagnostic information services, such as routine, non-routine and advanced clinical testing, anatomic pathology testing, and other diagnostic information services. It offers diagnostic information services primarily under the Quest Diagnostics brand, as well as under the AmeriPath, Dermpath Diagnostics, ExamOne, and Quanum brands to physicians, hospitals, patients and consumers, health plans, government agencies, employers, retailers, pharmaceutical companies and insurers, and accountable care organizations through a network of laboratories, patient service centers, phlebotomists in physician offices, call centers and mobile phlebotomists, nurses, and other health and wellness professionals. The company also provides risk assessment services for the life insurance industry; and healthcare organizations and clinicians information technology solutions. Quest Diagnostics Incorporated was founded in 1967 and is headquartered in Secaucus, New Jersey.",21.2,0.1,8.0,13.1,Significant Controversy Level,3.0,33rd percentile,Medium
Moody's Investors Service,"air products and chemicals, inc.",A,2016-05-24,2969,1,2810.0,Chems,APD,0.7665,0.3485,0.7965,28.4511,15.7612,15.7612,26.7334,16.1816,16.3325,0.4514,13.0861,16.8231,5.5721,8.525,-0.7568,0.2687,"air products & chemicals, inc.",APD,"1940 Air Products Boulevard
Allentown, PA 18106-5500
United States",Basic Materials,Specialty Chemicals,"23,000","Air Products and Chemicals, Inc. provides atmospheric gases, process and specialty gases, equipment, and related services in the Americas, Asia, Europe, the Middle East, India, and internationally. The company produces atmospheric gases, including oxygen, nitrogen, and argon; process gases, such as hydrogen, helium, carbon dioxide, carbon monoxide, and syngas; and specialty gases for customers in various industries, including refining, chemical, manufacturing, electronics, energy production, medical, food, and metals. It also designs and manufactures equipment for air separation, hydrocarbon recovery and purification, natural gas liquefaction, and liquid helium and liquid hydrogen transport and storage. The company was founded in 1940 and is headquartered in Allentown, Pennsylvania.",12.3,7.4,3.3,1.5,Low Controversy Level,1.0,5th percentile,Low
Standard & Poor's Ratings Services,biogen inc.,A-,2016-05-31,875045,1,2836.0,Hlth,BIIB,2.5993,0.4103,0.6961,88.4762,45.4393,45.4393,51.0173,44.2901,32.9531,0.5519,38.3279,136.8317,18.4221,22.6039,4.5489,2.9812,biogen inc.,BIIB,"225 Binney Street
Cambridge, MA 02142
United States",Healthcare,Drug Manufacturers - General,"7,570","Biogen Inc. discovers, develops, manufactures, and delivers therapies for treating neurological and neurodegenerative diseases in the United States, Europe, Germany, Asia, and internationally. The company provides TECFIDERA, VUMERITY, AVONEX, PLEGRIDY, TYSABRI, and FAMPYRA for multiple sclerosis (MS); SPINRAZA for spinal muscular atrophy; ADUHELM to treat Alzheimer's disease; FUMADERM to treat plaque psoriasis; BENEPALI, an etanercept biosimilar referencing ENBREL; IMRALDI, an adalimumab biosimilar referencing HUMIRA; FLIXABI, an infliximab biosimilar referencing REMICADE; and BYOOVIZ, a ranibizumab biosimilar referencing LUCENTIS. It offers RITUXAN for treating non-Hodgkin's lymphoma, chronic lymphocytic leukemia (CLL), rheumatoid arthritis, two forms of ANCA-associated vasculitis, and pemphigus vulgaris; RITUXAN HYCELA for non-Hodgkin's lymphoma and CLL; GAZYVA to treat CLL and follicular lymphoma; OCREVUS for relapsing MS and primary progressive MS; LUNSUMIO to treat relapsed or refractory follicular lymphoma; glofitamab for non-Hodgkin's lymphoma; and other anti-CD20 therapies. In addition, the company is developing various products for the treatment of MS, Alzheimer's disease and dementia, neuromuscular disorders, Parkinson's disease and movement disorders, neuropsychiatry, genetic neurodevelopmental disorders, and biosimilars, which are under various stages of development. It has collaboration and license agreements with Acorda Therapeutics, Inc.; Alkermes Pharma Ireland Limited; Denali Therapeutics Inc.; Eisai Co., Ltd.; Genentech, Inc.; Neurimmune SubOne AG; Ionis Pharmaceuticals, Inc.; Samsung Bioepis Co., Ltd.; Sangamo Therapeutics, Inc.; and Sage Therapeutics, Inc. The company was founded in 1978 and is headquartered in Cambridge, Massachusetts.",22.2,0.4,7.4,14.5,Significant Controversy Level,3.0,37th percentile,Medium
Moody's Investors Service,halliburton company,BBB+,2016-06-03,45012,1,1389.0,Enrgy,HAL,3.7605,0.4866,0.9904,10.6631,-0.6982,-0.6982,7.0664,-3.9606,-2.8393,0.6397,-4.2723,-5.0496,-1.792,-2.1934,-1.3608,-0.2676,halliburton company,HAL,"3000 North Sam Houston Parkway East
Houston, TX 77032
United States",Energy,Oil & Gas Equipment & Services,"49,000","Halliburton Company provides products and services to the energy industry worldwide. It operates through two segments, Completion and Production, and Drilling and Evaluation. The Completion and Production segment offers production enhancement services that include stimulation and sand control services; cementing services, such as well bonding and casing, and casing equipment; and completion tools that offer downhole solutions and services, including well completion products and services, intelligent well completions, and service tools, as well as liner hanger, sand control, and multilateral systems. This segment also provides electrical submersible pumps, as well as artificial lift services; production solutions comprising coiled tubing, hydraulic workover units, downhole tools, and pumping and nitrogen services; pipeline and process services, such as pre-commissioning, commissioning, maintenance, and decommissioning; and specialty chemicals and services. The Drilling and Evaluation segment offers drilling fluid systems, performance additives, completion fluids, solids control, specialized testing equipment, and waste management services; drilling systems and services; wireline and perforating services consists of open-hole logging, and cased-hole and slickline; and drill bits and services comprising roller cone rock bits, fixed cutter bits, hole enlargement, and related downhole tools and services, as well as coring equipment and services. This segment also provides cloud based digital services and artificial intelligence solutions on an open architecture for subsurface insights, integrated well construction, and reservoir and production management; testing and subsea services, such as acquisition and analysis of reservoir information and optimization solutions; and project management and integrated asset management services. Halliburton Company was founded in 1919 and is based in Houston, Texas.",25.6,9.8,6.9,8.9,Moderate Controversy Level,2.0,52nd percentile,Medium
Standard & Poor's Ratings Services,avery dennison corp.,A,2016-06-09,8818,1,2670.0,Manuf,AVY,1.2061,0.4729,1.0923,26.0841,6.6995,6.6995,9.8842,5.6996,3.8719,1.4529,23.6041,95.5934,5.6761,12.4409,0.5157,0.1576,avery dennison corp.,AVY,"8080 Norton Parkway
Mentor, OH 44060
United States",Consumer Cyclical,Packaging & Containers,"35,000","Avery Dennison Corporation operates as a materials science and digital identification solutions company in the United States, Europe, the Middle East, North Africa, Asia, Latin, America, and internationally. It provides pressure-sensitive materials comprising papers, plastic films, metal foils, and fabrics; performance tapes products, including tapes for wire harnessing, as well as cable wrapping for automotive, electrical, and general industrial applications; mechanical fasteners, which are precision-extruded and injection-molded plastic devices used in various automotive, general industrial, and retail applications; and other pressure-sensitive adhesive-based materials and converted products under the Fasson, JAC, Yongle, and Avery Dennison brands. The company also offers graphics and reflective products for the architectural, commercial sign, digital printing, and other related market segments; durable cast and reflective films to the construction, automotive, and fleet transportation market segments; reflective films for traffic and safety applications; and pressure-sensitive vinyl and specialty materials designed for digital imaging, screen printing, and sign cutting applications under the Avery Dennison and Mactac brand names. In addition, it provides branding solutions include brand embellishments, graphic tickets, tags, and labels, and sustainable packaging; and information solutions include item-level RFID, visibility and loss prevention, price ticketing and marking, productivity and media solutions, and brand protection and security solutions, as well as care, content, and country of origin compliance solutions. It serves home and personal care, apparel, e-commerce, logistics, food and grocery, pharmaceuticals, and automotive industries. The company was formerly known as Avery International Corporation and changed its name to Avery Dennison Corporation in 1990. Avery Dennison Corporation was founded in 1935 and is headquartered in Mentor, Ohio.",16.1,11.4,3.7,0.9,Low Controversy Level,1.0,14th percentile,Low
Standard & Poor's Ratings Services,apple inc.,AA+,2016-06-13,320193,1,3663.0,BusEq,AAPL,1.1088,0.3088,0.539,40.0599,30.4773,30.4773,35.2938,31.0271,22.8458,0.805,44.7355,48.3878,18.3899,30.9201,1.0688,0.9743,apple inc.,AAPL,"One Apple Park Way
Cupertino, CA 95014
United States",Technology,Consumer Electronics,"150,000","Apple Inc. designs, manufactures, and markets smartphones, personal computers, tablets, wearables, and accessories worldwide. The company offers iPhone, a line of smartphones; Mac, a line of personal computers; iPad, a line of multi-purpose tablets; and wearables, home, and accessories comprising AirPods, Apple TV, Apple Watch, Beats products, and HomePod. It also provides AppleCare support and cloud services; and operates various platforms, including the App Store that allow customers to discover and download applications and digital content, such as books, music, video, games, and podcasts. In addition, the company offers various services, such as Apple Arcade, a game subscription service; Apple Fitness+, a personalized fitness service; Apple Music, which offers users a curated listening experience with on-demand radio stations; Apple News+, a subscription news and magazine service; Apple TV+, which offers exclusive original content; Apple Card, a co-branded credit card; and Apple Pay, a cashless payment service, as well as licenses its intellectual property. The company serves consumers, and small and mid-sized businesses; and the education, enterprise, and government markets. It distributes third-party applications for its products through the App Store. The company also sells its products through its retail and online stores, and direct sales force; and third-party cellular network carriers, wholesalers, retailers, and resellers. Apple Inc. was founded in 1976 and is headquartered in Cupertino, California.",17.2,0.5,9.4,7.4,Significant Controversy Level,3.0,18th percentile,Low
Moody's Investors Service,sysco corporation,A-,2016-06-14,96021,1,5140.0,Shops,SYY,1.2228,0.3016,1.3919,17.5665,2.5254,2.5254,3.7188,2.0709,1.4108,2.7061,13.056,21.8328,3.8177,9.118,0.0769,0.0512,sysco corporation,SYY,"1390 Enclave Parkway
Houston, TX 77077-2099
United States",Consumer Defensive,Food Distribution,"72,000","Sysco Corporation, through its subsidiaries, engages in the marketing and distribution of various food and related products to the foodservice or food-away-from-home industry in the United States, Canada, the United Kingdom, France, and internationally. It operates through U.S. Foodservice Operations, International Foodservice Operations, SYGMA, and Other segments. The company distributes frozen food, such as meat, seafood, fully prepared entrées, fruits, vegetables, and desserts; canned and dry food products; fresh meat and seafood products; dairy products; beverages; imported specialties; and fresh produce products. It also supplies various non-food items, including paper products comprising disposable napkins, plates, and cups; tableware consisting of glassware and silverware; cookware, such as pots, pans, and utensils; restaurant and kitchen equipment and supplies; and cleaning supplies. The company serves restaurants, hospitals and nursing facilities, schools and colleges, hotels and motels, industrial caterers, and other foodservice venues. Sysco Corporation was incorporated in 1969 and is headquartered in Houston, Texas.",15.9,5.4,4.5,6.1,Moderate Controversy Level,2.0,14th percentile,Low
Standard & Poor's Ratings Services,"illumina, inc.",BBB,2016-06-28,1110803,1,3826.0,BusEq,ILMN,2.6166,0.4028,0.8826,69.7185,27.6525,27.6525,35.7456,24.1092,18.9835,0.5574,24.1558,83.4568,10.5805,14.425,0.6034,0.458,illumina inc,ILMN,"5200 Illumina Way
San Diego, CA 92122
United States",Healthcare,Diagnostics & Research,"10,590","Illumina, Inc. offers sequencing- and array-based solutions for genetic and genomic analysis in the United States, Singapore, the United Kingdom, and internationally. It operates through Core Illumina and GRAIL segments. The company offers sequencing and array-based instruments and consumables, which include reagents, flow cells, and library preparation; whole-genome sequencing kits, which sequence entire genomes of various size and complexity; and targeted resequencing kits, which sequence exomes, specific genes, and RNA or other genomic regions of interest. It also provides whole-genome sequencing, genotyping, noninvasive prenatal testing, and product support services; and Galleri, a multi-cancer early detection test. In addition, the company is developing solutions to help accelerate cancer diagnoses, blood-based detection for minimal residual disease, and other post-diagnostic applications. The company serves genomic research centers, academic institutions, government laboratories, and hospitals, as well as pharmaceutical, biotechnology, commercial molecular diagnostic laboratories, and consumer genomics companies. It markets and distributes its products directly to customers, as well as through life-science distributors. Illumina, Inc. was incorporated in 1998 and is based in San Diego, California.",18.6,0.1,6.9,11.6,Significant Controversy Level,3.0,23rd percentile,Low
Standard & Poor's Ratings Services,cardinal health inc.,A-,2016-06-30,721371,1,5122.0,Shops,CAH,1.2615,0.4544,0.8779,5.571,2.1077,2.1077,2.5475,1.9184,1.185,3.4016,19.3734,509.2437,4.021,10.5695,0.2662,0.2506,"cardinal health, inc.",CAH,"7000 Cardinal Place
Dublin, OH 43017
United States",Healthcare,Medical Distribution,"47,040","Cardinal Health, Inc. operates as a healthcare services and products company in the United States, Canada, Europe, Asia, and internationally. It provides customized solutions for hospitals, healthcare systems, pharmacies, ambulatory surgery centers, clinical laboratories, physician offices, and patients in the home. The company operates in two segments, Pharmaceutical and Medical. The Pharmaceutical segment distributes branded and generic pharmaceutical, specialty pharmaceutical, and over-the-counter healthcare and consumer products. The segment also provides services to pharmaceutical manufacturers and healthcare providers for specialty pharmaceutical products; operates nuclear pharmacies and radiopharmaceutical manufacturing facilities; repackages generic pharmaceuticals and over-the-counter healthcare products; and provides pharmacy management services to hospitals. The Medical segment manufactures, sources, and distributes Cardinal Health branded medical, surgical, and laboratory products and devices that include exam and surgical gloves; needles, syringe, and sharps disposals; compressions; incontinences; nutritional delivery products; wound care products; single-use surgical drapes, gowns, and apparels; fluid suction and collection systems; urology products; operating room supply products; and electrode product lines. The segment also distributes a range of national brand products, including medical, surgical, and laboratory products; provides supply chain services and solutions to hospitals, ambulatory surgery centers, clinical laboratories, and other healthcare providers; and assembles and sells sterile, and non-sterile procedure kits. The company was incorporated in 1979 and is headquartered in Dublin, Ohio.",14.9,1.2,6.4,7.3,Significant Controversy Level,3.0,11th percentile,Low
Moody's Investors Service,alliant energy corporation,BBB+,2016-07-05,352541,1,4931.0,Utils,LNT,0.8587,0.4961,1.0736,64.0331,16.2254,16.2254,29.4272,13.1332,11.4348,0.2777,11.5012,10.8694,3.2801,5.477,0.723,0.2404,alliant energy corporation,LNT,"4902 North Biltmore Lane
Madison, WI 53718-2148
United States",Utilities,Utilities - Regulated Electric,"3,281","Alliant Energy Corporation operates as a utility holding company that provides regulated electricity and natural gas services in the United States. It operates in three segments: Utility Electric Operations, Utility Gas Operations, and Utility Other. The company, through its subsidiary, Interstate Power and Light Company (IPL), primarily generates and distributes electricity, and distributes and transports natural gas to retail customers in Iowa; sells electricity to wholesale customers in Minnesota, Illinois, and Iowa; and generates and distributes steam in Cedar Rapids, Iowa. Alliant Energy Corporation, through its other subsidiary, Wisconsin Power and Light Company (WPL), generates and distributes electricity, and distributes and transports natural gas to retail customers in Wisconsin; and sells electricity to wholesale customers in Wisconsin. It serves retail customers in the farming, agriculture, industrial manufacturing, chemical, packaging, and food industries, as well as wholesale customers comprising municipalities and rural electric cooperatives. In addition, the company owns and operates a short-line rail freight service in Iowa; a Mississippi River barge, rail, and truck freight terminal in Illinois; freight brokerage services; wind turbine blade recycling services; and a rail-served warehouse in Iowa. Further, it holds interests in a natural gas-fired electric generating unit near Sheboygan Falls, Wisconsin; and a wind farm located in Oklahoma. The company was formerly known as Interstate Energy Corp. and changed its name to Alliant Energy Corporation in May 1999. Alliant Energy Corporation was incorporated in 1981 and is headquartered in Madison, Wisconsin.",21.4,8.5,6.3,6.6,None Controversy Level,,33rd percentile,Medium
Moody's Investors Service,"republic services, inc.",BBB-,2016-07-11,1060391,1,4953.0,Other,RSG,0.6705,0.4919,0.9687,39.4558,17.1015,17.1015,28.621,13.1201,8.2271,0.4439,9.6495,-20.7562,3.6541,4.9033,0.5081,0.1863,republic services inc.,RSG,"18500 North Allied Way
Phoenix, AZ 85054
United States",Industrials,Waste Management,"41,000","Republic Services, Inc., together with its subsidiaries, offers environmental services in the United States and Canada. It is involved in the collection and processing of recyclable, solid waste, and industrial waste materials; transportation and disposal of non-hazardous and hazardous waste streams; and other environmental solutions. Its residential collection services include curbside collection of material for transport to transfer stations, landfills, recycling centers, and organics processing facilities; supply of recycling and waste containers; and renting of compactors. The company also engages in the processing and sale of old corrugated containers, old newsprint, aluminum, glass, and other materials; and provision of landfill services. It serves small-container, large-container, and residential customers. The company was incorporated in 1996 and is based in Phoenix, Arizona.",20.9,11.2,3.7,6.0,Significant Controversy Level,3.0,31st percentile,Medium
Standard & Poor's Ratings Services,bristol-myers squibb co.,A+,2016-07-18,14272,1,2834.0,Hlth,BMY,1.2991,0.3123,0.4637,76.3949,12.5423,12.5423,14.8128,12.5423,9.4505,0.5216,11.3075,26.6329,5.1373,7.7763,-0.6313,-0.8048,bristol-myers squibb co.,BMY,"Route 206 & Province Line Road
Princeton, NJ 08543
United States",Healthcare,Drug Manufacturers - General,"34,100","Bristol-Myers Squibb Company discovers, develops, licenses, manufactures, markets, distributes, and sells biopharmaceutical products worldwide. It offers products for hematology, oncology, cardiovascular, immunology, fibrotic, and neuroscience diseases. The company's products include Eliquis for reduction in risk of stroke/systemic embolism in non-valvular atrial fibrillation, and for the treatment of DVT/PE; Opdivo for various anti-cancer indications, including bladder, blood, CRC, head and neck, RCC, HCC, lung, melanoma, MPM, stomach and esophageal cancer; Pomalyst/Imnovid for multiple myeloma; Orencia for active rheumatoid arthritis and psoriatic arthritis; and Sprycel for the treatment of Philadelphia chromosome-positive chronic myeloid leukemia. It also provides Yervoy for the treatment of patients with unresectable or metastatic melanoma; Empliciti for the treatment of multiple myeloma; Abecma for the treatment of relapsed or refractory multiple myeloma; Reblozyl for the treatment of anemia; Opdualag for the treatment of unresectable or metastatic melanoma; and Zeposia to treat relapsing forms of multiple sclerosis. In addition, the company offers Breyanzi for the treatment of relapsed or refractory large B-cell lymphoma; Onureg for the treatment of AML; Inrebic for the treatment of myelofibrosis; Camzyos for the treatment of symptomatic obstructive HCM to enhance functional capacity and symptom; Sotyktu for the treatment of moderate-to-severe plaque psoriasis; Augtyro for the treatment of locally advanced or metastatic ROS1-positive NSCLC; Revlimid, an oral immunomodulatory drug for the treatment of multiple myeloma; and Abraxane to treat breast cancer, NSCLC and pancreatic cancer. It sells products to wholesalers, distributors, pharmacies, retailers, hospitals, clinics, and government agencies. The company was formerly known as Bristol-Myers Company. Bristol-Myers Squibb Company was founded in 1887 and is headquartered in Princeton, New Jersey.",22.7,1.3,7.1,14.4,Moderate Controversy Level,2.0,39th percentile,Medium
Moody's Investors Service,"nrg energy, inc.",B+,2016-07-19,1013871,0,4911.0,Utils,NRG,1.6894,0.7775,3.5819,26.9955,-32.8602,-32.8602,-19.6139,-40.4445,-51.9306,0.3749,-116.5072,-297.9294,-19.2537,-25.9287,-0.354,-1.317,"nrg energy, inc.",NRG,"910 Louisiana Street
Houston, TX 77002
United States",Utilities,Utilities - Independent Power Producers,"18,131","NRG Energy, Inc., together with its subsidiaries, operates as an energy and home services company in the United States and Canada. It operates through Texas; East; West/Services/Other; Vivint Smart Home; and Corporate Activities segments. The company produces and sells electricity generated using coal, oil, solar, and battery storage; natural gas; and a cloud-based home platform, including hardware, software, sales, installation, customer service, technical support, and professional monitoring solutions. It offers retail electricity and energy management, line and surge protection products, HVAC installation, repair and maintenance, home protection products, carbon offsets, back-up power stations, portable power, portable solar, and portable lighting; retail services comprising demand response, commodity sales, energy efficiency, and energy management solutions; and system power, distributed generation, renewable and low-carbon products, carbon management and specialty services, backup generation, storage and distributed solar, and energy advisory services. In addition, the company trades in power, natural gas, and related commodities; environmental products; weather products; and financial products, including forwards, futures, options, and swaps. It offers its products and services under the NRG, Reliant, Direct Energy, Green Mountain Energy, and Vivint. It serves residential, commercial, government, industrial, and wholesale customers. NRG Energy, Inc. was founded in 1989 and is headquartered in Houston, Texas.",32.0,16.8,5.7,9.5,Moderate Controversy Level,2.0,75th percentile,High
Standard & Poor's Ratings Services,cvs health corporation,BBB+,2016-07-21,64803,1,5912.0,Shops,CVS,1.2585,0.4138,0.7382,17.3058,6.1811,6.1811,7.5458,5.6207,3.4164,1.6583,14.058,-35.3833,5.6579,8.2401,0.6228,0.3695,cvs health corporation,CVS,"One CVS Drive
Woonsocket, RI 02895
United States",Healthcare,Healthcare Plans,"219,000","CVS Health Corporation provides health solutions in the United States. It operates through Health Care Benefits, Health Services, and Pharmacy & Consumer Wellness segments. The Health Care Benefits segment offers traditional, voluntary, and consumer-directed health insurance products and related services. It serves employer groups, individuals, college students, part-time and hourly workers, health plans, health care providers, governmental units, government-sponsored plans, labor groups, and expatriates. The Health Services segment offers pharmacy benefit management solutions, including plan design and administration, formulary management, retail pharmacy network management, specialty and mail order pharmacy, clinical, disease management, and medical spend management services. It serves employers, insurance companies, unions, government employee groups, health plans, prescription drug plans, Medicaid managed care plans, CMS, plans offered on public health insurance, and other sponsors of health benefit plans. The Pharmacy & Consumer Wellness segment sells prescription and over-the-counter drugs, consumer health and beauty products, and personal care products. This segment also distributes prescription drugs; and provides related pharmacy consulting and other ancillary services to care facilities and other care settings. It operates online retail pharmacy websites, LTC pharmacies and on-site pharmacies, retail specialty pharmacy stores, compounding pharmacies and branches for infusion and enteral nutrition services. The company was formerly known as CVS Caremark Corporation and changed its name to CVS Health Corporation in September 2014. CVS Health Corporation was incorporated in 1996 and is headquartered in Woonsocket, Rhode Island.",22.0,0.0,6.2,15.8,Significant Controversy Level,3.0,36th percentile,Medium
Standard & Poor's Ratings Services,"hca healthcare, inc.",B+,2016-07-27,860730,0,8062.0,Hlth,HCA,1.6296,1.2876,-4.5285,83.0381,15.1904,15.1904,20.234,9.429,5.0788,1.1917,-36.5189,-18.3754,7.6598,10.5047,1.9098,1.2845,"hca healthcare, inc.",HCA,"One Park Plaza
Nashville, TN 37203
United States",Healthcare,Medical Care Facilities,"220,000","HCA Healthcare, Inc., through its subsidiaries, owns and operates hospitals and related healthcare entities in the United States. It operates general and acute care hospitals that offers medical and surgical services, including inpatient care, intensive care, cardiac care, diagnostic, and emergency services; and outpatient services, such as outpatient surgery, laboratory, radiology, respiratory therapy, cardiology, and physical therapy. The company also operates outpatient health care facilities consisting of freestanding ambulatory surgery centers, freestanding emergency care facilities, urgent care facilities, walk-in clinics, diagnostic and imaging centers, rehabilitation and physical therapy centers, radiation and oncology therapy centers, physician practices, and various other facilities. In addition, it operates behavioral hospitals, which provide therapeutic programs comprising child, adolescent and adult psychiatric care, adolescent and adult alcohol, drug abuse treatment, and counseling services. The company was formerly known as HCA Holdings, Inc. HCA Healthcare, Inc. was founded in 1968 and is headquartered in Nashville, Tennessee.",28.8,3.9,7.2,17.7,Significant Controversy Level,3.0,64th percentile,Medium
Standard & Poor's Ratings Services,emerson electric co.,AA,2016-07-28,32604,1,3823.0,BusEq,EMR,1.2883,0.3454,0.8417,43.1288,26.537,26.537,30.0634,23.4291,16.678,0.7356,31.25,75.9797,11.4995,20.4558,-1.5052,-1.4498,emerson electric co.,EMR,"8000 West Florissant Avenue
PO Box 4100
Saint Louis, MO 63136
United States",Industrials,Specialty Industrial Machinery,"67,000","Emerson Electric Co., a technology and software company, provides various solutions for customers in industrial, commercial, and consumer markets in the Americas, Asia, the Middle East, Africa, and Europe. It operates in six segments: Final Control, Control Systems & Software, Measurement & Analytical, AspenTech, Discrete Automation, and Safety & Productivity. The Final Control segment provides control, isolation, shutoff, pressure relief, and pressure safety valves, actuators, and regulators for process and hybrid industries. The Measurement & Analytical segment offers intelligent instrumentation measuring the physical properties of liquids or gases, such as pressure, temperature, level, flow, acoustics, corrosion, pH, conductivity, water quality, toxic gases, and flame. The Discrete Automation segment offers solenoid and pneumatic valves, valve position indicators, pneumatic cylinders, air preparation equipment, pressure and temperature switches, electric linear motion solutions, programmable automation control systems, electrical distribution equipment, and materials joining solutions. The Safety & Productivity segment offers tools for professionals and homeowners; pipe-working tools, including pipe wrenches, pipe cutters, pipe threading and roll grooving equipment, battery hydraulic tools; electrical tools; and other professional tools. The Control Systems & Software segment provides distributed control systems, safety instrumented systems, SCADA systems, application software, digital twins, asset performance management, and cybersecurity. The Test & Measurement provides software-connected automated test and measurement systems. The AspenTech segment provides asset optimization software that enables industrial manufacturers to design, operate, and maintain operations for enhancing performance through a combination of decades of modeling, simulation, and optimization capabilities. The company was incorporated in 1890 and is headquartered in Saint Louis, Missouri.",28.4,8.8,6.6,13.1,Low Controversy Level,1.0,62nd percentile,Medium
Standard & Poor's Ratings Services,honeywell international inc.,AA,2016-07-28,773840,1,9997.0,Other,HON,1.0916,0.2317,0.6552,30.6731,17.6978,17.6978,19.9865,17.0706,12.3584,0.7823,26.3167,-235.9786,9.8285,20.2194,0.604,0.6166,"honeywell international, inc.",HON,"855 South Mint Street
Charlotte, NC 28202
United States",Industrials,Conglomerates,"95,000","Honeywell International Inc. engages in the aerospace technologies, building automation, energy and sustainable solutions, and industrial automation businesses in the United States, Europe, and internationally. The company's Aerospace segment offers auxiliary power units, propulsion engines, integrated avionics, environmental control and electric power systems, engine controls, flight safety, communications, navigation hardware, data and software applications, radar and surveillance systems, aircraft lighting, advanced systems and instruments, satellite and space components, and aircraft wheels and brakes; spare parts; repair, overhaul, and maintenance services; and thermal systems, as well as wireless connectivity services. Its Honeywell Building Technologies segment provides software applications for building control and optimization; sensors, switches, control systems, and instruments for energy management; access control; video surveillance; fire products; and installation, maintenance, and upgrades of systems. The company's Performance Materials and Technologies segment offers automation control, instrumentation, and software and related services; catalysts and adsorbents, equipment, and consulting; and materials to manufacture end products, such as bullet-resistant armor, nylon, computer chips, and pharmaceutical packaging, as well as provides materials based on hydrofluoro-olefin technology. Its Safety and Productivity Solutions segment provides personal protective equipment, apparel, gear, and footwear; gas detection technology; custom-engineered sensors, switches, and controls for sensing and productivity solution; cloud-based notification and emergency messaging; mobile devices and software; custom-engineered sensors, switches, and controls; and data and asset management productivity solutions. Honeywell International Inc. was founded in 1885 and is headquartered in Charlotte, North Carolina.",28.6,11.0,7.0,10.6,Significant Controversy Level,3.0,64th percentile,Medium
Standard & Poor's Ratings Services,abbott laboratories,AAA,2016-07-28,1800,1,3845.0,Hlth,ABT,1.2951,0.1355,0.3618,54.4723,12.8365,12.8365,20.4821,12.4364,11.2807,0.4913,7.9532,32.0246,4.1765,6.8752,0.2949,0.317,abbott laboratories,ABT,"100 Abbott Park Road
Abbott Park
North Chicago, IL 60064-6400
United States",Healthcare,Medical Devices,"114,000","Abbott Laboratories, together with its subsidiaries, discovers, develops, manufactures, and sells health care products worldwide. It operates in four segments: Established Pharmaceutical Products, Diagnostic Products, Nutritional Products, and Medical Devices. The company provides generic pharmaceuticals for the treatment of pancreatic exocrine insufficiency, irritable bowel syndrome or biliary spasm, intrahepatic cholestasis or depressive symptoms, gynecological disorder, hormone replacement therapy, dyslipidemia, hypertension, hypothyroidism, Ménière's disease and vestibular vertigo, pain, fever, inflammation, and migraine, as well as provides anti-infective clarithromycin, influenza vaccine, and products to regulate physiological rhythm of the colon. It also offers laboratory and transfusion medicine systems in the areas of immunoassay, clinical chemistry, hematology, and transfusion; molecular diagnostics polymerase chain reaction instrument systems that automate the extraction, purification, and preparation of DNA and RNA from patient samples, and detect and measure infectious agents; point of care systems; cartridges for testing blood gas, chemistry, electrolytes, coagulation, and immunoassay; rapid diagnostics lateral flow testing products; molecular point-of-care testing for HIV, SARS-CoV-2, influenza A and B, RSV, and strep A; cardiometabolic test systems; drug and alcohol test, and remote patient monitoring and consumer self-test systems; and informatics and automation solutions for laboratories. In addition, the company provides pediatric and adult nutritional products; rhythm management, electrophysiology, heart failure, vascular, and structural heart devices for the treatment of cardiovascular diseases; diabetes care products, such as glucose and blood glucose monitoring systems; and neuromodulation devices for the management of chronic pain and movement disorders. Abbott Laboratories was founded in 1888 and is based in North Chicago, Illinois.",24.8,2.3,8.3,14.2,Significant Controversy Level,3.0,48th percentile,Medium
Standard & Poor's Ratings Services,"tesla, inc.",B-,2016-08-01,1318605,0,3711.0,Durbl,TSLA,0.9897,0.6562,2.488,22.825,-17.7119,-17.7119,-5.3382,-21.6416,-21.9639,0.5015,-82.0024,-82.9837,-11.0148,-28.1929,-0.7261,-1.7191,"tesla, inc.",TSLA,"1 Tesla Road
Austin, TX 78725
United States",Consumer Cyclical,Auto Manufacturers,"140,473","Tesla, Inc. designs, develops, manufactures, leases, and sells electric vehicles, and energy generation and storage systems in the United States, China, and internationally. The company operates in two segments, Automotive, and Energy Generation and Storage. The Automotive segment offers electric vehicles, as well as sells automotive regulatory credits; and non-warranty after-sales vehicle, used vehicles, body shop and parts, supercharging, retail merchandise, and vehicle insurance services. This segment also provides sedans and sport utility vehicles through direct and used vehicle sales, a network of Tesla Superchargers, and in-app upgrades; purchase financing and leasing services; services for electric vehicles through its company-owned service locations and Tesla mobile service technicians; and vehicle limited warranties and extended service plans. The Energy Generation and Storage segment engages in the design, manufacture, installation, sale, and leasing of solar energy generation and energy storage products, and related services to residential, commercial, and industrial customers and utilities through its website, stores, and galleries, as well as through a network of channel partners; and provision of service and repairs to its energy product customers, including under warranty, as well as various financing options to its solar customers. The company was formerly known as Tesla Motors, Inc. and changed its name to Tesla, Inc. in February 2017. Tesla, Inc. was incorporated in 2003 and is headquartered in Austin, Texas.",25.2,3.3,7.8,14.1,Significant Controversy Level,3.0,50th percentile,Medium
Moody's Investors Service,msci inc.,BB,2016-08-01,1408198,0,6282.0,Money,MSCI,2.1346,0.6366,1.752,75.0984,37.5715,37.5715,45.0071,32.5163,20.8042,0.3416,25.5176,-21.7917,7.3098,9.2724,0.3032,0.2924,"msci, inc.",MSCI,"7 World Trade Center
49th Floor 250 Greenwich Street
New York, NY 10007
United States",Financial Services,Financial Data & Stock Exchanges,"5,858","MSCI Inc., together with its subsidiaries, provides critical decision support tools and solutions for the investment community to manage investment processes worldwide. The Index segment provides indexes for use in various areas of the investment process, including indexed financial product, such as ETFs, mutual funds, annuities, futures, options, structured products, and over-the-counter derivatives; performance benchmarking; portfolio construction and rebalancing; and asset allocation, as well as licenses GICS and GICS Direct. The Analytics segment offers risk management, performance attribution and portfolio management content, application, an integrated view of risk and return service, and an analysis of market, credit, liquidity, counterparty, and climate risk across asset classes; managed services, including consolidation of client portfolio data, review and reconciliation of input data and results, and customized reporting; and HedgePlatform to measure, evaluate, and monitor the risk of hedge fund investments. The ESG and Climate segment provides products and services that help institutional investors understand how ESG impacts the long-term risk and return of their portfolio and individual security-level investments; and data, ratings, research, and tools to help investors navigate increasing regulation. The All Other  Private Assets segment includes real estate and infrastructure data, benchmarks, return-analytics, climate assessments and market insights; business intelligence to real estate owners, managers, developers, and brokers; and offers investment decision support tools for private capital. The Private Capital Solutions segment offers tools to help private asset investors across mission-critical workflows, such as sourcing terms and conditions, evaluating operating performance, managing risk and other activities supporting private capital investing. MSCI Inc. was incorporated in 1998 and is headquartered in New York, New York.",16.3,1.6,7.7,7.0,Low Controversy Level,1.0,15th percentile,Low
Standard & Poor's Ratings Services,moody's corporation,A,2016-08-03,1059556,1,7323.0,Other,MCO,2.2392,0.9834,59.3776,72.0991,43.1605,43.1605,46.0277,43.8173,29.6524,0.7141,2345.02,-75.9991,21.5464,38.8387,0.5975,0.4393,moody's corporation,MCO,"7 World Trade Center
250 Greenwich Street
New York, NY 10007
United States",Financial Services,Financial Data & Stock Exchanges,"15,439","Moody's Corporation operates as an integrated risk assessment firm worldwide. It operates in two segments, Moody's Analytics and Moody's Investors Services. The Moody's Analytics segment develops a range of products and services that support the risk management activities of institutional participants in financial markets. It also offers credit research, credit models and analytics, economics data and models, and structured finance solutions; data sets on companies and securities; and SaaS solutions supporting banking, insurance, and know your customer workflows. The Moody's Investors Service segment publishes credit ratings and provides assessment services on various debt obligations, programs and facilities, and entities that issue such obligations, such as various corporate, financial institution, and governmental obligations, as well as structured finance securities. The company was formerly known as Dun and Bradstreet Company and changed its name to Moody's Corporation in September 2000. Moody's Corporation was founded in 1900 and is headquartered in New York, New York.",15.8,1.6,8.1,6.1,Moderate Controversy Level,2.0,14th percentile,Low
Moody's Investors Service,"ameriprise financial, inc",A-,2016-08-08,820027,1,6211.0,Money,AMP,0.8581,0.5162,1.0886,100.0,23.435,29.2468,31.3173,20.7613,13.1969,0.0824,21.5153,21.5153,1.3453,10.4087,5.7164,5.6439,"ameriprise financial, inc.",AMP,"1099 Ameriprise Financial Center
Minneapolis, MN 55474
United States",Financial Services,Asset Management,"13,800","Ameriprise Financial, Inc., together with its subsidiaries, provides various financial products and services to individual and institutional clients in the United States and internationally. It operates through four segments: Advice & Wealth Management, Asset Management, Retirement & Protection Solutions, and Corporate & Other. The Advice & Wealth Management segment provides financial planning and advice; brokerage products and services for retail and institutional clients; discretionary and non-discretionary investment advisory accounts; mutual funds; insurance and annuities products; cash management and banking products; and face-amount certificates. The Asset Management segment offers investment management, advice, and products to retail, high net worth, and institutional clients through third-party financial institutions, advisor networks, direct retail, and its institutional sales force under the Columbia Threadneedle Investments brand name. This segment products include U.S. mutual funds and their non-U.S. equivalents, exchange-traded funds, variable product funds underlying insurance, and annuity separate accounts; and institutional asset management products, such as traditional asset classes, separately managed accounts, individually managed accounts, collateralized loan obligations, hedge funds, collective funds, and property and infrastructure funds. The Retirement & Protection Solutions segment provides variable annuity products, as well as life and disability income insurance products to retail clients. The company was formerly known as American Express Financial Corporation and changed its name to Ameriprise Financial, Inc. in September 2005. Ameriprise Financial, Inc. was founded in 1894 and is headquartered in Minneapolis, Minnesota.",20.3,2.1,10.3,7.8,Moderate Controversy Level,2.0,29th percentile,Medium
Standard & Poor's Ratings Services,builders firstsource inc.,B+,2016-08-09,1316835,0,2452.0,Other,BLDR,1.6244,0.928,13.0813,25.2904,2.5461,2.5461,4.7122,-0.5174,-0.6405,1.2368,-15.3028,2.9269,-0.7922,-1.102,1.4421,1.3127,"builders firstsource, inc.",BLDR,"6031 Connection Drive
Suite 400
Irving, TX 75039
United States",Industrials,Building Products & Equipment,"29,000","Builders FirstSource, Inc., together with its subsidiaries, manufactures and supplies building materials, manufactured components, and construction services to professional homebuilders, sub-contractors, remodelers, and consumers in the United States. It offers lumber and lumber sheet goods comprising dimensional lumber, plywood, and oriented strand board products that are used in on-site house framing; manufactured products, such as wood floor and roof trusses, floor trusses, wall panels, stairs, and engineered wood products; and windows, and interior and exterior door units, as well as interior trims and custom products comprising intricate mouldings, stair parts, and columns under the Synboard brand name. The company also provides specialty building products and services, including vinyl, composite and wood siding, exterior trims, metal studs, cement, roofing, insulation, wallboards, ceilings, cabinets, and hardware products; turn-key framing, shell construction, design assistance, and professional installation services. In addition, it offers software products, such as drafting, estimating, quoting, and virtual home design services, which provide software solutions to retailers, distributors, manufacturers, and homebuilders. The company was formerly known as BSL Holdings, Inc. and changed its name to Builders FirstSource, Inc. in October 1999. Builders FirstSource, Inc. was incorporated in 1998 and is based in Irving, Texas.",,,,,,,,
Standard & Poor's Ratings Services,amgen inc.,A,2016-08-10,318154,1,2836.0,Hlth,AMGN,4.4454,0.5096,1.1191,80.4866,39.1007,39.1007,48.8321,36.8295,32.0331,0.3032,24.7089,419.2749,9.7118,12.1174,1.0777,1.5885,amgen inc,AMGN,"One Amgen Center Drive
Thousand Oaks, CA 91320-1799
United States",Healthcare,Drug Manufacturers - General,"26,700","Amgen Inc. discovers, develops, manufactures, and delivers human therapeutics worldwide. The company's principal products include Enbrel to treat plaque psoriasis, rheumatoid arthritis, and psoriatic arthritis; Otezla for the treatment of adult patients with plaque psoriasis, psoriatic arthritis, and oral ulcers associated with Behçet's disease; Prolia to treat postmenopausal women with osteoporosis; XGEVA for skeletal-related events prevention; Repatha, which reduces the risks of myocardial infarction, stroke, and coronary revascularization; Nplate for the treatment of patients with immune thrombocytopenia; KYPROLIS to treat patients with relapsed or refractory multiple myeloma; Aranesp to treat a lower-than-normal number of red blood cells and anemia; EVENITY for the treatment of osteoporosis in postmenopausal for men and women; Vectibix to treat patients with wild-type RAS metastatic colorectal cancer; BLINCYTO for the treatment of patients with acute lymphoblastic leukemia; TEPEZZA to treat thyroid eye disease; and KRYSTEXXA for the treatment of chronic refractory gout. It also markets other products, including Neulasta, MVASI, AMJEVITA/AMGEVITA, TEZSPIRE, Parsabiv, Aimovig, LUMAKRAS/LUMYKRAS, EPOGEN, KANJINTI, TAVNEOS, RAVICTI, UPLIZNA and PROCYSBI. The company serves healthcare providers, including physicians or their clinics, dialysis centers, hospitals, and pharmacies. It distributes its products through pharmaceutical wholesale distributors, as well as direct-to-consumer channels. The company has collaboration agreements with AstraZeneca plc for the development and commercialization of TEZSPIRE; Novartis Pharma AG to develop and commercialize Aimovig; UCB for the development and commercialization of EVENITY; Kyowa Kirin Co., Ltd. for rocatinlimab development and commercialization; and BeiGene, Ltd. for oncology products expansion and development. Amgen Inc. was incorporated in 1980 and is headquartered in Thousand Oaks, California.",22.0,0.7,7.8,13.5,Significant Controversy Level,3.0,36th percentile,Medium
Moody's Investors Service,baxter international inc.,BBB,2016-08-10,10456,1,2834.0,Hlth,BAX,1.6833,0.4734,1.107,42.7372,6.12,6.12,13.5087,4.5713,23.2951,0.4101,5.6032,12.6628,1.7484,2.9509,0.0524,-0.3527,baxter international inc.,BAX,"One Baxter Parkway
Deerfield, IL 60015
United States",Healthcare,Medical Instruments & Supplies,"60,000","Baxter International Inc., through its subsidiaries, develops and provides a portfolio of healthcare products worldwide. The company operates through four segments: Medical Products and Therapies, Healthcare Systems and Technologies, Pharmaceuticals, and Kidney Care. The company offers sterile intravenous (IV) solutions; infusion systems and devices; parenteral nutrition therapies; generic injectable pharmaceuticals; surgical hemostat and sealant products, advanced surgical equipment; smart bed systems; patient monitoring and diagnostic technologies; and respiratory health devices, as well as advanced equipment for the surgical space, including surgical video technologies, precision positioning devices, and other accessories. It also provides administrative sets; adhesion prevention products; inhaled anesthesia; drug compounding; chronic and acute dialysis therapies and services, including peritoneal dialysis (PD), hemodialysis (HD), continuous renal replacement therapies (CRRT), and other organ support therapies. The company's products are used in hospitals, kidney dialysis centers, nursing homes, rehabilitation centers, ambulatory surgery centers, doctors' offices, and patients at home under physician supervision. The company sells its products through direct sales force, as well as through independent distributors, drug wholesalers, and specialty pharmacy or other alternate site providers in approximately 100 countries. It has an agreement with Celerity Pharmaceutical, LLC to develop acute care generic injectable premix and oncolytic products; and a collaborative research agreement with Miromatrix Medical Inc. aiming to advance care for patients with acute liver failure. Baxter International Inc. was incorporated in 1931 and is headquartered in Deerfield, Illinois.",23.6,2.8,7.1,13.6,Significant Controversy Level,3.0,43rd percentile,Medium
Moody's Investors Service,duke energy corporation,BBB+,2016-08-10,1326160,1,4931.0,Utils,DUK,1.0304,0.4754,1.0363,64.8274,21.5114,21.5114,37.0918,16.7178,8.3655,0.1867,6.2055,10.3263,2.1052,3.2555,0.2757,0.4876,duke energy corporation,DUK,"525 South Tryon Street
Charlotte, NC 28202
United States",Utilities,Utilities - Regulated Electric,"27,037","Duke Energy Corporation, together with its subsidiaries, operates as an energy company in the United States. It operates through two segments: Electric Utilities and Infrastructure (EU&I), and Gas Utilities and Infrastructure (GU&I). The EU&I segment generates, transmits, distributes, and sells electricity in the Carolinas, Florida, and the Midwest. It generates electricity through coal, hydroelectric, natural gas, oil, solar and wind sources, renewables, and nuclear fuel. This segment also engages in the wholesale of electricity to municipalities, electric cooperative utilities, and load-serving entities. The GU&I segment distributes natural gas to residential, commercial, industrial, and power generation natural gas customers; and invests in pipeline transmission projects, renewable natural gas projects, and natural gas storage facilities. The company was formerly known as Duke Energy Holding Corp. and changed its name to Duke Energy Corporation in April 2006. Duke Energy Corporation was founded in 1904 and is headquartered in Charlotte, North Carolina.",27.0,11.5,4.8,10.7,Moderate Controversy Level,2.0,57th percentile,Medium
Standard & Poor's Ratings Services,mohawk industries inc.,BBB+,2016-08-10,851968,1,2273.0,NoDur,MHK,1.531,0.2407,0.5095,27.6057,9.9033,9.9033,14.3317,8.5077,6.8171,0.9418,12.0343,25.1484,6.4239,9.1375,1.7626,-0.8255,"mohawk industries, inc.",MHK,"160 South Industrial Boulevard
Calhoun, GA 30701
United States",Consumer Cyclical,"Furnishings, Fixtures & Appliances","43,300","Mohawk Industries, Inc. designs, manufactures, sources, distributes, and markets flooring products for residential and commercial remodeling, and new construction channels in the United States, Europe, Latin America, and internationally. It operates through three segments: Global Ceramic, Flooring North America, and Flooring Rest of the World. The company provides ceramic, porcelain, and natural stone tiles products for floor and wall applications; natural stones, porcelain slabs, and quartz countertops, as well as installation materials; floor covering products comprising broadloom carpets, carpet tiles, rugs and mats, carpet pads, laminates, medium-density fiberboards, wood floorings, luxury vinyl tiles, and sheet vinyl; and roofing panels, insulation boards, mezzanine flooring products, medium-density fiberboard, and chipboards. It also licenses its intellectual property to flooring manufacturers. The company sells its products under the American Olean, Daltile, Decortiles, Eliane, EmilGroup, KAI, Kerama Marazzi, Marazzi, Ragno, Aladdin Commercial, Durkan, Foss, IVC, Karastan, Mohawk, Mohawk Group, Mohawk Home, Pergo, Portico, Quick-Step, Feltex, GH Commercial, Godfrey Hirst, Hycraft, IVC Commercial, IVC Home, Lentex, Leoline, and Moduleo, Redbook, Unilin, and Vitromex brands. It offers its products to company-owned service centers and stores, company-operated distributors, floor covering retailers, wholesalers, mass merchandisers, department stores, shop at home, buying groups, ceramic tile specialists, e-commerce retailers, residential builders, independent distributors, commercial contractors, and commercial end users. The company was incorporated in 1988 and is headquartered in Calhoun, Georgia.",14.1,5.8,4.2,4.2,Moderate Controversy Level,2.0,9th percentile,Low
Moody's Investors Service,"fidelity national information services, inc.",BBB-,2016-08-11,1136893,1,7374.0,BusEq,FIS,1.5468,0.4303,0.7573,32.5277,19.8191,19.8191,29.8924,16.4198,10.5879,0.4417,10.73,-16.5152,4.9447,6.1127,0.4271,0.2826,"fidelity national information services, inc.",FIS,"347 Riverside Avenue
Jacksonville, FL 32202
United States",Technology,Information Technology Services,"60,000","Fidelity National Information Services, Inc. engages in the provision of financial services technology solutions for financial institutions, businesses, and developers worldwide. It operates through Banking Solutions, Capital Market Solutions, and Corporate and Other segments. The company provides core processing and ancillary applications; mobile and online banking; fraud, risk management, and compliance; card and retail payment; electronic funds transfer and network; wealth and retirement; and item processing and output solutions. It also offers trading and asset, lending, leveraged and syndicated loan markets, and treasury and risk solutions. The company was founded in 1968 and is headquartered in Jacksonville, Florida.",17.5,4.1,5.2,8.2,Low Controversy Level,1.0,19th percentile,Low
Standard & Poor's Ratings Services,kimberly-clark corp.,AA,2016-08-11,55785,1,2621.0,Manuf,KMB,0.8546,0.9935,194.375,35.6301,8.6762,8.6762,12.6889,7.1809,5.4489,1.2526,2665.0,-75.8179,7.1823,17.3446,-1.243,-1.3729,kimberly-clark corp.,KMB,"PO Box 619100
Dallas, TX 75261-9100
United States",Consumer Defensive,Household & Personal Products,"41,000","Kimberly-Clark Corporation, together with its subsidiaries, manufactures and markets personal care and consumer tissue products in the United States. It operates through three segments: Personal Care, Consumer Tissue, and K-C Professional. The company's Personal Care segment offers disposable diapers, training and youth pants, swimpants, baby wipes, feminine and incontinence care products, reusable underwear, and other related products under the Huggies, Pull-Ups, Little Swimmers, GoodNites, DryNites, Sweety, Kotex, U by Kotex, Intimus, Thinx, Poise, Depend, Plenitud, Softex, and other brand names. Its Consumer Tissue segment provides facial and bathroom tissues, paper towels, napkins, and related products under the Kleenex, Scott, Cottonelle, Viva, Andrex, Scottex, Neve, and other brand names. The company's K-C Professional segment offers wipers, tissues, towels, apparel, personal protective equipment, soaps, and sanitizers under the Kleenex, Scott, WypAll, Kimtech, and KleenGuard brands. It also sells household use products directly to supermarkets, mass merchandisers, drugstores, warehouse clubs, variety and department stores, and other retail outlets, as well as through other distributors and e-commerce; and away-from-home use products directly to distributors, manufacturing, lodging, office building, food service, and public facilities, as well as through e-commerce. Kimberly-Clark Corporation was founded in 1872 and is headquartered in Dallas, Texas.",28.5,10.4,7.6,10.4,Moderate Controversy Level,2.0,63rd percentile,Medium
Standard & Poor's Ratings Services,microsoft corp.,AAA,2016-08-15,789019,1,7372.0,BusEq,MSFT,2.3529,0.3603,0.7425,64.0389,28.6087,28.6087,36.5645,28.1271,22.5322,0.4712,28.5276,40.7585,10.6162,18.2481,0.5645,0.2435,microsoft corp,MSFT,"One Microsoft Way
Redmond, WA 98052-6399
United States",Technology,Software - Infrastructure,"221,000","Microsoft Corporation develops and supports software, services, devices and solutions worldwide. The Productivity and Business Processes segment offers office, exchange, SharePoint, Microsoft Teams, office 365 Security and Compliance, Microsoft viva, and Microsoft 365 copilot; and office consumer services, such as Microsoft 365 consumer subscriptions, Office licensed on-premises, and other office services. This segment also provides LinkedIn; and dynamics business solutions, including Dynamics 365, a set of intelligent, cloud-based applications across ERP, CRM, power apps, and power automate; and on-premises ERP and CRM applications. The Intelligent Cloud segment offers server products and cloud services, such as azure and other cloud services; SQL and windows server, visual studio, system center, and related client access licenses, as well as nuance and GitHub; and enterprise services including enterprise support services, industry solutions, and nuance professional services. The More Personal Computing segment offers Windows, including windows OEM licensing and other non-volume licensing of the Windows operating system; Windows commercial comprising volume licensing of the Windows operating system, windows cloud services, and other Windows commercial offerings; patent licensing; and windows Internet of Things; and devices, such as surface, HoloLens, and PC accessories. Additionally, this segment provides gaming, which includes Xbox hardware and content, and first- and third-party content; Xbox game pass and other subscriptions, cloud gaming, advertising, third-party disc royalties, and other cloud services; and search and news advertising, which includes Bing, Microsoft News and Edge, and third-party affiliates. The company sells its products through OEMs, distributors, and resellers; and directly through digital marketplaces, online, and retail stores. The company was founded in 1975 and is headquartered in Redmond, Washington.",15.1,1.5,6.1,7.5,Significant Controversy Level,3.0,11th percentile,Low
Standard & Poor's Ratings Services,packaging corp. of america,BBB,2016-08-15,75677,1,2650.0,Manuf,PKG,2.4597,0.6092,1.5639,21.0078,12.0066,12.0066,18.684,10.4962,6.6107,1.11,25.8052,57.6421,7.4458,10.0845,1.3429,-0.5805,packaging corp of america,PKG,"1 North Field Court
Lake Forest, IL 60045
United States",Consumer Cyclical,Packaging & Containers,"14,900","Packaging Corporation of America manufactures and sells containerboard and corrugated packaging products in the United States. The company operates through three segments: Packaging, Paper, and Corporate and Other. The Packaging segment offers various containerboard and corrugated packaging products, such as conventional shipping containers used to protect and transport manufactured goods; multi-color boxes and displays that help to merchandise the packaged product in retail locations; and honeycomb protective packaging products, as well as packaging for meat, fresh fruit and vegetables, processed food, beverages, and other industrial and consumer products. This segment sells its corrugated products through a direct sales and marketing organization, independent brokers, and distribution partners. The Paper segment manufactures and sells commodity and specialty papers, as well as communication papers, including cut-size office papers, and printing and converting papers. This segment sells white papers through its sales and marketing organization. The Corporate and Other segment includes corporate support staff services and related assets and liabilities; and transportation assets, such as rail cars and trucks for transportation. Packaging Corporation of America was founded in 1867 and is headquartered in Lake Forest, Illinois.",18.6,14.0,3.6,1.1,Low Controversy Level,1.0,23rd percentile,Low
Standard & Poor's Ratings Services,"leidos holdings, inc.",BBB-,2016-08-16,1336920,1,7373.0,BusEq,LDOS,1.724,0.5026,1.0122,12.0119,6.7912,6.7912,7.6613,7.534,5.1358,1.3982,22.7528,-148.1707,7.2107,11.3181,0.0405,1.1351,"leidos holdings, inc.",LDOS,"1750 Presidents Street
Reston, VA 20190
United States",Technology,Information Technology Services,"47,000","Leidos Holdings, Inc., together with its subsidiaries, provides services and solutions in the defense, intelligence, civil, and health markets in the United States and internationally. The company operates through Defense Solutions, Civil, and Health segments. The Defense Solutions segment offers national security solutions and systems for air, land, sea, space, and cyberspace for the U.S. Intelligence Community, the Department of Defense, the space development agency, the National Aeronautics and Space Administration, defense information systems agency, military services, and government agencies of U.S. allies abroad, as well as other federal and commercial customers in the national security industry. The solutions include technology, large-scale systems, command and control platforms, data analytics, logistics, and cybersecurity solutions, as well as intelligence analysis and operations support services to critical missions. The Civil segment provides systems integration services to air navigation service providers, including the federal aviation administration, the En route automation modernization, advanced technology oceanic procedure, time based flow management, terminal flight data management, geo-7, and future flight services, as well as enterprise-information display systems; and security detection services. It also offers information technology (IT) solutions in cloud computing, mobility, application modernization, DevOps, data center, network modernization, asset management, help desk operations, and digital workplace enablement; and environment, energy, and infrastructure services. The Health segment offers solutions to federal and commercial customers responsible for health and well-being of people, include health information management, managed health, digital modernization, and life sciences research and development services. Leidos Holdings, Inc. was founded in 1969 and is headquartered in Reston, Virginia.",17.6,3.4,5.3,9.0,Moderate Controversy Level,2.0,19th percentile,Low
Moody's Investors Service,mgm resorts international,B+,2016-08-16,789570,0,7990.0,Other,MGM,0.8883,0.6267,1.8419,36.8309,13.1278,13.1278,21.5925,4.0754,-1.4865,0.3791,1.6672,34.7189,0.4782,0.6224,-0.3728,-1.0226,mgm resorts international,MGM,"3600 Las Vegas Boulevard South
Las Vegas, NV 89109
United States",Consumer Cyclical,Resorts & Casinos,"58,000","MGM Resorts International, through its subsidiaries, owns and operates casino, hotel, and entertainment resorts in the United States and internationally. The company operates through three segments: Las Vegas Strip Resorts, Regional Operations, and MGM China. Its casino resorts offer gaming, hotel, convention, dining, entertainment, retail, and other resort amenities. The company's casino operations include slots and table games, as well as online sports betting and iGaming through BetMGM. Its customers include premium gaming customers; leisure and wholesale travel customers; business travelers; and group customers, including conventions, trade associations, and small meetings. The company was formerly known as MGM MIRAGE and changed its name to MGM Resorts International in June 2010. MGM Resorts International was incorporated in 1986 and is based in Las Vegas, Nevada.",24.8,1.3,10.5,13.0,Moderate Controversy Level,2.0,48th percentile,Medium
Moody's Investors Service,entergy corporation,BBB-,2016-08-17,65984,1,4911.0,Utils,ETR,1.3163,0.5784,1.4465,66.6213,-2.5984,-2.5984,15.7911,-6.9456,-1.5336,0.2579,-1.6932,-1.704,-0.351,-0.69,-3.2047,-2.6079,entergy corporation,ETR,"639 Loyola Avenue
New Orleans, LA 70113
United States",Utilities,Utilities - Regulated Electric,"12,000","Entergy Corporation, together with its subsidiaries, engages in the production and retail distribution of electricity in the United States. It generates, transmits, distributes, and sells electric power in portions of Arkansas, Louisiana, Mississippi, and Texas, including the City of New Orleans; and distributes natural gas. It also engages in the ownership of interests in non-nuclear power plants that sell electric power to wholesale customers, as well as provides decommissioning services to other nuclear power plant owners. It generates electricity through gas, nuclear, coal, hydro, and solar power sources. The company sells energy to retail power providers, utilities, electric power co-operatives, power trading organizations, and other power generation companies. The company's power plants have approximately 24,000 megawatts of electric generating capacity. It delivers electricity to 3 million utility customers in Arkansas, Louisiana, Mississippi, and Texas. Entergy Corporation was founded in 1913 and is headquartered in New Orleans, Louisiana.",26.7,14.0,5.3,7.3,Moderate Controversy Level,2.0,56th percentile,Medium
Standard & Poor's Ratings Services,cummins inc.,AA,2016-08-17,26172,1,3510.0,Manuf,CMI,2.0897,0.169,0.2115,25.887,10.764,10.764,13.4537,10.5966,7.3208,1.2627,18.9677,21.1816,9.7132,15.7624,-0.8025,-0.7743,cummins inc.,CMI,"500 Jackson Street
Box 3005
Columbus, IN 47202-3005
United States",Industrials,Specialty Industrial Machinery,"75,500","Cummins Inc. designs, manufactures, distributes, and services diesel and natural gas engines, electric and hybrid powertrains, and related components worldwide. It operates through five segments: Engine, Distribution, Components, Power Systems, and Accelera. The company offers diesel and natural gas-powered engines under the Cummins and other customer brands for the heavy and medium-duty truck, bus, recreational vehicle, light-duty automotive, construction, mining, marine, rail, oil and gas, defense, and agricultural markets; and offers parts and services, as well as remanufactured parts and engines. It provides power generation systems, horsepower engines, heavy and medium duty engines, application engineering services, custom-designed assemblies, retail and wholesale aftermarket parts, and in-shop and field-based repair services. In addition, the company offers emission solutions; turbochargers; air and fuel filters, fuel water separators, lube and hydraulic filters, coolants, fuel additives, and other filtration systems; and electronic control modules, sensors, and supporting software, as well as new, replacement, and remanufactured fuel systems. Further, it provides automated transmissions; standby and prime power generators, controls, paralleling systems, and transfer switches, as well as A/C generator/alternator products under the Stamford and AVK brands; and electrified power systems with components and subsystems, including battery, fuel cell, and hydrogen production technologies. Additionally, it offers filtration, aftertreatment, controls systems, air handling systems, and electric power generation systems, and batteries. It sells its products to original equipment manufacturers, distributors, dealers, and other customers. The company was formerly known as Cummins Engine Company and changed its name to Cummins Inc. in 2001. Cummins Inc. was founded in 1919 and is headquartered in Columbus, Indiana.",19.3,5.6,5.9,7.7,Moderate Controversy Level,2.0,25th percentile,Low
Moody's Investors Service,archer-daniels-midland company,A,2016-08-17,7084,1,2070.0,NoDur,ADM,1.6164,0.2439,0.328,5.858,2.9261,2.9261,4.2288,3.3736,2.7311,1.6859,10.3042,12.9753,4.597,7.791,-4.7895,-5.2383,archer daniels midland company,ADM,"77 West Wacker Drive
Suite 4600
Chicago, IL 60601
United States",Consumer Defensive,Farm Products,"40,213","Archer-Daniels-Midland Company engages in the procurement, transportation, storage, processing, and merchandising of agricultural commodities, ingredients, flavors, and solutions in the United States, Switzerland, the Cayman Islands, Brazil, Mexico, Canada, the United Kingdom, and internationally. It operates in three segments: Ag Services and Oilseeds, Carbohydrate Solutions, and Nutrition. The company originates, merchandises, stores, and transports agricultural raw materials, such as oilseeds and soft seeds. It also engages in the agricultural commodity and feed product import, export, and distribution; and various structured trade finance activities. In addition, the company offers soybean meal and oil; vegetable and salad oils and protein meals; ingredients for the food, feed, energy, and industrial customers; margarine, shortening, and other food products; and partially refined oils to produce biodiesel and glycols for use in chemicals, paints, and other industrial products. Further, it provides peanuts, peanut-derived ingredients, and cotton cellulose pulp; sweeteners, corn and wheat starches, syrup, glucose, wheat flour, and dextrose; alcohol, and other food and animal feed ingredients; ethyl alcohol and ethanol; corn gluten feed and meal; distillers' grains; corn germ; and citric acids. Additionally, the company provides proteins, natural flavors, flavor systems, natural colors, emulsifiers, soluble fiber, polyols, hydrocolloids, probiotics, prebiotics, postbiotics, enzymes, and botanical extracts; and other specialty food and feed ingredients; edible beans; formula feeds, and animal health and nutrition products; and contract and private label pet treats and food products. It also offers futures commission merchant; commodity brokerage services; cash margins and securities pledged to commodity exchange clearinghouse; and cash pledged as security under certain insurance arrangements. The company was founded in 1902 and is headquartered in Chicago, Illinois.",31.8,16.6,5.0,10.1,Significant Controversy Level,3.0,75th percentile,High
Moody's Investors Service,edison international,A-,2016-08-24,827052,1,4911.0,Utils,EIX,0.5387,0.4484,0.8868,62.9816,17.4245,17.4245,34.823,13.6064,8.8511,0.2294,8.0819,8.0819,2.1541,4.458,3.8329,2.8632,edison international,EIX,"2244 Walnut Grove Avenue
PO Box 976
Rosemead, CA 91770
United States",Utilities,Utilities - Regulated Electric,"13,003","Edison International, through its subsidiaries, engages in the generation and distribution of electric power. The company supplies and delivers electricity to approximately 50,000 square mile area of southern California to residential, commercial, industrial, public authorities, agricultural, and other sectors. Its transmission facilities consist of lines ranging from 55 kV to 500 kV and approximately 80 transmission substations; distribution system consists of approximately 38,000 circuit-miles of overhead lines; approximately 31,000 circuit-miles of underground lines; and 730 distribution substations. The company was founded in 1886 and is based in Rosemead, California.",27.5,11.0,5.1,11.4,Significant Controversy Level,3.0,59th percentile,Medium
Fitch Ratings,"walgreens boots alliance, inc.",BBB,2016-09-01,1618921,1,5912.0,Shops,WBA,1.5214,0.3818,0.6284,25.457,5.1137,5.1452,6.6092,4.3834,3.556,1.6144,13.8404,94.1375,5.7657,8.5555,1.8175,1.0224,"walgreens boots alliance, inc",WBA,"108 Wilmot Road
Deerfield, IL 60015
United States",Healthcare,Pharmaceutical Retailers,"330,000","Walgreens Boots Alliance, Inc. operates as a healthcare, pharmacy, and retail company in the United States, the United Kingdom, Germany, and internationally. It operates through three segments: U.S. Retail Pharmacy, International, and U.S. Healthcare. The U.S. Retail Pharmacy segment engages in operation of the retail drugstores, health and wellness services, specialty, and home delivery pharmacy services, which offers health and wellness, beauty, personal care and consumables, and general merchandise. The International segment offers sale of prescription drugs and health and wellness, beauty, personal care, and other consumer products outside the United States; and operates pharmacy-led health and beauty retail businesses under the Boots brand stores in the United Kingdom, the Republic of Ireland, and Thailand, as well as the Benavides brand in Mexico and the Ahumada brand in Chile. The U.S. Healthcare segment provides VillageMD, a national provider of value-based care with primary, multi-specialty, and urgent care providers serving patients in traditional clinic settings, in patients' homes and online appointments; Shields, a specialty pharmacy integrator and accelerator for hospitals; and CareCentrix, a participant in the post-acute and home care management sectors. Walgreens Boots Alliance, Inc. was founded in 1909 and is headquartered in Deerfield, Illinois.",16.3,1.8,5.2,9.3,Significant Controversy Level,3.0,15th percentile,Low
Standard & Poor's Ratings Services,eog resources inc.,A,2016-09-06,821189,1,1311.0,Enrgy,EOG,1.4249,0.3394,0.5142,100.0,-76.3475,-76.3475,-38.5094,-79.0364,-51.6649,0.3247,-34.9571,-34.9571,-16.7758,-23.0938,-9.1794,-4.0166,"eog resources, inc.",EOG,"1111 Bagby Street
Sky Lobby 2
Houston, TX 77002
United States",Energy,Oil & Gas E&P,"3,050","EOG Resources, Inc., together with its subsidiaries, explores for, develops, produces, and markets crude oil, natural gas liquids, and natural gas primarily in producing basins in the United States, the Republic of Trinidad and Tobago and internationally. The company was formerly known as Enron Oil & Gas Company. EOG Resources, Inc. was incorporated in 1985 and is headquartered in Houston, Texas.",34.2,20.2,7.3,6.7,Low Controversy Level,1.0,81st percentile,High
Moody's Investors Service,thermo fisher scientific inc.,BBB,2016-09-07,97745,1,3826.0,BusEq,TMO,1.2224,0.3754,0.7088,44.3587,14.8198,14.8198,24.7951,12.3579,11.2164,0.3941,9.2247,-15.2806,4.4234,5.7615,1.0149,0.7899,"thermo fisher scientific, inc.",TMO,"168 Third Avenue
Waltham, MA 02451
United States",Healthcare,Diagnostics & Research,"122,000","Thermo Fisher Scientific Inc. provides life sciences solutions, analytical instruments, specialty diagnostics, and laboratory products and biopharma services in the North America, Europe, Asia-Pacific, and internationally. The company's Life Sciences Solutions segment offers reagents, instruments, and consumables for biological and medical research, discovery, and production of drugs and vaccines, as well as diagnosis of infections and diseases; and solutions include biosciences, genetic sciences, and bio production to pharmaceutical, biotechnology, agricultural, clinical, healthcare, academic, and government markets. Its Analytical Instruments segment provides instruments, consumables, software, and services for pharmaceutical, biotechnology, academic, government, environmental, and other research and industrial markets, as well as clinical laboratories. The company's Specialty Diagnostics segment offers liquid, ready-to-use, and lyophilized immunodiagnostic reagent kits, as well as calibrators, controls, protein detection assays, and instruments; immunodiagnostics develops, manufactures and markets complete bloodtest systems to support the clinical diagnosis and monitoring of allergy, asthma and autoimmune diseases; dehydrated and prepared culture media, collection and transport systems, instrumentation, and consumables; human leukocyte antigen typing and testing for organ transplant market; and healthcare products. Its Laboratory Products and Biopharma Services segment provides laboratory products, research and safety market channel, and pharma services and clinical research. It offers products and services through a direct sales force, customer-service professionals, electronic commerce, and third-party distributors under Thermo Scientific; Applied Biosystems; Invitrogen; Fisher Scientific; Unity Lab Services; and Patheon and PPD. Thermo Fisher Scientific Inc. was founded in 1956 and is headquartered in Waltham, Massachusetts.",12.8,1.4,6.5,4.9,Significant Controversy Level,3.0,6th percentile,Low
Moody's Investors Service,"cisco systems, inc.",A+,2016-09-13,858877,1,3576.0,BusEq,CSCO,3.16,0.278,0.4505,62.8668,25.7072,25.7072,30.0729,26.2351,21.8064,0.4048,16.8892,31.1646,8.8276,12.194,0.2279,0.2449,"cisco systems, inc.",CSCO,"170 West Tasman Drive
San Jose, CA 95134-1706
United States",Technology,Communication Equipment,"84,900","Cisco Systems, Inc. designs, manufactures, and sells Internet Protocol based networking and other products related to the communications and information technology industry in the Americas, Europe, the Middle East, Africa, the Asia Pacific, Japan, and China. The company also offers switching portfolio encompasses campus switching as well as data center switching; enterprise routing portfolio interconnects public and private wireline and mobile networks, delivering highly secure, and reliable connectivity to campus, data center and branch networks; wireless products include wireless access points and controllers; and compute portfolio including the cisco unified computing system, hyperflex, and software management capabilities, which combine computing, networking, and storage infrastructure management and virtualization. In addition, it provides Internet for the future product consists of routed optical networking, 5G, silicon, and optics solutions; collaboration products, such as meetings, collaboration devices, calling, contact center, and communication platform as a service; end-to-end security product consists of network security, cloud security, security endpoints, unified threat management, and zero trust; and optimized application experiences products including full stack observability and network assurance. Further, the company offers a range of service and support options for its customers, including technical support and advanced services and advisory services. It serves businesses of various sizes, public institutions, governments, and service providers. The company sells its products and services directly, as well as through systems integrators, service providers, other resellers, and distributors. Cisco Systems, Inc. has strategic alliances with other companies. Cisco Systems, Inc. was incorporated in 1984 and is headquartered in San Jose, California.",13.9,0.4,6.5,6.9,Moderate Controversy Level,2.0,8th percentile,Low
Moody's Investors Service,"gilead sciences, inc.",A-,2016-09-15,882095,1,2836.0,Hlth,GILD,3.0748,0.4418,0.8221,84.781,61.3299,61.3299,65.5484,59.6866,48.6179,0.718,76.2311,337.4091,34.7883,42.5497,5.9507,5.7246,gilead sciences inc,GILD,"333 Lakeside Drive
Foster City, CA 94404
United States",Healthcare,Drug Manufacturers - General,"18,000","Gilead Sciences, Inc., a biopharmaceutical company, discovers, develops, and commercializes medicines in the areas of unmet medical need in the United States, Europe, and internationally. The company provides Biktarvy, Genvoya, Descovy, Odefsey, Truvada, Complera/ Eviplera, Stribild, Sunlencs, and Atripla products for the treatment of HIV/AIDS; Veklury, an injection for intravenous use, for the treatment of COVID-19; and Epclusa, Harvoni, Vemlidy, and Viread for the treatment of viral hepatitis. It also offers Yescarta, Tecartus, and Trodelvy products for the treatment of oncology; Letairis, an oral formulation for the treatment of pulmonary arterial hypertension; and AmBisome, a liposomal formulation for the treatment of serious invasive fungal infections. The company has collaboration agreements with Arcus Biosciences, Inc.; Merck Sharp & Dohme Corp.; Pionyr Immunotherapeutics Inc.; Tizona Therapeutics, Inc.; Galapagos NV; Janssen Sciences Ireland Unlimited Company; Japan Tobacco, Inc.; Dragonfly Therapeutics, Inc.; Arcellx, Inc.; Everest Medicines; Merck & Co, Inc.; Tentarix Biotherapeutics Inc.; and Assembly Biosciences, Inc. It also has research collaboration, option, and license agreement with Merus N.V. for the discovery of novel dual tumor-associated antigens (TAA) targeting trispecific antibodies. The company was incorporated in 1987 and is headquartered in Foster City, California.",23.0,1.0,7.6,14.3,Moderate Controversy Level,2.0,40th percentile,Medium
Standard & Poor's Ratings Services,norfolk southern corp.,BBB+,2016-09-16,702165,1,4011.0,Other,NSC,1.126,0.4352,0.8281,65.1603,27.4379,27.4379,37.5131,23.2328,14.7465,0.3079,12.7667,12.7667,4.5578,7.21,0.2252,-0.9901,norfolk southern corp.,NSC,"650 West Peachtree Street NW
Atlanta, GA 30308-1925
United States",Industrials,Railroads,"20,700","Norfolk Southern Corporation, together with its subsidiaries, engages in the rail transportation of raw materials, intermediate products, and finished goods in the United States. The company transports agriculture, forest, and consumer products comprising soybeans, wheat, corn, fertilizers, livestock and poultry feed, food products, food oils, flour, sweeteners, ethanol, lumber and wood products, pulp board and paper products, wood fibers, wood pulp, beverages, and canned goods; chemicals consist of sulfur and related chemicals, petroleum products comprising crude oil, chlorine and bleaching compounds, plastics, rubber, industrial chemicals, chemical wastes, sand, and natural gas liquids; metals and construction materials, such as steel, aluminum products, machinery, scrap metals, cement, aggregates, minerals, clay, transportation equipment, and military-related products; and automotive, including finished motor vehicles and automotive parts, as well as coal. It also transports overseas freight through various Atlantic and Gulf Coast ports; and operates an intermodal network. As of December 31, 2023, the company operated approximately 19,100 route miles in 22 states and the District of Columbia. Norfolk Southern Corporation was incorporated in 1980 and is headquartered in Atlanta, Georgia.",23.9,8.0,5.4,10.5,Significant Controversy Level,3.0,44th percentile,Medium
Standard & Poor's Ratings Services,boston scientific corp.,BBB-,2016-09-16,885725,1,3845.0,Hlth,BSX,1.267,0.373,0.6573,70.0542,-4.0786,-4.0786,8.3875,-6.897,-1.6125,0.4335,-1.843,2.3578,-0.699,-1.1556,0.1306,0.0782,boston scientific corp.,BSX,"300 Boston Scientific Way
Marlborough, MA 01752-1234
United States",Healthcare,Medical Devices,"48,000","Boston Scientific Corporation develops, manufactures, and markets medical devices for use in various interventional medical specialties worldwide. It operates through two segments, MedSurg and Cardiovascular. The company offers devices to diagnose and treat gastrointestinal and pulmonary conditions, such as resolution clips, biliary stent systems, stents and electrocautery enhanced delivery systems, direct visualization systems, digital catheters, and single-use duodenoscopes; devices to treat urological conditions, including ureteral stents, catheters, baskets, guidewires, sheaths, balloons, single-use digital flexible ureteroscopes, holmium laser systems, artificial urinary sphincter, laser system, fiber, and hydrogel systems; and devices to treat neurological movement disorders and manage chronic pain, such as spinal cord stimulator system, proprietary programming software, radiofrequency generator, indirect decompression systems, practice optimization tools, and deep brain stimulation system. It also provides technologies for diagnosing and treating coronary artery disease and aortic valve conditions; WATCHMAN FLX, a Left Atrial Appendage Closure Device; and implantable devices that monitor the heart and deliver electricity to treat cardiac abnormalities, such as cardioverter and cardiac resynchronization therapy defibrillators, MRI S-ICD systems, cardiac resynchronization therapy pacemakers, quadripolar LV leads, ICD leads, pacing leads, remote patient management systems, insertable cardiac monitor systems, and remote cardiac monitoring systems. In addition, the company offers diagnosis and treatment of rate and rhythm disorders of the heart; peripheral arterial and venous diseases; and products to diagnose, treat and ease forms of cancer. The company was incorporated in 1979 and is headquartered in Marlborough, Massachusetts.",23.1,2.4,8.9,11.9,Moderate Controversy Level,2.0,41st percentile,Medium
Standard & Poor's Ratings Services,eli lilly & co.,AAA,2016-09-19,59478,1,2834.0,Hlth,LLY,1.2245,0.2574,0.5213,74.8542,13.5596,13.5596,20.5897,15.2955,12.1867,0.5403,15.5347,22.2459,6.584,11.5367,-1.1368,-1.4371,eli lilly & co.,LLY,"Lilly Corporate Center
Indianapolis, IN 46285
United States",Healthcare,Drug Manufacturers - General,"43,000","Eli Lilly and Company discovers, develops, and markets human pharmaceuticals worldwide. The company offers Basaglar, Humalog, Humalog Mix 75/25, Humalog U-100, Humalog U-200, Humalog Mix 50/50, insulin lispro, insulin lispro protamine, insulin lispro mix 75/25, Humulin, Humulin 70/30, Humulin N, Humulin R, and Humulin U-500 for diabetes; Jardiance, Mounjaro, and Trulicity for type 2 diabetes; and Zepbound for obesity. It also provides oncology products, including Alimta, Cyramza, Erbitux, Jaypirca, Retevmo, Tyvyt, and Verzenio. In addition, the company offers Olumiant for rheumatoid arthritis, atopic dermatitis, severe alopecia areata, and COVID-19; Taltz for plaque psoriasis, psoriatic arthritis, ankylosing spondylitis, and non-radiographic axial spondylarthritis; Omvoh for ulcerative colitis; Cymbalta for depressive disorder, diabetic peripheral neuropathic pain, generalized anxiety disorder, fibromyalgia, and chronic musculoskeletal pain; Ebglyss for severe atopic dermatitis; and Emgality for migraine prevention and episodic cluster headache. Further, it provides Cialis for erectile dysfunction and benign prostatic hyperplasia; and Forteo for osteoporosis. It has collaborations with Incyte Corporation; Boehringer Ingelheim Pharmaceuticals, Inc.; F. Hoffmann-La Roche Ltd and Genentech, Inc.; Biologics, Inc., AbCellera Biologics Inc.; and Chugai Pharmaceutical Co., Ltd. The company was founded in 1876 and is headquartered in Indianapolis, Indiana.",24.3,2.5,9.1,12.6,Moderate Controversy Level,2.0,46th percentile,Medium
Standard & Poor's Ratings Services,hewlett packard enterprise co.,A,2016-09-19,1645590,1,3571.0,BusEq,HPE,1.3624,0.3081,0.4657,32.3841,6.2619,6.2619,18.9626,6.2265,7.919,0.3889,7.7835,55.8494,3.3035,5.3854,-1.7721,-1.7449,hewlett packard enterprise company,HPE,"1701 East Mossy Oaks Road
Spring, TX 77389
United States",Technology,Communication Equipment,"62,000","Hewlett Packard Enterprise Company provides solutions that allow customers to capture, analyze, and act upon data seamlessly in the Americas, Europe, the Middle East, Africa, the Asia Pacific, and Japan. It operates in six segments: Compute, HPC & AI, Storage, Intelligent Edge, Financial Services, and Corporate Investments and Other. The company offers general purpose servers for multi-workload computing and workload-optimized servers; HPE ProLiant rack and tower servers; HPE Synergy; HPE Alletra, HPE GreenLake, Zerto, HPE InfoSight, and HPE CloudPhysics storage products; HPE Cray EX, HPE Cray XD, and converged edge systems; and HPE Superdome Flex, HPE Nonstop, and HPE Integrity products. It also provides HPE Aruba products that includes hardware products, such as Wi-Fi access points, switches, and gateways; HPE Aruba Networking software and services comprising cloud-based management, network management and access control, analytics and assurance, software-defined wide-area networking, network security, analytics and assurance, and location services software; and professional and support services, as well as as-a-service and consumption models. In addition, the company offers leasing, financing, IT consumption, and utility programs and asset management services for customers to facilitate technology deployment models and the acquisition of various IT solutions, including hardware, software, and services from Hewlett Packard Enterprise and others; consultative-led services; HPE Ezmeral Container Platform; HPE Ezmeral Software Container Platform and HPE Ezmeral Software Data Fabric; OpsRamp; and Hewlett Packard Labs. It serves commercial and large enterprise groups, such as business and public sector enterprises; and through various partners comprising resellers, distribution partners, original equipment manufacturers, independent software vendors, systems integrators, and advisory firms. The company was founded in 1939 and is headquartered in Spring, Texas.",10.7,0.9,5.6,4.1,Moderate Controversy Level,2.0,3rd percentile,Low
Standard & Poor's Ratings Services,general mills inc.,BBB+,2016-09-19,40704,1,2040.0,NoDur,GIS,0.7851,0.5708,1.5886,35.1957,16.346,16.346,20.0174,14.5118,10.2481,0.7628,32.726,-21.7843,7.9992,14.0463,0.4082,0.3569,"general mills, inc.",GIS,"Number One General Mills Boulevard
Minneapolis, MN 55426
United States",Consumer Defensive,Packaged Foods,"34,000","General Mills, Inc. manufactures and markets branded consumer foods worldwide. The company operates through four segments: North America Retail; International; Pet; and North America Foodservice. It offers grain, ready-to-eat cereals, refrigerated yogurt, soup, meal kits, refrigerated and frozen dough products, dessert and baking mixes, bakery flour, frozen pizza and pizza snacks, snack bars, fruit and salty snacks, ice cream and frozen desserts, nutrition bars, and savory snacks, as well as various organic products, including frozen and shelf-stable vegetables. It also manufactures and markets pet food products, including dog and cat food. The company markets its products under the Annie's, Betty Crocker, Bisquick, Blue Buffalo, Blue Basics, Blue Freedom, Bugles, Cascadian Farm, Cheerios, Chex, Cinnamon Toast Crunch, Cocoa Puffs, Cookie Crisp, EPIC, Fiber One, Fruit by the Foot, Fruit Gushers, Fruit Roll-Ups, Gardetto's, Go-Gurt, Gold Medal, Golden Grahams, Häagen-Dazs, Kitano, Kix, Lärabar, Latina, Lucky Charms, Muir Glen, Nature Valley, Nudges, Oatmeal Crisp, Old El Paso, Pillsbury, Progresso, Raisin Nut Bran, Total, Top Chews Naturals, Totino's, Trix, True Chews, Wanchai Ferry, Wheaties, Wilderness, Yoki, Reese's Puffs, Green Giant, and Yoplait trademarks. It sells its products directly, as well as through broker and distribution arrangements to grocery stores, mass merchandisers, membership stores, natural food chains, e-commerce retailers, commercial and noncommercial foodservice distributors and operators, restaurants, convenience stores, and pet specialty stores, as well as drug, dollar, and discount chains. In addition, the company operates ice cream parlors. General Mills, Inc. was founded in 1866 and is headquartered in Minneapolis, Minnesota.",21.1,8.3,4.1,8.7,Moderate Controversy Level,2.0,32nd percentile,Medium
Moody's Investors Service,hess corporation,BB+,2016-09-19,4447,0,1311.0,Enrgy,HES,1.3014,0.2096,0.2682,83.9899,19.1581,19.1581,49.1851,22.6879,21.5796,0.2796,7.5806,8.269,4.4054,5.9917,-0.4696,-3.3979,hess corporation,HES,"1185 Avenue of the Americas
40th Floor
New York, NY 10036
United States",Energy,Oil & Gas E&P,"1,756","Hess Corporation, an exploration and production company, explores, develops, produces, purchases, transports, and sells crude oil, natural gas liquids (NGLs), and natural gas. The company operates in two segments, Exploration and Production, and Midstream. It conducts production operations primarily in the United States, Guyana, the Malaysia/Thailand Joint Development Area, and Malaysia; and exploration activities principally offshore Guyana, the U.S. Gulf of Mexico, and offshore Suriname and Canada. The company is also involved in gathering, compressing, and processing natural gas; fractionating NGLs; gathering, terminaling, loading, and transporting crude oil and NGL through rail car; and storing and terminaling propane, as well as providing water handling services primarily in the Bakken Shale plays in the Williston Basin area of North Dakota. The company was incorporated in 1920 and is headquartered in New York, New York.",33.1,18.9,7.0,7.2,Moderate Controversy Level,2.0,79th percentile,High
Standard & Poor's Ratings Services,accenture plc,A+,2016-09-22,1467373,1,8742.0,Other,ACN,1.3488,0.003,0.0033,29.5348,13.824,13.824,15.9192,16.1033,11.8166,1.6885,53.1128,94.9707,21.1054,52.9546,0.8368,0.673,accenture plc,ACN,"1 Grand Canal Square
Grand Canal Harbour
Dublin, D02 P820
Ireland",Technology,Information Technology Services,"742,000","Accenture plc, a professional services company, provides strategy and consulting, industry X, song, and technology and operation services worldwide. The company offers application services, including agile transformation, DevOps, application modernization, enterprise architecture, software and quality engineering, data management; intelligent automation comprising robotic process automation, natural language processing, and virtual agents; and application management services, as well as software engineering services; strategy and consulting services; data and analytics strategy, data discovery and augmentation, data management and beyond, data democratization, and industrialized solutions comprising turnkey analytics and artificial intelligence (AI) solutions; metaverse; and sustainability services. It also provides change management, HR transformation and delivery, organization strategy and design, talent strategy and development, and leadership and culture services; digital commerce; infrastructure services, including cloud infrastructure managed, cloud and data center, network, digital workplace, database platforms, service management, and cloud and infrastructure security services; data-enabled operating models; technology consulting and AI services; and technology consulting services. In addition, the company offers engineering and R&D digitization, smart connected products, product as-a-service enablement, capital projects, intelligent asset management, digital industrial workforce, and autonomous robotic systems; business process outsourcing; and services related to technology innovation. Further, it provides cloud, ecosystem, marketing, security, supply chain management, zero-based transformation, customer experience, finance consulting, mergers and acquisitions, and sustainability services. The company has a collaboration with Salesforce, Inc. to develop Salesforce Life Sciences Cloud. The company was founded in 1951 and is based in Dublin, Ireland.",9.8,0.8,4.4,4.6,Moderate Controversy Level,2.0,3rd percentile,Negligible
Fitch Ratings,"d. r. horton, inc.",BBB-,2016-09-27,882184,1,1531.0,Other,DHI,6.808,0.3927,0.6465,21.141,10.0933,10.0933,10.7354,10.3788,6.9355,0.9707,12.7337,12.9248,6.7321,7.7337,3.6981,3.9712,d.r. horton inc.,DHI,"1341 Horton Circle
Arlington, TX 76011
United States",Consumer Cyclical,Residential Construction,"13,450","D.R. Horton, Inc. operates as a homebuilding company in East, North, Southeast, South Central, Southwest, and Northwest regions in the United States. It engages in the acquisition and development of land; and construction and sale of residential homes in 118 markets across 33 states under the names of D.R. Horton, America's Builder, Express Homes, Emerald Homes, and Freedom Homes. The company constructs and sells single-family detached homes; and attached homes, such as townhomes, duplexes, and triplexes. It also provides mortgage financing services; and title insurance policies, and examination and closing services, as well as engages in the residential lot development business. In addition, the company develops, constructs, owns, leases, and sells multi-family and single-family rental properties; and owns non-residential real estate, including ranch land and improvements. It primarily serves homebuyers. D.R. Horton, Inc. was founded in 1978 and is headquartered in Arlington, Texas.",21.0,8.7,5.7,6.7,Moderate Controversy Level,2.0,32nd percentile,Medium
Standard & Poor's Ratings Services,jabil inc.,BBB-,2016-09-27,898293,1,3672.0,BusEq,JBL,1.0503,0.4577,0.8626,8.324,2.8487,2.8487,6.6451,2.1089,1.3845,1.7779,10.3722,16.2793,2.4693,5.625,-1.5758,-1.4023,jabil inc.,JBL,"10800 Roosevelt Boulevard North, St.
Saint Petersburg, FL 33716
United States",Technology,Electronic Components,"236,000","Jabil Inc. provides manufacturing services and solutions worldwide. It operates in two segments, Electronics Manufacturing Services and Diversified Manufacturing Services. The company offers electronics design, production, and product management services; electronic circuit design services, such as application-specific integrated circuit design, firmware development, and rapid prototyping services; and designs plastic and metal enclosures that include the electro-mechanics, such as the printed circuit board assemblies (PCBA). It also provides three-dimensional mechanical design comprising the analysis of electronic, electro-mechanical, and optical assemblies, as well as various industrial design, mechanism development, and tooling management services. In addition, the company provides computer-assisted design services consisting of PCBA design, as well as PCBA design validation and verification services; and other consulting services, such as the generation of a bill of materials, approved vendor list, and assembly equipment configuration for various PCBA designs. Further, it offers product and process validation services, such as product system, product safety, regulatory compliance, and reliability tests, as well as manufacturing test solution development services. Additionally, the company provides systems assembly, test, direct-order fulfillment, and configure-to-order services. It serves 5G, wireless and cloud, digital print and retail, industrial and semi-cap, networking and storage, automotive and transportation, connected devices, healthcare and packaging, and mobility industries. The company was formerly known as Jabil Circuit, Inc. and changed its name to Jabil Inc. in June 2017. Jabil Inc. was founded in 1966 and is headquartered in Saint Petersburg, Florida.",,,,,,,,
Standard & Poor's Ratings Services,keysight technologies inc.,BBB-,2016-09-27,1601046,1,3825.0,BusEq,KEYS,2.3017,0.4577,0.8441,55.5672,15.091,15.091,18.5574,13.5854,17.9622,0.8141,39.4009,144.1011,14.6237,21.3661,-1.1725,-1.2854,"keysight technologies, inc.",KEYS,"1400 Fountaingrove Parkway
Santa Rosa, CA 95403-1738
United States",Technology,Scientific & Technical Instruments,"15,400","Keysight Technologies, Inc. provides electronic design and test solutions to commercial communications, networking, aerospace, defense and government, automotive, energy, semiconductor, electronic, and education industries in the Americas, Europe, and the Asia Pacific. The company operates in two segments, Communications Solutions Group and Electronic Industrial Solutions Group. It offers electronic design automation (EDA) software; instrument measurement software, instrument workflow software, and software testing; digital multimeter, phase noise measurement, power meters and power sensors, counters, LCR meters and impedance measurement products, and electrometers; and spectrum analyzers, network analyzers, logic analyzers, protocol analyzers and exercisers, bit error ratio testers, noise figure analyzers, AC and DC power analyzers, materials test equipment, device current waveform analyzers, and curve tracers. The company also provides waveform and function generators, arbitrary waveform generators, DC power supplies, and DC electronic loads; wireless drive test, radio access and core network test, wireless analyzers, wireless network emulators, and over-the-air test; application and threat intelligence, cloud test, cyber training simulator, network test hardware, synthetic traffic generators, protocol and load test, network security test, and network modeling; bypass switches, clock synchronization, cloud visibility, network and application monitoring, network packet brokers, and network taps; and application-specific test systems, photonic test and measurement products, and MMIC millimeter-wave and microwave devices. In addition, it offers product support, technical support, installation, training, engineering, and integration services. The company sells its products through direct sales force, distributors, resellers, and manufacturer's representatives. Keysight Technologies, Inc. was founded in 1939 and is headquartered in Santa Rosa, California.",7.6,1.2,4.7,1.8,Low Controversy Level,1.0,1st percentile,Negligible
Standard & Poor's Ratings Services,american electric power co. inc.,BBB,2016-09-28,4904,1,4911.0,Utils,AEP,0.5729,0.4977,1.1378,62.8753,20.2605,20.2605,33.3564,15.9416,12.442,0.2667,9.8777,9.9068,2.8672,4.9616,0.2661,-0.3539,"american electric power company, inc.",AEP,"1 Riverside Plaza
Columbus, OH 43215-2373
United States",Utilities,Utilities - Regulated Electric,"16,800","American Electric Power Company, Inc., an electric public utility holding company, engages in the generation, transmission, and distribution of electricity for sale to retail and wholesale customers in the United States. It operates through Vertically Integrated Utilities, Transmission and Distribution Utilities, AEP Transmission Holdco, and Generation & Marketing segments. The company generates electricity using coal and lignite, natural gas, renewable, nuclear, hydro, solar, wind, and other energy sources. It also supplies and markets electric power at wholesale to other electric utility companies, rural electric cooperatives, municipalities, and other market participants. American Electric Power Company, Inc. was incorporated in 1906 and is headquartered in Columbus, Ohio.",26.1,12.7,5.4,8.1,Moderate Controversy Level,2.0,54th percentile,Medium
Moody's Investors Service,"pepsico, inc.",A+,2016-10-03,77476,1,2080.0,NoDur,PEP,1.3102,0.7083,2.7668,54.4357,13.247,13.247,17.0785,11.8022,8.6463,0.9051,45.1828,-36.1242,7.8961,13.338,0.4356,0.4333,"pepsico, inc.",PEP,"700 Anderson Hill Road
Purchase, NY 10577
United States",Consumer Defensive,Beverages - Non-Alcoholic,"318,000","PepsiCo, Inc. engages in the manufacture, marketing, distribution, and sale of various beverages and convenient foods worldwide. The company operates through seven segments: Frito-Lay North America; Quaker Foods North America; PepsiCo Beverages North America; Latin America; Europe; Africa, Middle East and South Asia; and Asia Pacific, Australia and New Zealand and China Region. It provides dips, cheese-flavored snacks, and spreads, as well as corn, potato, and tortilla chips; cereals, rice, pasta, mixes and syrups, granola bars, grits, oatmeal, rice cakes, and side dishes; beverage concentrates, fountain syrups, and finished goods; ready-to-drink tea, coffee, and juices; dairy products; and sparkling water makers and related products, as well as distributes alcoholic beverages under Hard MTN Dew brand. The company offers its products primarily under the Lay's, Doritos, Fritos, Tostitos, BaiCaoWei, Cheetos, Cap'n Crunch, Life, Pearl Milling Company, Gatorade, Pepsi-Cola, Mountain Dew, Quaker, Rice-A-Roni, Aquafina, Bubly, Emperador, Diet Mountain Dew, Diet Pepsi, Gatorade Zero, Crush, Propel, Dr Pepper, Schweppes, Marias Gamesa, Ruffles, Sabritas, Saladitas, Tostitos, 7UP, Diet 7UP, H2oh!, Manzanita Sol, Mirinda, Pepsi Black, Pepsi Max, San Carlos, Toddy, Walkers, Chipsy, Kurkure, Sasko, Spekko, White Star, Smith's, Sting, SodaStream, Lubimyj Sad, Agusha, Chudo, Domik v Derevne, Lipton, and other brands. It serves wholesale and other distributors, foodservice customers, grocery stores, drug stores, convenience stores, discount/dollar stores, mass merchandisers, membership stores, hard discounters, e-commerce retailers and authorized independent bottlers, and others through a network of direct-store-delivery, customer warehouse, and distributor networks, as well as directly to consumers through e-commerce platforms and retailers. The company was founded in 1898 and is based in Purchase, New York.",22.1,7.3,5.2,9.6,Significant Controversy Level,3.0,36th percentile,Medium
Moody's Investors Service,xylem inc.,BBB,2016-10-04,1524472,1,3561.0,Manuf,XYL,2.2857,0.3597,0.6037,38.6364,11.8233,11.8233,15.4494,10.7508,8.6057,0.8103,15.8439,1531.818,6.9729,10.1445,0.5168,0.5266,xylem inc,XYL,"300 Water Street SE
Suite 200
Washington, DC 20003
United States",Industrials,Specialty Industrial Machinery,"23,000","Xylem Inc., together with its subsidiaries, engages in the design, manufacture, and servicing of engineered products and solutions worldwide. It operates through four segments: Water Infrastructure, Applied Water, Measurement & Control Solutions, and Integrated Solutions and Services. The Water Infrastructure segment offers products, including water, storm water, and wastewater pumps; controls and systems; filtration, disinfection, and biological treatment equipment; and mobile dewatering equipment and rental services under the ADI, Flygt, Godwin, Sanitaire, Magneto, Neptune Benson, Ionpure, Leopold, Wedeco, and Xylem Vue brands. The Applied Water segment provides pumps, valves, heat exchangers, controls, and dispensing equipment systems under the Goulds Water Technology, Bell & Gossett, A-C Fire Pump, Standard Xchange, Lowara, Jabsco, Xylem Vue, and Flojet brands. The Measurement & Control Solutions segment offers smart meters, networked communication devices, data analytics, test equipment, controls, sensor devices, software and managed services, and critical infrastructure services; and software and services, including cloud-based analytics, remote monitoring and data management, leak detection, condition assessment, asset management, and pressure monitoring solutions, as well as testing equipment. This segment sells its products under the Pure Technologies, Sensus, Smith Blair, WTW, Xylem Vue, and YSI brands. The Integrated Solutions and Services segment provides maintenance services, mobile services, digital outsourced solutions, wastewater systems, environmental remediation, odor and corrosion control, filtration, reverse osmosis, ion exchange, and deionization under Aquapro, WaterOne, and Ion Pure brands. Xylem Inc. was formerly known as ITT WCO, Inc. and changed its name to Xylem Inc. in May 2011. Xylem Inc. was incorporated in 2011 and is headquartered in Washington, District of Columbia.",18.1,4.3,5.2,8.7,Low Controversy Level,1.0,21st percentile,Low
DBRS,chevron corporation,AA-,2016-10-07,93410,1,2911.0,Enrgy,CVX,1.3228,0.1333,0.1781,37.6275,14.72,14.72,22.6424,14.72,9.0772,0.7968,12.3631,12.7376,7.2587,10.7147,-1.5337,-0.5277,chevron corporation,CVX,"6001 Bollinger Canyon Road
San Ramon, CA 94583-2324
United States",Energy,Oil & Gas Integrated,"45,600","Chevron Corporation, through its subsidiaries, engages in the integrated energy and chemicals operations in the United States and internationally. The company operates in two segments, Upstream and Downstream. The Upstream segment is involved in the exploration, development, production, and transportation of crude oil and natural gas; processing, liquefaction, transportation, and regasification of liquefied natural gas; transportation of crude oil through pipelines; transportation, storage, and marketing of natural gas; and carbon capture and storage, as well as a gas-to-liquids plant. The Downstream segment refines crude oil into petroleum products; markets crude oil, refined products, and lubricants; manufactures and markets renewable fuels, commodity petrochemicals, plastics for industrial uses, and fuel and lubricant additives; and transports crude oil and refined products by pipeline, marine vessel, motor equipment, and rail car. The company was formerly known as ChevronTexaco Corporation and changed its name to Chevron Corporation in 2005. Chevron Corporation was founded in 1879 and is headquartered in San Ramon, California.",36.6,17.0,10.4,9.2,Significant Controversy Level,3.0,87th percentile,High
Standard & Poor's Ratings Services,nvidia corp.,BBB-,2016-10-14,1045810,1,3674.0,BusEq,NVDA,6.3761,0.2404,0.3164,55.5105,16.211,16.211,21.5079,16.1256,13.4772,0.6502,14.2825,17.6356,8.7627,10.8494,0.0515,0.1033,nvidia corp,NVDA,"2788 San Tomas Expressway
Santa Clara, CA 95051
United States",Technology,Semiconductors,"29,600","NVIDIA Corporation provides graphics and compute and networking solutions in the United States, Taiwan, China, Hong Kong, and internationally. The Graphics segment offers GeForce GPUs for gaming and PCs, the GeForce NOW game streaming service and related infrastructure, and solutions for gaming platforms; Quadro/NVIDIA RTX GPUs for enterprise workstation graphics; virtual GPU or vGPU software for cloud-based visual and virtual computing; automotive platforms for infotainment systems; and Omniverse software for building and operating metaverse and 3D internet applications. The Compute & Networking segment comprises Data Center computing platforms and end-to-end networking platforms, including Quantum for InfiniBand and Spectrum for Ethernet; NVIDIA DRIVE automated-driving platform and automotive development agreements; Jetson robotics and other embedded platforms; NVIDIA AI Enterprise and other software; and DGX Cloud software and services. The company's products are used in gaming, professional visualization, data center, and automotive markets. It sells its products to original equipment manufacturers, original device manufacturers, system integrators and distributors, independent software vendors, cloud service providers, consumer internet companies, add-in board manufacturers, distributors, automotive manufacturers and tier-1 automotive suppliers, and other ecosystem participants. NVIDIA Corporation was incorporated in 1993 and is headquartered in Santa Clara, California.",13.6,2.3,6.3,4.9,Moderate Controversy Level,2.0,8th percentile,Low
Moody's Investors Service,csx corporation,BBB+,2016-10-14,277948,1,4011.0,Other,CSX,1.4549,0.474,0.9029,68.0891,30.3446,30.3446,40.5724,26.5685,16.6624,0.3399,16.8666,16.8666,5.6641,8.8717,0.0295,0.0055,csx corporation,CSX,"500 Water Street
15th Floor
Jacksonville, FL 32202
United States",Industrials,Railroads,"23,400","CSX Corporation, together with its subsidiaries, provides rail-based freight transportation services. The company offers rail services; and transportation of intermodal containers and trailers, as well as other transportation services, such as rail-to-truck transfers and bulk commodity operations. It also transports chemicals, agricultural and food products, minerals, automotive, forest products, fertilizers, and metals and equipment; and coal, coke, and iron ore to electricity-generating power plants, steel manufacturers, and industrial plants, as well as exports coal to deep-water port facilities. In addition, the company provides intermodal services through a network of approximately 30 terminals transporting manufactured consumer goods in containers; and drayage services, including the pickup and delivery of intermodal shipments. It serves the automotive industry with distribution centers and storage locations, as well as connects non-rail served customers through transferring products, such as plastics and ethanol from rail to trucks. The company operates approximately 20,000 route mile rail network, which serves various population centers in 26 states east of the Mississippi River, the District of Columbia, and the Canadian provinces of Ontario and Quebec, as well as owns and leases approximately 3,500 locomotives. It serves production and distribution facilities through track connections. CSX Corporation was incorporated in 1978 and is headquartered in Jacksonville, Florida.",21.9,7.0,4.8,10.0,Moderate Controversy Level,2.0,36th percentile,Medium
Standard & Poor's Ratings Services,diamondback energy inc,BB-,2016-10-20,1539838,0,1311.0,Enrgy,FANG,0.7689,0.1879,0.2313,80.1412,-165.7072,-165.7072,-116.3941,-167.684,-123.2566,0.1624,-25.9743,-25.9743,-19.9144,-21.095,-0.0777,3.6077,"diamondback energy, inc.",FANG,"500 West Texas Avenue
Suite 100
Midland, TX 79701
United States",Energy,Oil & Gas E&P,"1,023","Diamondback Energy, Inc., an independent oil and natural gas company, acquires, develops, explores, and exploits unconventional, onshore oil and natural gas reserves in the Permian Basin in West Texas. It focuses on the development of the Spraberry and Wolfcamp formations of the Midland basin; and the Wolfcamp and Bone Spring formations of the Delaware basin, which are part of the Permian Basin in West Texas and New Mexico. The company also owns and operates midstream infrastructure assets, in the Midland and Delaware Basins of the Permian Basin. Diamondback Energy, Inc. was founded in 2007 and is headquartered in Midland, Texas.",,,,,,,,
Standard & Poor's Ratings Services,netflix inc,B+,2016-10-24,1065280,0,7841.0,Other,NFLX,1.5389,0.5161,1.0665,32.2742,4.511,4.511,56.8311,2.0929,1.809,0.6645,5.5159,5.5159,1.202,2.6691,-1.7553,-1.8029,netflix inc,NFLX,"121 Albright Way
Los Gatos, CA 95032
United States",Communication Services,Entertainment,"13,000","Netflix, Inc. provides entertainment services. It offers TV series, documentaries, feature films, and games across various genres and languages. The company also provides members the ability to receive streaming content through a host of internet-connected devices, including TVs, digital video players, TV set-top boxes, and mobile devices. It has operations in approximately 190 countries. The company was incorporated in 1997 and is headquartered in Los Gatos, California.",16.4,0.1,9.0,7.3,Moderate Controversy Level,2.0,15th percentile,Low
Moody's Investors Service,dte energy company,BBB+,2016-10-25,936340,1,4931.0,Utils,DTE,1.0186,0.499,1.1065,46.1933,11.9861,11.9861,20.6733,9.1903,7.033,0.3607,8.1865,10.7656,2.512,4.1014,0.2802,0.3173,dte energy company,DTE,"One Energy Plaza
Detroit, MI 48226-1279
United States",Utilities,Utilities - Regulated Electric,"9,608","DTE Energy Company engages in the utility operations. The company's Electric segment generates, purchases, distributes, and sells electricity to various residential, commercial, and industrial customers in southeastern Michigan. It generates electricity through coal-fired plants, hydroelectric pumped storage, and nuclear plants, as well as wind and solar assets. This segment owns and operates distribution substations and line transformers. The company's Gas segment purchases, stores, transports, distributes, and sells natural gas to various residential, commercial, and industrial customers throughout Michigan; and sells storage and transportation capacity. Its DTE Vantage segment offers metallurgical and petroleum coke to steel and other industries; and power generation, steam production, chilled water production, and wastewater treatment services, as well as air supplies compressed air to industrial customers. Its Energy Trading segment engages in power, natural gas, and environmental marketing and trading; structured transactions; and the optimization of contracted natural gas pipeline transportation and storage positions. The company was founded in 1849 and is based in Detroit, Michigan.",29.8,15.0,4.7,10.0,Moderate Controversy Level,2.0,68th percentile,Medium
Moody's Investors Service,centene corporation,BB,2016-10-26,1071739,0,6324.0,Money,CNC,1.0176,0.334,0.5043,11.4976,2.8019,2.8019,3.3394,2.7597,1.6365,2.8434,14.9742,30.0345,4.4815,9.9733,3.3827,3.2571,centene corporation,CNC,"Centene Plaza
7700 Forsyth Boulevard
Saint Louis, MO 63105
United States",Healthcare,Healthcare Plans,"59,900","Centene Corporation operates as a healthcare enterprise that provides programs and services to under-insured and uninsured families, commercial organizations, and military families in the United States. The company operates through Medicaid, Medicare, Commercial, and Other segments. The Medicaid segment offers health plan coverage, including medicaid expansion, aged, blind, disabled, children's health insurance program, foster care, medicare-medicaid plans, long-term services and support. This segment also provides healthcare products. The Medicare segment offers special needs and medicare supplement, and prescription drug plans. The Commercial segment provides health insurance marketplace product for individual, small, and large group commercials. It also operates clinical healthcare and pharmacies, as well as offers dental services. In addition, the company engages in the government contracts business under the TRICARE program and other healthcare related government contracts. It provides services through primary and specialty care physicians, hospitals, and ancillary providers. Centene Corporation was founded in 1984 and is headquartered in Saint Louis, Missouri.",19.9,0.1,6.5,13.3,Moderate Controversy Level,2.0,28th percentile,Low
Standard & Poor's Ratings Services,live nation entertainment inc.,B+,2016-10-26,1335258,0,7900.0,Other,LYV,1.089,0.5806,1.4134,28.2823,1.8131,1.8131,7.4457,0.0877,-0.9066,1.177,-1.0898,1.2088,-0.2561,-0.4571,0.0627,0.0556,live nation entertainment inc.,LYV,"9348 Civic Center Drive
Beverly Hills, CA 90210
United States",Communication Services,Entertainment,"14,700","Live Nation Entertainment, Inc. operates as a live entertainment company worldwide. It operates through Concerts, Ticketing, and Sponsorship & Advertising segments. The Concerts segment promotes live music events in its owned or operated venues, and in rented third-party venues. This segment operates and manages music venues; produces music festivals; creates and streams associated content; and offers management and other services to artists. The Ticketing segment manages the ticketing operations, including the provision of ticketing software and services to clients and consumers with marketplace for tickets and event information through mobile apps, other websites, retail outlets, and its primary websites, such as livenation.com and ticketmaster.com; and provides ticket resale services. This segment sells tickets for its events and third-party clients in various live event categories. This segment offers ticketing services for arenas, stadiums, amphitheaters, music clubs, concert promoters, professional sports franchises and leagues, college sports teams, performing arts venues, museums, and theaters. The Sponsorship & Advertising segment sells international, national, and local sponsorships and placement of advertising, including signage, online, and promotional programs; rich media offering that comprises advertising related with live streaming and music-related content; and ads across its distribution network of venues, events, and websites. This segment also manages the development of strategic sponsorship programs, as well as develops, books, and produces custom events or programs for specific brands. It owns, operates, or leases entertainment venues. The company was formerly known as Live Nation, Inc. and changed its name to Live Nation Entertainment, Inc. in January 2010. Live Nation Entertainment, Inc. was incorporated in 2005 and is headquartered in Beverly Hills, California.",,,,,,,,
Standard & Poor's Ratings Services,lam research corp.,BBB,2016-10-27,707549,1,3559.0,Manuf,LRCX,3.8102,0.3563,0.7089,44.4949,18.2514,18.2514,24.394,16.3122,15.5295,0.4799,14.9793,22.0207,7.4529,9.6417,3.2727,3.8466,lam research corp,LRCX,"4650 Cushing Parkway
Fremont, CA 94538
United States",Technology,Semiconductor Equipment & Materials,"17,200","Lam Research Corporation designs, manufactures, markets, refurbishes, and services semiconductor processing equipment used in the fabrication of integrated circuits. The company offers ALTUS systems to deposit conformal films for tungsten metallization applications; SABRE electrochemical deposition products for copper interconnect transition that offers copper damascene manufacturing; SOLA ultraviolet thermal processing products for film treatments; and VECTOR plasma-enhanced CVD ALD products. It also provides SPEED gapfill high-density plasma chemical vapor deposition products; and Striker single-wafer atomic layer deposition products for dielectric film solutions. In addition, the company offers Flex for dielectric etch applications; Kiyo for conductor etch applications; Syndion for through-silicon via etch applications; and Versys metal products for metal etch processes. Further, it provides Coronus bevel clean products to enhance die yield; Da Vinci, DV-Prime, EOS, and SP series products to address various wafer cleaning applications; and Metryx mass metrology systems for high precision in-line mass measurement in semiconductor wafer manufacturing. The company sells its products and services to semiconductors industry in the United States, China, Europe, Japan, Korea, Southeast Asia, Taiwan, and internationally. The company was incorporated in 1980 and is headquartered in Fremont, California.",13.6,4.5,5.1,4.0,Low Controversy Level,1.0,8th percentile,Low
Standard & Poor's Ratings Services,nxp semiconductors n.v.,BB+,2016-10-28,1413447,0,3674.0,BusEq,NXPI,1.9924,0.8309,4.9388,46.7505,18.5762,18.5762,25.7482,11.3157,9.5449,0.8244,75.7803,-32.0655,8.8613,12.814,2.4115,1.9236,nxp semiconductors n.v.,NXPI,"60 High Tech Campus
Eindhoven, 5656 AG
Netherlands",Technology,Semiconductors,"34,200","NXP Semiconductors N.V. offers various semiconductor products. The company's product portfolio includes microcontrollers; application processors, including i.MX application processors, and i.MX 8 and 9 family of applications processors; communication processors; wireless connectivity solutions, such as near field communications, ultra-wideband, Bluetooth low-energy, Zigbee, and Wi-Fi and Wi-Fi/Bluetooth integrated SoCs; analog and interface devices; radio frequency power amplifiers; and security controllers, as well as semiconductor-based environmental and inertial sensors, including pressure, inertial, magnetic, and gyroscopic sensors. Its products are used in various applications, including automotive, industrial and Internet of Things, mobile, and communication infrastructure. The company markets its products to various original equipment manufacturers, contract manufacturers, and distributors. It operates in China, the Netherlands, the United States, Singapore, Germany, Japan, South Korea, Taiwan, and internationally. N.V. was incorporated in 2006 and is headquartered in Eindhoven, the Netherlands.",19.8,8.6,5.8,5.4,Low Controversy Level,1.0,27th percentile,Low
Fitch Ratings,"ppg industries, inc.",A-,2016-10-28,79879,1,2851.0,Chems,PPG,1.4296,0.4427,0.8497,45.3269,12.8011,12.8011,15.9329,12.2534,9.8729,0.834,26.2774,-171.2082,7.8004,14.6454,1.4612,1.9067,"ppg industries, inc.",PPG,"One PPG Place
Pittsburgh, PA 15272
United States",Basic Materials,Specialty Chemicals,"50,000","PPG Industries, Inc. manufactures and distributes paints, coatings, and specialty materials in the United States, Canada, the Asia Pacific, Latin America, Europe, the Middle East, and Africa. It operates through two segments, Performance Coatings and Industrial Coatings. The Performance Coatings segment offers coatings, solvents, adhesives, sealants, sundries, and software for automotive and commercial transport/fleet repair and refurbishing, light industrial coatings, and specialty coatings for signs; wood stains; paints, thermoplastics, pavement marking products, and other advanced technologies for pavement marking for government, commercial infrastructure, painting, and maintenance contractors; and coatings, sealants, transparencies, transparent armor, adhesives, engineered materials, and packaging and chemical management services for commercial, military, regional jet, and general aviation aircraft. The Industrial Coatings segment offers coatings, adhesives and sealants, and metal pretreatments, as well as services and coatings applications for appliances, agricultural and construction equipment, consumer electronics, automotive parts and accessories, building products, kitchenware, and transportation vehicles and other finished products; and on-site coatings services. It also provides coatings for metal cans, closures, plastic and aluminum tubes for food, beverage and personal care, promotional, and specialty packaging; amorphous precipitated silica for tire, battery separator, and other end-uses; TESLIN substrates for labels, e-passports, drivers' licenses, breathable membranes, and loyalty and identification cards; and organic light emitting diode materials, displays and lighting lens materials, optical lenses, color-change products, and photochromic dyes. PPG Industries, Inc. was incorporated in 1883 and is headquartered in Pittsburgh, Pennsylvania.",25.2,11.0,6.5,7.7,Moderate Controversy Level,2.0,50th percentile,Medium
Standard & Poor's Ratings Services,phillips 66,BBB+,2016-10-31,1534701,1,2911.0,Enrgy,PSX,1.5046,0.2612,0.3918,15.7954,2.2157,2.2157,2.8478,3.5636,2.9539,3.3109,18.5642,22.9021,8.4018,13.7144,-3.5619,-7.2897,phillips 66,PSX,"2331 CityWest Boulevard
Houston, TX 77042
United States",Energy,Oil & Gas Refining & Marketing,"14,000","Phillips 66 operates as an energy manufacturing and logistics company in the United States, the United Kingdom, Germany, and internationally. It operates through four segments: Midstream, Chemicals, Refining, and Marketing and Specialties (M&S). The Midstream segment transports crude oil and other feedstocks; delivers refined petroleum products to market; provides terminaling and storage services for crude oil and refined petroleum products; transports, stores, fractionates, exports, and markets natural gas liquids; provides other fee-based processing services; and gathers, processes, transports, and markets natural gas. The Chemicals segment produces and markets ethylene and other olefin products; aromatics and styrenics products, such as benzene, cyclohexane, styrene, and polystyrene; and various specialty chemical products, including organosulfur chemicals, solvents, catalysts, and chemicals used in drilling and mining. The Refining segment refines crude oil and other feedstocks into petroleum products, such as gasolines, distillates, aviation, and renewable. The M&S segment purchases for resale and markets refined petroleum products, including gasolines, distillates, and aviation fuels. This segment also manufactures and markets specialty products, such as base oils and lubricants. Phillips 66 was founded in 1875 and is headquartered in Houston, Texas.",35.4,20.8,5.8,8.8,Significant Controversy Level,3.0,84th percentile,High
Moody's Investors Service,southwest airlines co.,BBB+,2016-11-02,92380,1,4512.0,Other,LUV,0.5433,0.3095,0.5348,37.3966,20.7669,20.7669,25.888,17.553,11.004,0.93,29.6412,34.1421,10.2337,20.4673,0.6706,0.1312,southwest airlines co.,LUV,"P.O. Box 36611
Dallas, TX 75235-1611
United States",Industrials,Airlines,"74,695","Southwest Airlines Co. operates as a passenger airline company that provides scheduled air transportation services in the United States and near-international markets. As of December 31, 2023, the company operated a total fleet of 817 Boeing 737 aircraft; and served 121 destinations in 42 states, the District of Columbia, and the Commonwealth of Puerto Rico, as well as ten near-international countries, including Mexico, Jamaica, the Bahamas, Aruba, the Dominican Republic, Costa Rica, Belize, Cuba, the Cayman Islands, and Turks and Caicos. It also provides inflight entertainment and connectivity services on Wi-Fi enabled aircraft; and Rapid Rewards loyalty program that enables program members to earn points for dollars spent on Southwest base fares. In addition, the company offers a suite of digital platforms to support customers' travel needs, including websites and apps; and SWABIZ, an online booking tool. Further, it provides ancillary services, such as Southwest's EarlyBird Check-In, upgraded boarding, and transportation of pets and unaccompanied minors. Southwest Airlines Co. was incorporated in 1967 and is headquartered in Dallas, Texas.",30.7,11.0,5.9,13.7,Moderate Controversy Level,2.0,71st percentile,High
Moody's Investors Service,public service enterprise group incorporated,BBB,2016-11-02,788784,1,4931.0,Utils,PEG,0.9773,0.4034,0.7601,68.6894,28.4398,28.4398,43.1397,25.7321,16.121,0.2775,12.8492,12.9663,4.4732,7.6663,1.4941,-0.5591,public service enterprise group incorporated,PEG,"80 Park Plaza
Newark, NJ 07102
United States",Utilities,Utilities - Regulated Electric,"12,543","Public Service Enterprise Group Incorporated, through its subsidiaries, operates in electric and gas utility business in the United States. It operates through PSE&G and PSEG Power segments. The PSE&G segment transmits electricity; distributes electricity and natural gas to residential, commercial, and industrial customers; and appliance services and repairs to customers through its service territory, as well as invests in solar generation projects, and energy efficiency and related programs. The PSEG Power segment engages in nuclear generation businesses; and supplies power and natural gas to nuclear power plants and gas storage facilities activities. As of December 31, 2023, it had electric transmission and distribution system of 25,000 circuit miles and 866,600 poles; 56 switching stations with an installed capacity of 39,953 megavolt-amperes (MVA), and 235 substations with an installed capacity of 10,382 MVA; 109 MVA aggregate installed capacity for substations; four electric distribution headquarters and five electric sub-headquarters; 18,000 miles of gas mains, 12 gas distribution headquarters, two sub-headquarters, and one meter shop, as well as 56 natural gas metering and regulating stations; and 158 MegaWatts defined conditions of installed PV solar capacity. Public Service Enterprise Group Incorporated was founded in 1903 and is based in Newark, New Jersey.",27.2,12.5,5.5,9.3,Moderate Controversy Level,2.0,58th percentile,Medium
Moody's Investors Service,dover corporation,A-,2016-11-02,29905,1,3585.0,Manuf,DOV,1.7693,0.4167,0.7559,36.9182,13.2364,13.2364,17.9384,11.5091,12.5042,0.8083,16.3498,-39.5662,6.924,9.5368,0.335,0.3558,dover corporation,DOV,"3005 Highland Parkway
Downers Grove, IL 60515
United States",Industrials,Specialty Industrial Machinery,"25,000","Dover Corporation provides equipment and components, consumable supplies, aftermarket parts, software and digital solutions, and support services worldwide. The company's Engineered Products segment provides various equipment, component, software, solution, and services that are used in vehicle aftermarket, waste handling, industrial automation, aerospace and defense, industrial winch and hoist, and fluid dispensing end-market. This segment offers manual and power clamp, rotary and linear mechanical indexer, conveyor, pick and place unit, glove port, and manipulator, as well as end-of-arm robotic gripper, slide, and end effector; winches, hoists, bearings, drives, and electric monitoring system; and radio frequency and microwave filters and switches, and signal intelligence solutions. Its Clean Energy & Fueling segment offers component, equipment, and software and service solution enabling safe storage and transport of fuel, cryogenic gases, and hazardous fluids, as well as operation of retail fueling and vehicle wash establishment. The company's Imaging & Identification segment provides precision marking and coding, product traceability equipment, brand protection, and digital textile printing equipment and solution, as well as related consumable, software, and service to packaged and consumer goods, pharmaceutical, manufacturing, fashion and apparel, and other end-market. Its Pumps & Process Solutions segment manufactures specialty pump, connector, flow meter, fluid connecting solution, plastics and polymer processing equipment, and engineered components for rotating and reciprocating machines. The company's Climate & Sustainability Technologies segment manufactures refrigeration system, refrigeration display case, commercial glass refrigerator and freezer door, and brazed plate heat exchanger for industrial heating and cooling, and residential climate control applications. The company was incorporated in 1947 and is headquartered in Downers Grove, Illinois.",25.9,8.0,5.4,12.5,Low Controversy Level,1.0,53rd percentile,Medium
Moody's Investors Service,occidental petroleum corporation,A-,2016-11-04,797468,1,1311.0,Enrgy,OXY,1.3742,0.2197,0.3411,53.4936,-77.5962,-75.4728,-39.0625,-77.5962,-62.7324,0.2875,-33.4538,-33.4538,-18.7657,-26.1048,-9.7928,-5.2463,occidental petroleum corporation,OXY,"5 Greenway Plaza
Suite 110
Houston, TX 77046-0521
United States",Energy,Oil & Gas E&P,"12,570","Occidental Petroleum Corporation, together with its subsidiaries, engages in the acquisition, exploration, and development of oil and gas properties in the United States, the Middle East, and North Africa. It operates through three segments: Oil and Gas, Chemical, and Midstream and Marketing. The company's Oil and Gas segment explores for, develops, and produces oil and condensate, natural gas liquids (NGLs), and natural gas. Its Chemical segment manufactures and markets basic chemicals, including chlorine, caustic soda, chlorinated organics, potassium chemicals, ethylene dichloride, chlorinated isocyanurates, sodium silicates, and calcium chloride; and vinyls comprising vinyl chloride monomer, polyvinyl chloride, and ethylene. The Midstream and Marketing segment gathers, processes, transports, stores, purchases, and markets oil, condensate, NGLs, natural gas, carbon dioxide, and power. This segment also invests in entities. Occidental Petroleum Corporation was founded in 1920 and is headquartered in Houston, Texas.",41.7,25.0,7.0,9.7,Moderate Controversy Level,2.0,93rd percentile,Severe
Moody's Investors Service,"stanley black & decker, inc.",BBB,2016-11-07,93556,1,3540.0,Manuf,SWK,1.3944,0.3709,0.5908,36.1835,11.0102,11.0102,14.9772,9.5673,6.7107,0.7154,13.1636,-24.3848,5.4085,8.2808,2.6459,3.0387,"stanley black & decker, inc.",SWK,"1000 Stanley Drive
New Britain, CT 06053
United States",Industrials,Tools & Accessories,"50,000","Stanley Black & Decker, Inc. provides hand tools, power tools, outdoor products, and related accessories in the United States, Canada, Other Americas, Europe, and Asia. Its Tools & Outdoor segment offers professional grade corded and cordless electric power tools and equipment, including drills, impact wrenches and drivers, grinders, saws, routers, and sanders; pneumatic tools and fasteners, such as nail guns, nails, staplers and staples, and concrete and masonry anchors; corded and cordless electric power tools; hand-held vacuums, paint tools, and cleaning appliances; leveling and layout tools, planes, hammers, demolition tools, clamps, vises, knives, saws, chisels, and industrial and automotive tools; drill, screwdriver, router bits, abrasives, saw blades, and threading products; tool boxes, sawhorses, medical cabinets, and engineered storage solutions; and electric and gas-powered lawn and garden products. This segment sells its products under the DEWALT, CRAFTSMAN, CUB ADET, BLACK+DECKER, and HUSTLER brands through retailers, third-party distributors, independent dealers, and a direct sales force. The company's Industrial segment provides threaded fasteners, blind rivets and tools, blind inserts and tools, drawn arc weld studs and systems, engineered plastic and mechanical fasteners, self-piercing riveting systems, precision nut running systems, micro fasteners, high-strength structural fasteners, axel swage, latches, heat shields, pins, couplings, fitting, and other engineered products; and attachments used on excavators and handheld tools. This segment sells its products through direct sales force and third-party distributors to the automotive, manufacturing, electronics, construction, aerospace, and other industries. The company was formerly known as The Stanley Works and changed its name to Stanley Black & Decker, Inc. in March 2010. Stanley Black & Decker, Inc. was founded in 1843 and is headquartered in New Britain, Connecticut.",25.3,5.0,7.8,12.5,Moderate Controversy Level,2.0,50th percentile,Medium
Standard & Poor's Ratings Services,"qorvo, inc.",BB+,2016-11-08,1604778,0,3674.0,BusEq,QRVO,4.0375,0.165,0.1976,40.2016,0.4584,0.4584,26.3114,-0.1096,-1.1049,0.3958,-0.5769,-2.7433,-0.4373,-0.4817,1.5679,1.1665,"qorvo, inc.",QRVO,"7628 Thorndike Road
Greensboro, NC 27409-9421
United States",Technology,Semiconductors,"8,700","Qorvo, Inc. engages in development and commercialization of technologies and products for wireless, wired, and power markets worldwide. It operates through three segments: High Performance Analog (HPA), Connectivity and Sensors Group (CSG), and Advanced Cellular Group (ACG). The HPA segment supplies radio frequency and power management solutions for defense and aerospace, and 5G and 6G infrastructure markets. The CSG segment supplies connectivity and sensor solutions featuring various technologies, such as UWB, Matter, Bluetooth Low Energy, Zigbee, Thread, Wi-Fi, cellular IoT, and MEMS-based sensors. It serves smart home, industrial automation, automotive, smartphones, wearables, gaming, and industrial and enterprise access points markets. The ACG segment supplies cellular RF solutions for smartphones, wearables, laptops, tablets, and various other devices. It also offers foundry services for defense primes and other defense and aerospace customers. The company sells its products directly to original equipment manufacturers and original design manufacturers, as well as through a network of sales representative firms and distributors. Qorvo, Inc. was founded in 1957 and is headquartered in Greensboro, North Carolina.",28.5,12.3,7.7,8.5,None Controversy Level,,63rd percentile,Medium
Standard & Poor's Ratings Services,comcast corp.,A,2016-11-09,1166691,1,4841.0,Telcm,CMCSA,0.6768,0.4758,0.9749,41.1153,21.4709,21.4709,33.1204,17.9466,10.9556,0.4473,15.586,-15.2197,5.0506,8.1702,0.6361,0.3371,comcast corp,CMCSA,"One Comcast Center
1701 JFK Boulevard
Philadelphia, PA 19103-2838
United States",Communication Services,Telecom Services,"186,000","Comcast Corporation operates as a media and technology company worldwide. It operates through Residential Connectivity & Platforms, Business Services Connectivity, Media, Studios, and Theme Parks segments. The Residential Connectivity & Platforms segment provides residential broadband and wireless connectivity services, residential and business video services, sky-branded entertainment television networks, and advertising. The Business Services Connectivity segment offers connectivity services for small business locations, which include broadband, wireline voice, and wireless services, as well as solutions for medium-sized customers and larger enterprises; and small business connectivity services in the United Kingdom. The Media segment operates NBCUniversal's television and streaming business, including national and regional cable networks; the NBC and Telemundo broadcast networks and owned local broadcast television stations; and Peacock, a direct-to-consumer streaming services. It also operates international television networks comprising the Sky Sports networks, as well as other digital properties. The Studios segment operates NBCUniversal and Sky film and television studio production and distribution operations. The Theme Parks segment operates Universal theme parks in Orlando, Florida; Hollywood, California; Osaka, Japan; and Beijing, China. The company also offers a consolidated streaming platforms under the Philadelphia Flyers and the Wells Fargo Center arena in Philadelphia, Pennsylvania; and Xumo. Comcast Corporation was founded in 1963 and is headquartered in Philadelphia, Pennsylvania.",23.1,4.0,8.2,10.9,Moderate Controversy Level,2.0,41st percentile,Medium
Moody's Investors Service,"tyson foods, inc.",BBB,2016-11-14,100493,1,2011.0,NoDur,TSN,1.7697,0.3918,0.6524,12.7356,7.6815,7.6815,9.593,7.0443,4.7938,1.6485,18.4123,-83.2316,7.9203,11.1982,0.7413,1.0271,"tyson foods, inc.",TSN,"2200 West Don Tyson Parkway
Springdale, AR 72762-6999
United States",Consumer Defensive,Farm Products,"139,000","Tyson Foods, Inc., together with its subsidiaries, operates as a food company worldwide. It operates through four segments: Beef, Pork, Chicken, and Prepared Foods. The company processes live fed cattle and hogs; fabricates dressed beef and pork carcasses into primal and sub-primal meat cuts, as well as case ready beef and pork, and fully cooked meats; raises and processes chickens into fresh, frozen, and value-added chicken products, including breaded chicken strips, nuggets, patties, and other ready-to-fix or fully cooked chicken parts; and supplies poultry breeding stock. It also manufactures and markets frozen and refrigerated food products, including ready-to-eat sandwiches, flame-grilled hamburgers, Philly steaks, pepperoni, bacon, breakfast sausage, turkey, lunchmeat, hot dogs, flour and corn tortilla products, appetizers, snacks, prepared meals, ethnic foods, side dishes, meat dishes, breadsticks, and processed meats under the Tyson, Jimmy Dean, Hillshire Farm, Ball Park, Wright, Aidells, ibp, and State Fair brands. The company sells its products through its sales staff to grocery retailers, grocery wholesalers, meat distributors, warehouse club stores, military commissaries, industrial food processing companies, chain restaurants or their distributors, live markets, international export companies, and domestic distributors who serve restaurants and food service operations, such as plant and school cafeterias, convenience stores, hospitals, and other vendors, as well as through independent brokers and trading companies. The company was founded in 1935 and is headquartered in Springdale, Arkansas.",35.9,14.0,9.5,12.4,High Controversy Level,4.0,85th percentile,High
Standard & Poor's Ratings Services,caterpillar inc.,AA,2016-11-21,18230,1,3531.0,Manuf,CAT,1.2769,0.6284,2.5538,28.6422,8.0513,9.3,15.7793,7.3153,5.3434,0.6001,16.95,46.3021,3.2205,6.299,-1.6704,-1.8943,caterpillar inc.,CAT,"5205 North O'Connor Boulevard
Suite 100
Irving, TX 75039
United States",Industrials,Farm & Heavy Construction Machinery,"113,200","Caterpillar Inc. manufactures and sells construction and mining equipment, off-highway diesel and natural gas engines, industrial gas turbines, and diesel-electric locomotives in worldwide. Its Construction Industries segment offers asphalt pavers, compactors, road reclaimers, forestry machines, cold planers, material handlers, track-type tractors, excavators, telehandlers, motor graders, and pipelayers; compact track, wheel, track-type, backhoe, and skid steer loaders; and related parts and tools. The company's Resource Industries segment provides electric rope and hydraulic shovels, draglines, rotary drills, hard rock vehicles, tractors, mining trucks, wheel loaders, off-highway and articulated trucks, wheel tractor scrapers and dozers, fleet management products, landfill and soil compactors, machinery components, autonomous ready vehicles and solutions, work tools, and safety services and mining performance solutions, as well as related parts and services. Its Energy & Transportation segment offers reciprocating engine powered generator sets; reciprocating engines, drivetrain, and integrated systems and solutions; turbines, centrifugal gas compressors, and related services; and diesel-electric locomotives and components, and other rail-related products. The company's Financial Products segment provides operating and finance leases, installment sale contracts, revolving charge accounts, repair/rebuild financing services, working capital loans, and wholesale financing; and insurance and risk management products and services. Its All Other Operating segment offers filters and fluids, undercarriage, ground engaging tools, fluid transfer products, precision seals, and rubber sealing and connecting components; parts distribution; logistics solutions and distribution services; brand management and marketing strategy services; and digital investments services. Caterpillar Inc. was founded in 1925 and is headquartered in Irving, Texas.",36.2,10.4,8.1,17.7,High Controversy Level,4.0,86th percentile,High
Standard & Poor's Ratings Services,nike inc.,AAA,2016-12-01,320187,1,3021.0,Manuf,NKE,2.8042,0.1398,0.1663,46.241,13.9054,13.9054,15.9501,14.2791,11.6135,1.5144,30.6739,31.7407,17.5874,26.3841,-0.6953,-0.8027,"nike, inc.",NKE,"One Bowerman Drive
Beaverton, OR 97005-6453
United States",Consumer Cyclical,Footwear & Accessories,"83,700","NIKE, Inc., together with its subsidiaries, designs, develops, markets, and sells athletic footwear, apparel, equipment, accessories, and services worldwide. The company provides athletic and casual footwear, apparel, and accessories under the Jumpman trademark; and casual sneakers, apparel, and accessories under the Converse, Chuck Taylor, All Star, One Star, Star Chevron, and Jack Purcell trademarks. It also sells a line of performance equipment and accessories comprising bags, sport balls, socks, eyewear, timepieces, digital devices, bats, gloves, protective equipment, and other equipment for sports activities under the NIKE brand; and various plastic products to other manufacturers. In addition, the company markets apparel with licensed college and professional team, and league logos, as well as sells sports apparel; and licenses unaffiliated parties to manufacture and sell apparel, digital devices, and applications and other equipment for sports activities under NIKE-owned trademarks. It sells its products to footwear stores; sporting goods stores; athletic specialty stores; department stores; skate, tennis, and golf shops; and other retail accounts through NIKE-owned retail stores, digital platforms, independent distributors, licensees, and sales representatives. NIKE, Inc. was founded in 1964 and is headquartered in Beaverton, Oregon.",19.6,3.0,6.7,10.0,Significant Controversy Level,3.0,27th percentile,Low
Standard & Poor's Ratings Services,teleflex incorporated,BB,2016-12-02,96943,0,3841.0,Hlth,TFX,1.5115,0.2419,0.5267,52.1859,17.4555,17.4555,24.3813,13.5187,13.5307,0.4674,11.7751,-48.8532,6.1163,8.9262,0.0684,0.2438,teleflex incorporated,TFX,"550 East Swedesford Road
Suite 400
Wayne, PA 19087-1603
United States",Healthcare,Medical Instruments & Supplies,"14,500","Teleflex Incorporated designs, develops, manufactures, and supplies single-use medical devices for common diagnostic and therapeutic procedures in critical care and surgical applications worldwide. The company provides vascular access products that comprise Arrow branded catheters, catheter navigation and tip positioning systems, and intraosseous access systems for the administration of intravenous therapies, the measurement of blood pressure, and the withdrawal of blood samples through a single puncture site. It also offers interventional products, which consists of various coronary catheters, structural heart support devices, and peripheral intervention and mechanical circulatory support platform that are used by interventional cardiologists and radiologists, and vascular surgeons; and Arrow branded pumps and catheters, Guideline, Turnpike, and Trapliner catheters, the Manta Vascular Closure, and Arrow Oncontrol devices. The company provides anesthesia products, such as airway and pain management products to support hospital, emergency medicine, and military channels; and surgical products, including metal and polymer ligation clips, and fascial closure surgical systems that are used in laparoscopic surgical procedures, percutaneous surgical systems, and other surgical instruments. It also offers interventional urology products comprising the UroLift System, an invasive technology for treating lower urinary tract symptoms due to benign prostatic hyperplasia; respiratory products, including oxygen and aerosol therapies, spirometry, and ventilation management products for use in various care settings; urology products, such as catheters, urine collectors, and catheterization accessories and products for operative endourology; and bladder management services. The company serves hospitals and healthcare providers, medical device manufacturers, and home care markets. Teleflex Incorporated was incorporated in 1943 and is headquartered in Wayne, Pennsylvania.",29.6,4.8,8.7,16.1,Moderate Controversy Level,2.0,67th percentile,Medium
